branch,target_year,contest_id,seat_name,slate_size,movement_status,constructed_TV_fraction,observed_TV_fraction,G_pp,J_pp,R_broad_count,R_strict_count,constructed_party_input_MAE_pp,constructed_National_party_error_pp,constructed_Labour_party_error_pp,baseline_MAE_pp,baseline_plus_S_MAE_pp,baseline_plus_R_MAE_pp,baseline_plus_S_plus_R_MAE_pp
primary,2014,nz-general-2014-electorate-06,Clutha-Southland,8,available,0.046750819312512897,0.05126738978732414,-1.0878171773509953,0.48755649379826904,2,2,0.36407255409339573,-1.6094770734023767,-0.06925253336138304,1.5318642321168707,2.647578728727805,1.5597615513768097,2.160022234929536
primary,2014,nz-general-2014-electorate-09,Dunedin South,8,available,0.047153589167380425,0.045266534360518536,-0.0390713800852347,0.8826884797868455,3,3,0.2787140584425861,0.06359228958991436,-1.3002895759934574,3.6398371892028525,2.302253612214182,2.263182232128947,1.4195651324273364
primary,2014,nz-general-2014-electorate-18,Ilam,7,available,0.0398504206576814,0.03570245889990687,-1.402134119854474,0.24765933737862555,2,2,0.14167530661915942,0.0637360346673499,-0.2008054795033798,1.448283454631983,2.975073573368701,1.5729394535142271,2.7274142359900755
primary,2014,nz-general-2014-electorate-19,Invercargill,6,available,0.04830115814368205,0.07263565291286056,-0.08801217606520484,0.05531571834571514,3,3,0.43867469957545585,-0.0557441936606895,1.1115757538913473,1.44940456218449,1.916709802795306,1.8286976267301012,1.8613940844495909
primary,2014,nz-general-2014-electorate-20,Kaikōura,9,available,0.05378837860226482,0.0644728654398249,0.8008914259485569,0.24480377660141595,3,3,0.5805574119426132,-2.6373842677849924,0.7010673610562623,2.118811323636065,1.5445160685004078,2.3454074944489647,1.2997122918989918
primary,2014,nz-general-2014-electorate-22,Mana,6,available,0.04430555171799389,0.04630359731036302,-0.26869960636715273,0.49561299070391485,4,3,0.16889622136089005,-0.3941905600136131,0.49777469925584295,5.6931638053445335,5.2265882708259825,4.95788866445883,4.730975280122068
primary,2014,nz-general-2014-electorate-23,Māngere,5,available,0.052148271225150984,0.05645549540956249,-1.2218752927489553,0.3110896293355647,0,0,0.2203355372052978,-0.8803023506730956,0.40629301650481064,1.1139573889370848,2.310084611506887,1.0882093187579318,1.9989949821713224
primary,2014,nz-general-2014-electorate-25,Manurewa,7,available,0.056294856858918114,0.05580176590629376,0.0709589588773043,0.7465442928119037,2,2,0.2304841717736613,-1.3232500350933374,0.26020270721200944,1.277142902424542,1.4762808721526068,1.5472398310299111,0.7297365793407031
primary,2014,nz-general-2014-electorate-30,Nelson,7,available,0.04741470162402604,0.07005609656121704,1.1086070536222228,-0.3982905040549034,2,2,0.3933515481534356,0.5447512078016192,0.1866662307236311,2.870821203438257,1.9919329723216603,3.100540025943883,2.3902234763765637
primary,2014,nz-general-2014-electorate-33,North Shore,6,available,0.04273496394489519,0.03876175870677329,-1.7201994852714728,0.6154541134540339,1,1,0.2793695058310354,-0.4634980728653204,0.4980747749455561,1.693408016614133,3.2272748713685764,1.5070753860971036,2.6118207579145425
primary,2014,nz-general-2014-electorate-34,Northcote,7,available,0.04691834720324337,0.05459302617643897,-0.47392782539834677,-0.5743437806208882,3,3,0.336763356172623,0.9892665217182239,0.6580054220477222,1.6294437212328081,2.474565549385457,2.00063772398711,3.048909330006345
primary,2014,nz-general-2014-electorate-35,Northland,9,available,0.0689515708338922,0.062131241475113286,-0.11188040343788375,-0.4868812696717457,2,2,0.3442455234270847,-0.5600756647187399,-1.0059300983099762,2.6581431812152503,3.3354249495955264,3.2235445461576426,3.822306219267272
primary,2014,nz-general-2014-electorate-38,Pakuranga,4,available,0.050155139264490244,0.05536704635722982,-1.1107137637872313,-0.20706437830138036,1,1,0.36543639833293357,0.8448972258847887,0.7362267220160229,5.4655451574107445,7.271796616282556,6.1610828524953245,7.478860994583936
primary,2014,nz-general-2014-electorate-39,Palmerston North,5,available,0.04975284937294839,0.05660670462297473,-0.9556387681907292,2.1530405589345647,1,1,0.1884830138555331,0.5039637129257424,-0.09195515446256963,6.089429600896531,3.9421890554795773,2.986550287288848,1.7891484965450126
primary,2014,nz-general-2014-electorate-46,Rongotai,10,available,0.041807416972304695,0.053453249370884214,-1.3349378172119404,1.7192310754630746,5,3,0.3771375635201084,0.6066212740125754,1.248115115081283,3.628542225691929,2.8839991101992757,1.5490612929873353,1.164768034736201
primary,2014,nz-general-2014-electorate-51,Taupō,8,available,0.05796979417793258,0.05217110409957291,0.2751562039367319,-0.5009340347450166,3,3,0.4730117664685479,-2.387389811405727,-0.49809377300194524,2.567225030588742,1.3425304158131508,1.6176866197498827,1.8434644505581674
primary,2014,nz-general-2014-electorate-54,Tukituki,7,available,0.05283166844465709,0.0539544724755711,0.043576248304297405,-0.5346014181787986,3,2,0.316818312944801,-0.37335783140330925,-1.0479683523177685,2.9249124682267493,3.5973129210140398,3.640889169318337,4.131914339192838
primary,2014,nz-general-2014-electorate-58,Wairarapa,7,available,0.05736140866442471,0.06373303523489983,-0.20270985242603246,0.054634798780781146,2,1,0.542751916966584,-2.2164446513744163,0.2939040489987249,4.921460961855626,5.109009845702737,4.906299993276704,5.0543750469219555
primary,2014,nz-general-2014-electorate-61,West Coast-Tasman,7,available,0.05074612164236872,0.08400473358552703,-1.0996288712535334,2.315087554987216,3,3,0.5338851629399325,0.5842040644714275,1.2960547317632383,7.415073781478492,5.208551364741366,4.108922493487833,2.89346380975415
primary,2014,nz-general-2014-electorate-63,Whangarei,10,available,0.06353991294277968,0.061275102136498595,0.4130473271516286,0.31578034925207255,2,2,0.32592664196980864,-1.1509286611862735,0.2660306228832149,2.1200693422226617,1.5196280599429695,1.932675387094598,1.203847710690897
primary,2017,nz-general-2017-electorate-01,Auckland Central,8,available,0.1429780606663818,0.19409776790146252,0.027094136520644074,-0.34449556615971755,2,2,0.7364412068390725,4.975433820074104,-4.674046763175838,2.0871939181211863,1.6245464346902936,1.6516405712109377,1.9690420008500111
primary,2017,nz-general-2017-electorate-02,Bay of Plenty,5,available,0.10829746744086909,0.16044419277905436,0.14435091649502896,-0.4025059533561195,1,1,0.7442955217629584,3.5394467617044567,-5.022062106445158,2.1860789267045564,2.655874731402944,2.800225647897973,3.0583806847590633
primary,2017,nz-general-2017-electorate-03,Botany,6,available,0.12689273113021468,0.09758605323342712,0.5997288226315316,-0.7345050811118892,2,2,0.7500366781487928,-5.39639900483696,2.989119930937989,3.549235133417964,2.3473332761080266,2.947062098739558,3.0818383572199157
primary,2017,nz-general-2017-electorate-04,Christchurch Central,7,available,0.14959896570123365,0.18092570357117238,0.7231867548948028,-0.12092444060448271,1,1,0.5026565729487356,3.073879649976763,-2.2201532813464873,2.781641668319624,2.297132932881252,3.020319687776055,2.418057373485735
primary,2017,nz-general-2017-electorate-05,Christchurch East,7,available,0.15786535052633033,0.17568927288906397,-0.08314864123796473,-0.015380282146795876,2,2,0.3099166257912773,0.6242089115056138,-1.938043908323711,2.7178186144748646,1.5470779541748483,1.4639293129368836,1.5624582363216442
primary,2017,nz-general-2017-electorate-06,Clutha-Southland,7,available,0.1071260515230784,0.1369066636471758,-0.8741267974397748,0.20787543621260784,2,2,0.5261741109633653,3.3219333941987617,-1.6606428725600086,2.010716105358803,2.7847923973456417,1.9106655999058668,2.576916961133034
primary,2017,nz-general-2017-electorate-07,Coromandel,5,available,0.11546657936363751,0.14056322634619453,-1.2242432450019671,-0.45861442501597516,1,1,0.6326376615029634,2.8560973122114475,-3.4231478693658888,2.8078401043187657,4.282397216948156,3.0581539719461888,4.741011641964131
primary,2017,nz-general-2017-electorate-08,Dunedin North,8,available,0.175051263949616,0.20283303419168336,-0.6634568503971903,1.2861853084825348,2,2,0.42249949560458305,2.577608431736722,-1.1484243889556267,3.314904083014339,2.450655562551486,1.7871987121542958,1.1644702540689513
primary,2017,nz-general-2017-electorate-09,Dunedin South,7,available,0.15734310173435137,0.17534453862459504,-0.5784032009647762,1.1564275667674129,1,1,0.2537721654120501,0.1805081153449406,-1.8395442199440115,2.5289153061182876,1.7198580882566785,1.1414548872919024,0.5634305214892658
primary,2017,nz-general-2017-electorate-10,East Coast,7,available,0.13688425914853655,0.1666677990701481,-0.36092895839500216,-0.4084734071188647,1,0,0.4201284590240834,2.095371795180384,-3.1352216722114354,0.7447278898578487,1.7350251797707772,1.374096221375775,2.143498586889642
primary,2017,nz-general-2017-electorate-11,East Coast Bays,6,available,0.11342191618838988,0.13123315940929528,-0.4501619563478241,0.26429372962679465,0,0,0.5053600818641952,1.7813125861946832,-3.977767580398517,1.1307567122171316,1.5954674524109347,1.1453054960631106,1.33117372278414
primary,2017,nz-general-2017-electorate-12,Epsom,6,available,0.10067648802927075,0.13930779775200497,-4.258835861116081,5.051889996435585,2,1,0.615076298362347,4.287275557490256,-3.9133963043561177,13.597523935706208,12.602568930384923,8.343733069268842,7.550678933949338
primary,2017,nz-general-2017-electorate-13,Hamilton East,6,available,0.14209514015713595,0.15083295492857463,0.36174891200982384,-1.2912260863515186,1,1,0.13977066668301166,0.09603822297182818,-0.2893192805347833,1.7530115376282969,1.5964509362434633,1.9581998482532872,2.887677022594982
primary,2017,nz-general-2017-electorate-14,Hamilton West,9,available,0.14339538781702377,0.1400396906996223,-0.724472228085695,0.810423786149673,1,1,0.296625961348255,-1.8490358473369717,0.5507103375395284,2.2681343632408466,1.9852548333125821,1.2607826052268871,1.174831047162909
primary,2017,nz-general-2017-electorate-15,Helensville,6,available,0.1174235815811534,0.1521380123259608,-2.1627151915221154,0.6911995273146179,0,0,0.7848173557914707,3.9714982040243596,-5.575930152407019,2.8163266749458016,4.97418632480911,2.8114711332869944,4.282986797494492
primary,2017,nz-general-2017-electorate-16,Hunua,6,available,0.0991474307008365,0.10809151557535421,-0.593747131580881,-0.014862103414540417,2,0,0.30175702740991517,0.3305118203482005,-2.122141981677253,1.3840578266951817,1.4981096313019635,0.9043624997210825,1.512971734716504
primary,2017,nz-general-2017-electorate-17,Hutt South,8,available,0.14990804099272573,0.16093835168927162,1.5928996817966052,-0.7804100187960754,1,1,0.15924910704653808,0.27651824708557204,-0.13863480235385417,2.561494449061598,1.2865609723802895,2.879460654176895,2.066970991176365
primary,2017,nz-general-2017-electorate-18,Ilam,7,available,0.1196673364920214,0.17135465980189246,-0.10432621487271021,0.13980444025316263,1,1,0.6865338742940754,3.7451291182300728,-4.384956982351406,6.627901307499988,6.7103624856299575,6.606036270757247,6.570558045376795
primary,2017,nz-general-2017-electorate-19,Invercargill,4,available,0.13817428258880757,0.1302136199071704,-1.6061688371415554,0.10755929175351353,2,2,0.30756790261357825,-2.396116724874253,0.3809497385157401,1.6581967874516412,2.1365632615352643,0.5303944243937088,2.029003969781751
primary,2017,nz-general-2017-electorate-20,Kaikōura,9,available,0.11745603201205654,0.1448502150325866,-0.6835334994770643,-0.33354184941471576,4,4,0.4913218261536394,2.637508529666499,-3.246704391614519,0.7396092327517098,2.122968597894063,1.4394350984169986,2.4565104473087787
primary,2017,nz-general-2017-electorate-21,Kelston,7,available,0.16603171280070617,0.10897779042384907,-0.7496350786338443,0.46077934406874177,2,1,0.8664864494268821,-5.171774293891229,5.876841683216405,1.1949339234171563,1.6555904946603899,0.9059554160265456,1.194811150591648
primary,2017,nz-general-2017-electorate-22,Mana,7,available,0.15800788132004098,0.1487223434232933,-0.5887780113422302,-0.4660321476421174,2,2,0.3157334194526489,-0.4439571371060491,2.0360241573700866,2.428008482002363,1.3949403382509622,0.806162326908732,1.8609724858930796
primary,2017,nz-general-2017-electorate-23,Māngere,8,available,0.13199248510075967,0.07756989808168098,-0.2921122740578532,0.11196412053273708,0,0,1.1091075653241274,-5.609662960617951,7.555372444366348,2.4001381928327716,2.662854647082029,2.370742373024176,2.550890526549292
primary,2017,nz-general-2017-electorate-24,Manukau East,8,available,0.13183452356380018,0.06948799998516512,-1.3120726483262777,0.45479227136778055,2,2,1.3062632574403024,-7.629074602388744,9.021236922028242,1.6575806043824268,2.694507144676119,1.3824344963498412,2.2397148733083383
primary,2017,nz-general-2017-electorate-25,Manurewa,6,available,0.1496972116925101,0.08394553314490993,-1.8857009877315392,1.8141198621454635,3,3,1.0432764844888165,-6.679926856078536,6.847624768667915,2.830448985651971,3.0324996484412425,1.1467986607097034,1.218379786295779
primary,2017,nz-general-2017-electorate-26,Maungakiekie,7,available,0.15675317429977265,0.11048270645852172,0.3337347856802202,-0.0993829083609099,0,0,0.673222158003691,-4.182700765727315,4.805203849551587,3.9637385943622867,3.6308232109241914,3.9645579966044115,3.7302061192851013
primary,2017,nz-general-2017-electorate-27,Mt Albert,8,available,0.16251175274762095,0.170425435370306,0.9822220326178357,0.8901048682802695,2,1,0.3766204767540316,2.7545238216393653,-0.37249218781474913,5.411247592041042,2.883283025490742,3.8655050581085777,1.9931781572104725
primary,2017,nz-general-2017-electorate-28,Mt Roskill,9,available,0.15796479801175733,0.10123662992869126,0.5615559140719477,-1.1241896076092452,2,2,0.9370412105130196,-5.850688896683326,6.1809681337831375,1.5549657421432643,1.1348183008538937,1.6963742149258414,2.259007908463139
primary,2017,nz-general-2017-electorate-29,Napier,6,available,0.14776540715202358,0.14075385287230258,1.0630402669721906,0.23692775817609202,1,1,0.16321502850927488,0.33728951105060356,0.1769826478097869,4.267359138652821,0.9506669179402892,2.0137071849124797,0.7137391597641972
primary,2017,nz-general-2017-electorate-30,Nelson,8,available,0.15251432078141708,0.20329169065860486,-0.5427433296541011,-0.055808928654514034,2,2,0.6814165141124723,3.6953470968725863,-4.406341091862009,3.774780330234239,4.671998248736302,4.129254919082201,4.727807177390816
primary,2017,nz-general-2017-electorate-31,New Lynn,9,available,0.16131184523506967,0.10940497484595375,-1.0584809479337471,0.2746416425369056,0,0,1.0755296926459177,-7.045881868628845,6.98115026358403,1.0348001556519955,2.0917522395295776,1.0332712915958304,1.817110596992672
primary,2017,nz-general-2017-electorate-32,New Plymouth,6,available,0.1252379464645025,0.16043739688266762,-0.4731571215185273,-0.3699502533279404,1,1,0.5238437720944991,3.8145238480640495,-3.1811080799388716,0.5363051631598382,1.6434415120340693,1.170284390515542,2.0133917653620097
primary,2017,nz-general-2017-electorate-33,North Shore,6,available,0.10617489277946472,0.14365968299502357,-0.8473164358337355,-0.005741773863655375,2,2,0.5422942131960743,3.524300889191523,-4.1236778041889774,1.797441613935017,2.9262024976386036,2.078886061804868,2.931944271502259
primary,2017,nz-general-2017-electorate-34,Northcote,6,available,0.1370968933360817,0.14658050769932401,0.3995115060966703,-1.1169492593357195,2,1,0.16621608443661506,0.008908753142439219,-1.2030993110069943,1.4685474350840209,1.5852333550131341,1.9847448611098044,2.7021826143488537
primary,2017,nz-general-2017-electorate-35,Northland,6,available,0.13993326203711878,0.16304555904437862,-1.0578189648812222,0.23464603866023026,3,2,0.7105835968024152,3.820211575629151,-3.662804087773497,7.559510398135183,8.580361153187933,7.522542188306711,8.345715114527703
primary,2017,nz-general-2017-electorate-36,Ōhāriu,7,available,0.13966258641682613,0.16228774964078016,3.538439528041774,-4.638321061224392,2,2,0.4117147602922516,2.6383554755284866,-0.7322001245274989,3.6889479441116224,3.3460300511073227,6.884469579149097,7.984351112331715
primary,2017,nz-general-2017-electorate-37,Ōtaki,7,available,0.14087650824542286,0.13774864933863584,0.36215952575178867,-0.6676400772328792,2,2,0.07344654574986192,-0.18858695356573918,0.025983065803214522,1.652396007866208,0.9839613943505363,1.346120920102325,1.6516014715834155
primary,2017,nz-general-2017-electorate-38,Pakuranga,5,available,0.11302857100790029,0.11690491148940273,-0.8430146145615199,0.8468581212318825,1,1,0.4086559476378002,-2.378262384286156,-0.36017023354450173,1.7934160916373951,1.7267716689717747,0.8837570544102548,0.8799135477398922
primary,2017,nz-general-2017-electorate-39,Palmerston North,5,available,0.15613143687880218,0.13228628150454286,-1.5868304219721898,0.43844096984988323,2,2,0.3391378865196607,-0.8576574624077404,2.563805823099435,3.127059959391264,2.370122455360908,0.7832920333887181,1.9316814855110247
primary,2017,nz-general-2017-electorate-40,Papakura,4,available,0.1375768516703231,0.0935983296212937,2.1827584415256682,-1.7674735810526299,1,1,0.6132169694366116,-4.131074521718547,3.4966701041056925,3.1734366131258254,3.4142676192689985,5.597026060794667,5.181741200321628
primary,2017,nz-general-2017-electorate-41,Port Hills,6,available,0.14329059467089356,0.19073563851770214,-2.8840652098214106,2.4061705715399357,5,4,0.6424825122925958,4.166717357207094,-3.9748121788102884,5.85468199374117,4.077234747963392,1.193169538141982,1.6710641764234568
primary,2017,nz-general-2017-electorate-42,Rangitata,5,available,0.13032277854353297,0.13724185299964267,-2.1566989708035305,0.5519689099232941,1,1,0.24191125826601748,-0.7293108189458719,-0.9906256848104034,1.3644443836653015,3.5139968960273342,1.3572979252238035,2.96202798610404
primary,2017,nz-general-2017-electorate-43,Rangitīkei,6,available,0.12555597268531843,0.12992526662377543,0.2913790680252455,-0.9987400227702576,2,2,0.2225084551228646,0.8432729575759357,-0.7295574992215115,1.013224347233137,1.2811338168361341,1.5725128848613796,2.279873839606392
primary,2017,nz-general-2017-electorate-44,Rimutaka,6,available,0.15618842162513813,0.1359269479021953,0.5235896881693065,-1.4077365659006296,2,2,0.42760450901003966,-1.7913861164826794,2.433600130672353,3.135752104638062,0.8195656979300934,1.3431553860993999,2.227302263830723
primary,2017,nz-general-2017-electorate-45,Rodney,5,available,0.1141726330923555,0.13313573098345108,-2.2071760552788096,0.2521242984874523,2,2,0.6101495193397363,2.7628537136601183,-3.806152035385299,0.6508284294158883,2.7884945727989288,0.5813185175201194,2.5363702743114764
primary,2017,nz-general-2017-electorate-46,Rongotai,8,available,0.17144963094911864,0.18665532380580344,0.08689724800382437,0.1984550484941927,2,2,0.5829820286254306,2.903377178266897,0.5119506309366029,2.31960823435364,1.4147246929472965,1.501621940951121,1.2162696444531038
primary,2017,nz-general-2017-electorate-47,Rotorua,7,available,0.1281311032386024,0.14030165357254967,-0.565962228156264,-0.10562337217774043,2,1,0.19662951023410508,1.112554433091073,-1.068313165935414,0.9808311833566028,1.102640222074073,0.536677993917809,1.2082635942518134
primary,2017,nz-general-2017-electorate-48,Selwyn,6,available,0.09896863181358316,0.1595053636550692,-1.0896336574154533,-0.5639108393838632,1,1,0.7933047456137232,3.9824894574350678,-6.161197046272449,1.352912190663982,2.618485940542369,1.5288522831269158,3.1823967799262323
primary,2017,nz-general-2017-electorate-49,Tāmaki,7,available,0.10349538010328299,0.11779470550967973,-0.47374981596562593,-0.5614399104017873,2,1,0.37204928627726036,2.1527835665163475,-2.1152054211205975,0.5243930416468816,2.213170665275472,1.739420849309846,2.774610575677259
primary,2017,nz-general-2017-electorate-50,Taranaki-King Country,4,available,0.10457957643322502,0.13213128077316288,0.16324696102246916,-1.3394957098355933,2,2,0.518555062877878,3.5220675728717232,-3.0828674118718924,1.7339062796878033,3.805202073721725,3.9684490347441943,5.144697783557318
primary,2017,nz-general-2017-electorate-51,Taupō,5,available,0.12018222362861551,0.13163023433496399,-0.22051089584645966,-0.30345613447103403,1,1,0.22946421517950674,1.0510909293147463,-1.1216415623063136,2.2295480839961637,2.556212233091459,2.3357013372449993,2.859668367562493
primary,2017,nz-general-2017-electorate-52,Tauranga,11,available,0.1099920707567784,0.15967879205005503,-0.8064639887890195,0.2503480398743403,3,3,0.6689201713730208,3.0312506260959493,-4.338221504695911,0.6477656394808817,1.6280911255190758,0.8216271367300563,1.3777430856447355
primary,2017,nz-general-2017-electorate-53,Te Atatū,7,available,0.15731213655453696,0.10822920143390528,0.4901623387277989,-0.8672886594290006,3,3,0.7360144553485438,-5.021903401633915,4.22820796351192,1.0199727733086585,1.556554499046713,2.046716837774512,2.4238431584757136
primary,2017,nz-general-2017-electorate-54,Tukituki,7,available,0.1403932732613355,0.13678739099462922,-0.5905089872517111,0.39756467346575586,3,3,0.2047853266427634,0.7816279138529503,-0.04266530351825781,1.609512599946353,1.82506303686028,1.234554049608569,1.4274983633945242
primary,2017,nz-general-2017-electorate-55,Upper Harbour,5,available,0.13539816102188942,0.10806070529925847,-0.20471735390012968,0.10685646147938987,1,1,0.3880506861370401,-2.9674671435496847,1.8589535081001585,2.631199916177888,2.2863466085231656,2.081629254623036,2.1794901470437757
primary,2017,nz-general-2017-electorate-56,Waikato,4,available,0.10803166337476777,0.11518083267262376,-1.5241488144320967,0.407241639064698,0,0,0.3019767769981756,0.8804228980187068,-1.4612251652116104,0.7478526224793638,2.282514477328978,0.7583656628968813,1.87527283826428
primary,2017,nz-general-2017-electorate-57,Waimakariri,10,available,0.12137267862243074,0.15336459967144175,1.0950589137157825,-1.048893266998841,5,5,0.538195482087024,1.6691419954255826,-3.981780281978403,1.1849912234787716,1.3684904582833948,2.4635493719991772,2.4173837252822357
primary,2017,nz-general-2017-electorate-58,Wairarapa,6,available,0.12764129562074086,0.13733478397908733,-2.607838241603711,2.6783933434031386,4,4,0.26954862158020726,1.3655705937590912,-1.4725348243948055,3.8816476408843377,3.9696029593910573,1.3617647177873464,1.291209615987919
primary,2017,nz-general-2017-electorate-59,Waitaki,7,available,0.12105596617190599,0.14865016901944803,-0.30717805195935144,-0.7861152549084498,2,2,0.44797532365032716,1.7335117382041854,-2.8169666025443076,0.7016916788690838,1.4769366870382246,1.1697586350788731,2.2630519419466744
primary,2017,nz-general-2017-electorate-60,Wellington Central,9,available,0.1576659881362551,0.205004923961218,-0.29163574205427434,-0.23559787559015088,2,2,1.0331471224386217,6.800931473249494,-1.550206975616436,3.7256779400427806,3.0541931304385543,2.76255738838428,3.2897910060287052
primary,2017,nz-general-2017-electorate-61,West Coast-Tasman,10,available,0.14850210294811206,0.1716550712715321,-0.029973761905770502,-0.21571181436342535,3,3,0.536908819082668,3.481146239365407,-1.5882618799897719,3.1233968444141262,2.085119154943406,2.0551453930376353,2.300830969306831
primary,2017,nz-general-2017-electorate-62,Whanganui,5,available,0.14354757509941707,0.12945993018172308,0.2938099728343577,-0.06095497011948092,1,1,0.19599745090592005,-0.61095252874237,0.5748840411884337,1.433058291542552,1.1412387939063229,1.4350487667406806,1.2021937640258038
primary,2017,nz-general-2017-electorate-63,Whangarei,8,available,0.12576915251806395,0.16346916055461277,-0.9251249658943612,-0.07296043524074491,3,3,0.8092920166163873,4.83623264107127,-3.9830559538281243,3.5557439484027253,4.954402293673085,4.029277327778724,5.02736272891383
primary,2017,nz-general-2017-electorate-64,Wigram,8,available,0.152935231317914,0.1576634882170321,0.03670773119825088,-0.6272146902002991,3,2,0.2696516678019807,-1.440064036470845,-0.11164255150030167,2.5659075489108836,1.1473439899863611,1.184051721184612,1.7745586801866602
primary,2020,nz-general-2020-electorate-01,Auckland Central,11,available,0.23684822406901695,0.2152853267272981,0.23762722973212735,-0.11525734767922824,1,1,0.8488667677831848,-1.2938581297393337,-1.0691007529615604,5.070853340525216,4.849770849923676,5.087398079655803,4.965028197602904
primary,2020,nz-general-2020-electorate-04,Botany,5,available,0.2662261749550497,0.2788694533600863,2.7555811652872877,-0.8579702234511801,0,0,0.6296420994821273,0.6373545579942297,-4.895470814187542,4.912685779595225,2.157651136603292,4.91323230189058,3.0156213600544723
primary,2020,nz-general-2020-electorate-05,Christchurch Central,10,available,0.22744487346814515,0.24180240786609086,0.6577831252542432,0.04436398115212703,1,1,0.3154961577034281,1.8870690266767602,-0.9042437836877526,2.458053016428006,1.2561483370486883,1.9139314623029315,1.2117843558965613
primary,2020,nz-general-2020-electorate-09,East Coast,7,available,0.24646830915595394,0.25649477864142645,0.6833592365604428,-0.014083108040004788,1,1,0.5165736675293734,0.017770794915228372,2.4590587136249065,2.3708509660065533,1.0963108664455514,1.7796701030059943,1.1103939744855562
primary,2020,nz-general-2020-electorate-10,East Coast Bays,7,available,0.29183187361191665,0.29143947421904226,2.074020325041517,-0.34929379737907107,1,0,0.9540604562056872,-0.45816880599449106,-7.2431396036846785,4.59116204165765,1.921128645692162,3.9951489707336787,2.270422443071233
primary,2020,nz-general-2020-electorate-11,Epsom,11,available,0.31630541878827595,0.238483640758607,1.0635678591979074,-0.2428778741789004,2,1,1.818625550133442,-6.920519812584064,-5.933888431518724,4.385373013146262,3.021804381490769,4.0853722406886765,3.2646822556696695
primary,2020,nz-general-2020-electorate-12,Hamilton East,11,available,0.25421215481703513,0.2503010439216251,0.9523080817677994,-0.1465692489328314,2,2,0.32630338309324525,-0.13270538785093988,-1.1654010752131738,2.608258054834314,1.4535290015626854,2.4058370833304847,1.6000982504955168
primary,2020,nz-general-2020-electorate-14,Hutt South,11,available,0.2346865066440599,0.2444573406121987,0.29024441676997714,0.17187659034242175,4,3,0.3533477056215725,1.426864862588975,-1.6632841285978528,3.401650803114471,2.538019897923059,2.828264314693036,2.366143307580637
primary,2020,nz-general-2020-electorate-17,Kaikōura,12,available,0.2603090343020285,0.30142586807813343,0.6842956573968173,-0.10226352946168293,6,4,0.7808062889280925,3.0585510561193905,-1.1103727804050556,1.8956937715189128,1.1800746131828177,1.864370270579635,1.2823381426445006
primary,2020,nz-general-2020-electorate-19,Kelston,11,available,0.20936599561433653,0.2032808969805199,0.03198536324858059,-0.11744041975725095,2,2,0.17262292278928254,0.11611477308659246,0.3060660808883231,0.9789544241212739,0.798284037407111,0.8302694006556915,0.9157244571643619
primary,2020,nz-general-2020-electorate-20,Mana,11,available,0.2149923045415017,0.22535868764568076,-0.9373853579355163,0.25468613955211183,1,1,0.269161564376753,1.5904975024904648,0.3869897661093913,0.4424721098838528,1.3816736442419928,0.44428828630647654,1.126987504689881
primary,2020,nz-general-2020-electorate-21,Māngere,7,available,0.13638548497007044,0.12413717323072472,-0.46312440225182083,0.12657234341602575,0,0,0.48728426833110833,-0.7598957390987691,3.2511078170419094,2.0722228260349813,2.5159967318700636,2.0528723296182427,2.389424388454038
primary,2020,nz-general-2020-electorate-24,Mt Albert,6,available,0.2044600004610093,0.17459933546989317,2.1443774402483062,-1.7616591512225859,2,1,0.7917066588005808,-1.3130017749185625,3.5428360233898895,4.646569779680706,2.019417703283548,4.163795143531854,3.781076854506134
primary,2020,nz-general-2020-electorate-26,Napier,7,available,0.24831989681472447,0.24180002751757698,1.9023351531683144,-1.9210655852324763,1,1,0.4099091025073866,-1.1758150136701173,0.9928326010452126,2.688237060737404,3.3949303141814227,5.297265467349737,5.315995899413899
primary,2020,nz-general-2020-electorate-29,New Plymouth,8,available,0.2589476171478871,0.25420019669968197,0.6472494275091125,0.09080538669698335,1,1,0.3453167819488778,-1.205023118126075,-0.6311743401668124,3.1284591697563013,1.8527482154603234,2.499997642969436,1.76194282876334
primary,2020,nz-general-2020-electorate-30,North Shore,9,available,0.28214266092781026,0.2784137203912227,1.4013634577167793,-0.3550467249741731,2,2,0.6866224690889722,-0.06786227005563528,-5.245614519565067,3.328251589857119,1.8211836411433173,3.2225470988600966,2.1762303661174904
primary,2020,nz-general-2020-electorate-31,Northcote,7,available,0.2600337492916567,0.2608927537697437,1.8767679474985912,-0.40674352164518,2,1,0.5485733828334305,0.07314516159817042,-3.6885638565255285,4.083973423766578,2.1158697533059807,3.992637700804572,2.5226132749511607
primary,2020,nz-general-2020-electorate-33,Ōhāriu,10,available,0.24244440443181733,0.2660822297907445,0.8741250102796783,-0.2615412515732336,2,2,0.8191901129720452,3.121141669282962,-4.182073254212032,3.1988025595665506,2.150955957315708,3.0250809675953865,2.412497208888942
primary,2020,nz-general-2020-electorate-34,Ōtaki,8,available,0.2484704731683476,0.2667892311581615,1.3845799008137154,-0.4279878130555541,1,1,0.3765925923015946,1.00117913259124,-1.6724087367497864,3.304248321904348,1.8787915864852731,3.2633714872989885,2.3067793995408272
primary,2020,nz-general-2020-electorate-35,Pakuranga,6,available,0.27874814152205046,0.2844768732079036,1.463672627861678,-0.1201672857983791,1,1,0.7202696776584758,0.07750331901038021,-5.6090915610809695,6.413765552832821,4.266839344002371,5.730511971864049,4.38700662980075
primary,2020,nz-general-2020-electorate-36,Palmerston North,7,available,0.23885678365512394,0.24196780072323068,0.8195546081509824,0.19526638650201633,1,1,0.19264148512667,0.8650733537016592,0.1933710854288062,2.117699139643041,1.2673161077235318,2.086870715874514,1.0720497212215154
primary,2020,nz-general-2020-electorate-41,Rangitīkei,7,available,0.2664409647204358,0.29929618438509414,0.7304132787166149,0.26837079277214815,2,2,0.6413195604872327,2.393931838206803,-1.6394570481311266,3.6767101515280234,1.901940930316553,2.632354209033168,1.633570137544405
primary,2020,nz-general-2020-electorate-42,Remutaka,8,available,0.235522879662775,0.25577805335766496,-0.011589408179905725,0.5672663977430144,3,3,0.48951372119108993,2.6272134596080217,-1.536487815481813,3.0793738511625546,1.393711779346566,1.3821223711666604,0.8264453816035517
primary,2020,nz-general-2020-electorate-43,Rongotai,9,available,0.18342179127171224,0.1864725617599483,0.06598324730931227,-0.33458640028288866,3,2,0.547517715307419,1.277725390386708,1.454832979844356,2.075144149260127,1.3174154917219023,1.3833987390312146,1.652001892004791
primary,2020,nz-general-2020-electorate-44,Rotorua,8,available,0.2543071069389307,0.27798334260194374,0.21550461525925968,0.3358765247391624,2,2,0.5087337668557441,1.5305062150248072,0.8322319547887203,3.1826288297994845,2.0462701363923843,2.261774751651644,1.710393611653222
primary,2020,nz-general-2020-electorate-49,Tāmaki,6,available,0.30377290170262516,0.2791468937754588,2.3144498713580837,-0.4903492127705724,1,0,1.1202222550571952,-2.270099554098337,-6.096646172628656,5.870850066008641,3.25578810911431,5.570237980472394,3.7461373218848824
primary,2020,nz-general-2020-electorate-50,Taranaki-King Country,5,available,0.2757803868680998,0.2933240295569697,0.93915923406436,-1.296331234848048,1,1,0.428727498593915,0.5689583051416813,-1.8099696198131399,3.3560497507414686,2.1269598790743927,3.0661191131387526,3.4232911139224407
primary,2020,nz-general-2020-electorate-52,Tauranga,11,available,0.2755082298600586,0.294370708069765,0.9342954795129987,-0.21481479982667584,2,1,0.3770607985001986,0.6414524523635001,-2.4617130323601186,2.008089407012902,1.2356287672768542,2.169924246789853,1.45044356710353
primary,2020,nz-general-2020-electorate-53,Te Atatū,7,available,0.23754169573810807,0.2315708947620637,0.49413368451808615,-0.461992237184653,1,1,0.3386704769002201,0.04661696869849019,-1.1118236670808135,1.6621663078202555,1.7530603581284467,2.247194042646533,2.2150525953130997
primary,2020,nz-general-2020-electorate-54,Tukituki,9,available,0.2519348217643805,0.2636112556131322,1.4509738466785285,-0.9077368914433848,3,3,0.41013142619919624,0.05918651532694774,0.5193308608373637,2.7054224982766244,2.2393487538655568,3.6903226005440852,3.1470856453089415
primary,2020,nz-general-2020-electorate-57,Waimakariri,8,available,0.2519526648312395,0.3077736128859014,-0.29730264120552596,0.7693703360223675,2,2,0.8603670484385999,4.808736627746341,-2.417985011794088,2.938587728674883,1.70214998919656,1.404847347991034,0.9327796531741924
primary,2020,nz-general-2020-electorate-58,Wairarapa,8,available,0.2585375815692519,0.2795493322766293,0.9868803395022678,-0.18928161410767474,3,3,0.4770923686119269,1.0182649777539798,-1.275348438608398,2.439542189040293,1.2559208239123256,2.2428011634145935,1.4452024380200004
primary,2020,nz-general-2020-electorate-60,Wellington Central,11,available,0.19772340247481432,0.19510673660816846,0.07454304247151855,0.08045631426517308,3,3,0.9963659063568128,0.801517703864657,1.5765360048047017,3.1105628228430495,1.8277807980149687,1.9023238404864873,1.7473244837497957
primary,2020,nz-general-2020-electorate-62,Whanganui,7,available,0.2559408077387963,0.2635977627492037,0.6678145496620569,-0.23189130293480553,1,0,0.2798942012485524,0.22840943918070455,-0.6439877274044159,1.6422691371818838,1.0304264741593905,1.6982410238214474,1.262317777094196
primary,2023,nz-general-2023-electorate-01,Auckland Central,10,available,0.2366751826089184,0.24884750436298067,0.07825074008227828,0.5749547644689099,2,2,0.6429635543474446,-2.840210322477499,1.2586964739308732,5.172080221577873,3.4723896864314105,3.550640426513689,2.8974349219625006
primary,2023,nz-general-2023-electorate-02,Banks Peninsula,9,available,0.2527231312499703,0.2608648635014336,1.204867050549911,0.35748818405393057,1,1,0.3763156948072617,-0.34079398997968746,0.8026114133491691,2.599607249843384,1.2024020124628798,2.407269063012791,0.8449138284089492
primary,2023,nz-general-2023-electorate-03,Bay of Plenty,8,available,0.24438879592498033,0.29416654173182705,-0.9473727491268484,0.5336394839012901,0,0,0.6444818524816721,-0.5137627848359028,4.790471960525935,2.0001032224871627,2.943647059614267,1.9962743104874188,2.410007575712977
primary,2023,nz-general-2023-electorate-04,Botany,6,available,0.24646403756704954,0.29387123197049697,0.8473151559826857,0.3286633113784758,1,1,0.7166135568363575,-4.452005469486597,4.822326011123643,2.8224823748200327,0.6688914859066579,1.5162066418893436,0.3402281745281821
primary,2023,nz-general-2023-electorate-05,Christchurch Central,7,available,0.258427266050364,0.27263200411007593,1.7000610939066272,0.3396456195572817,4,3,0.3792585636618173,-1.0305150800274165,1.287753813401138,3.7231018079647207,1.5494431196812744,3.2495042135879015,1.2097975001239927
primary,2023,nz-general-2023-electorate-06,Christchurch East,9,available,0.2695562770848518,0.28816930980160876,0.716929288157989,0.06336516523361069,3,2,0.4117856139813019,-1.0151354104674992,2.0076409718569774,1.9583311013882232,1.255283308624411,1.9722125967824,1.1919181433908004
primary,2023,nz-general-2023-electorate-07,Coromandel,7,available,0.24424687823566965,0.27407633332869197,0.32363915747360483,0.29269379119441385,2,0,0.8685044240729642,3.913460221192555,2.9219495317647977,3.510401243124086,2.6154974328499114,2.9391365903235163,2.3228036416554976
primary,2023,nz-general-2023-electorate-08,Dunedin,11,available,0.2594256401134427,0.2591097198806703,1.0523169555148875,0.0672142995358389,2,2,0.23455454993718508,-0.7867250275432836,0.08799031196316531,2.4813859406462866,1.7994209330358997,2.851737888550787,1.7322066335000608
primary,2023,nz-general-2023-electorate-09,East Coast,11,available,0.2628622362331521,0.2369759007684891,0.7889938550316551,-0.026952108085812165,0,0,0.57952310850893,3.4178393991721845,-2.589959000483594,2.0753206518951575,1.3008143255905094,2.0898081806221644,1.3277664336763215
primary,2023,nz-general-2023-electorate-10,East Coast Bays,5,available,0.2287443223995184,0.28479917397810517,1.63973624147978,0.3539372430760399,2,1,0.7302228029795576,-4.3354787409017215,5.59046776399193,4.761331541912406,1.0440059776460309,2.683742219125811,0.690068734569991
primary,2023,nz-general-2023-electorate-11,Epsom,7,available,0.20059001351467873,0.2257436772916334,-3.7106187041844128,5.090817574744033,3,3,0.5978201931426254,-2.202568942346433,2.546790492289591,10.164944844980498,7.552575400082059,3.8419566958976463,2.4617578253380263
primary,2023,nz-general-2023-electorate-12,Hamilton East,10,available,0.25512665032214565,0.2717561199307215,0.5036564643085464,0.06590660169756624,0,0,0.33414816869133646,-1.8901232307416915,1.6568943620277998,1.8719032466283905,1.3910102944083567,1.894666758716903,1.3251036927107904
primary,2023,nz-general-2023-electorate-13,Hamilton West,8,available,0.26413614696279264,0.294573316152771,0.9993568727731412,-0.0561009498091426,0,0,0.5429907639741217,-2.264068016296683,2.968048443475607,1.7787278281286132,0.781526884495694,1.7808837572688352,0.8376278343048366
primary,2023,nz-general-2023-electorate-14,Hutt South,8,available,0.26284895309180195,0.24734457240918759,2.0984398000709987,-1.2857255289878742,4,4,0.32926727763363034,0.042787781920688994,-1.5649219168432704,5.169196782611745,2.237141487731429,4.335581287802428,3.522867016719303
primary,2023,nz-general-2023-electorate-15,Ilam,7,available,0.2358949408057663,0.2519917736631601,0.034492927808774,-0.01120378120499943,1,1,0.43312297838263025,-0.7732586717633938,1.26043164051024,6.479047817206513,6.454966242845352,6.489459170654126,6.466170024050351
primary,2023,nz-general-2023-electorate-16,Invercargill,6,available,0.25466097082830086,0.2592374626929816,0.9707124598221826,-0.9009488205377376,2,1,0.4104478427659837,1.9808670678506668,0.3724613770950347,2.920187625080824,1.8929718391256574,2.86368429894784,2.793920659663395
primary,2023,nz-general-2023-electorate-17,Kaikōura,11,available,0.24302539108815543,0.2680760922122263,0.5321778526664085,0.13530770422493488,4,3,0.6887496756851501,2.6732577142680625,2.5871354177386676,1.9140737705969564,1.1152667621771017,1.6474446148435102,0.9799590579521669
primary,2023,nz-general-2023-electorate-18,Kaipara ki Mahurangi,6,available,0.23152560110493292,0.2650922719902404,1.5188778180144,0.1587998046922714,2,2,0.4077857107717671,-0.23888675464158182,3.3792767338272274,3.6991278175468687,1.8880989552019596,3.4069767732163596,1.7292991505096882
primary,2023,nz-general-2023-electorate-19,Kelston,8,available,0.2715082482247509,0.27575854849367026,0.5504812689584632,0.2384700941271637,1,1,0.4049298532007969,-2.302342949486591,0.4608941623546414,1.8178867404155592,0.994605995121426,1.5450872640798892,0.7561359009942623
primary,2023,nz-general-2023-electorate-20,Mana,8,available,0.26613341523504613,0.2249717654180321,0.3991610489411994,0.42775295903555977,1,1,0.5488595831727869,0.758538006277415,-4.319939651245325,3.338522252888147,2.491572810352074,2.8907338592932734,2.0638198513165142
primary,2023,nz-general-2023-electorate-21,Māngere,7,available,0.25277524757712583,0.1904980991795847,-0.8792277835868177,0.2928474926405791,1,1,0.9867409545272944,-1.2964525715305986,-6.291651961242717,0.7529827694931492,1.5462938701113378,0.66706608652452,1.2534463774707587
primary,2023,nz-general-2023-electorate-22,Manurewa,4,available,0.2645725625282764,0.24966739569791227,-1.198020296473418,0.29601235111406154,1,1,0.896516635323974,-4.711222473985857,-1.5345685099128148,2.7926729972919837,3.9386133859185,2.740593089445082,3.6426010348044384
primary,2023,nz-general-2023-electorate-23,Maungakiekie,7,available,0.2528798211571739,0.25475382606494174,2.496172275730787,-0.5868261691296013,1,1,0.3542948119359076,-2.6885740100425384,0.19279140397007732,4.044923819243048,2.009312705537125,4.505484981267912,2.5961388746667264
primary,2023,nz-general-2023-electorate-24,Mt Albert,7,available,0.2435812828299347,0.23899456003311517,2.0719865610844233,-0.26813975104416254,1,0,0.7048136126087926,-4.85123066145578,-0.4367695796915372,3.3228782137102884,2.4451472558607925,4.517133816945216,2.713287006904955
primary,2023,nz-general-2023-electorate-25,Mt Roskill,4,available,0.264020172531637,0.2827609080869622,1.4761059470031679,-1.1271143072471164,1,1,0.6112807346817005,-4.916021656304748,1.920852404308887,2.8180412740073812,1.1277233821556871,2.603829329158855,2.2548376894028035
primary,2023,nz-general-2023-electorate-26,Napier,7,available,0.2540454445497673,0.26841634363993244,2.8704522870644538,-0.5751263159135304,1,0,0.4693681303664548,1.6772846195888313,1.3843998391069146,3.596578162801086,0.8373825125310935,3.707834799595547,1.4125088284446239
primary,2023,nz-general-2023-electorate-27,Nelson,6,available,0.2624092764610152,0.27924932087595683,2.383154891406662,-0.6536240752537137,2,2,0.31651704979781586,0.4657725711835814,1.6972407049041072,4.775476093230885,2.684403811068663,5.067558702475325,3.3380278863223767
primary,2023,nz-general-2023-electorate-28,New Lynn,6,available,0.2607954348857204,0.28785665874543753,1.022861409897202,0.43671133633950465,2,2,0.5342734148127326,-3.692880281094113,2.7234076623850854,2.959678382454653,1.110474430802854,2.133335840700056,0.6737630944633494
primary,2023,nz-general-2023-electorate-29,New Plymouth,6,available,0.25467945268360165,0.27656118799557916,-0.14803944551433723,0.1659616473967409,1,1,0.7059555188825462,3.0014844740954616,2.0130762478565294,2.5857658357284747,2.53585698634088,2.3878175408265427,2.369895338944139
primary,2023,nz-general-2023-electorate-30,North Shore,5,available,0.22564565201122372,0.25639647564522294,3.1721171019726238,-0.24760244204751913,1,1,0.5399952755205097,-3.5431926130085944,3.0936152265071044,4.499846360854927,0.7297243265117296,3.9018414284843534,0.9773267685592487
primary,2023,nz-general-2023-electorate-31,Northcote,6,available,0.25056599946368574,0.286306262540721,2.6392683271675677,-0.14989668402895573,2,2,0.5686574991474839,-2.3500633731200815,3.570318716475765,4.712887260159326,1.4778539786006655,4.117122305768233,1.6277506626296212
primary,2023,nz-general-2023-electorate-32,Northland,9,available,0.257185076875629,0.26293227835511335,0.03618714826253777,0.052397721372411166,3,2,0.6586508148962488,3.6257419369695345,0.5585014888198014,3.1908957563599936,3.0396586102860215,3.0758457585485592,2.9872608889136103
primary,2023,nz-general-2023-electorate-33,Ōhāriu,7,available,0.24950534740670918,0.23509289707808922,2.1513804693366074,0.23643285212458753,2,2,0.45997049382839195,-1.5017603791957823,-1.6466848593425176,5.0173055019428014,2.496563447521968,4.647943916858575,2.2601305953973805
primary,2023,nz-general-2023-electorate-34,Ōtaki,6,available,0.2593708926400368,0.24029595140233231,1.3168142174307094,-0.8354417164205961,2,1,0.5568275349870884,3.3178679230139063,-1.9429943466115651,3.738248900875985,2.0597774035273195,3.376591620958029,2.8952191199479156
primary,2023,nz-general-2023-electorate-35,Pakuranga,6,available,0.23206488514652232,0.2778435026303431,1.633020556068446,-1.4469356871555292,2,1,0.7508044262451952,-4.45988259073804,4.602763780436492,3.9081811986964903,0.6946258734459091,2.3276464295143553,2.1415615606014384
primary,2023,nz-general-2023-electorate-36,Palmerston North,6,available,0.2660280488799268,0.2618347132799364,-0.9456051763386133,0.9417981194416567,2,2,0.2898361127884209,0.2823868700194687,-0.45425657794921914,3.294956445172657,2.631991926436761,1.6863867500981475,1.6901938069951041
primary,2023,nz-general-2023-electorate-37,Panmure-Ōtāhuhu,6,available,0.2599027463492419,0.23446929879541917,-0.8287338436708742,-0.05543621833618628,1,1,0.7911192490176613,-2.5535189905655815,-2.589086521126893,2.135386110326123,3.410937472609666,2.582203628938792,3.4663736909458525
primary,2023,nz-general-2023-electorate-38,Papakura,7,available,0.23736547223160723,0.2452449643443859,-0.6884450697953588,0.14504181103058822,2,2,0.26745651410741333,0.2723302746224676,0.7813994018084747,1.6670186265953137,2.009111824596838,1.320666754801479,1.8640700135662496
primary,2023,nz-general-2023-electorate-40,Rangitata,8,available,0.2508193908327184,0.253225221000911,0.41915134764560513,-0.21112342689431285,1,1,0.5428233882666779,2.7582062163585555,0.386214107247701,0.7676848636712104,0.7299936625577493,1.1491450102033545,0.9411170894520622
primary,2023,nz-general-2023-electorate-41,Rangitīkei,5,available,0.2439802803982894,0.25825172814897235,-3.890248235573035,0.9648585234200588,0,0,0.5132851967262354,2.3455964579291333,1.4166563453024639,1.0211747079023967,4.915326514208179,1.0250782786351436,3.9504679907881197
primary,2023,nz-general-2023-electorate-42,Remutaka,6,available,0.26992345712760857,0.22617415309274252,0.36931310074372803,1.3929508219825424,2,2,0.6447084648229748,0.0815477233325479,-4.477475792097402,5.18845189912283,2.4144295893343957,2.7837426900781237,1.0214787673518533
primary,2023,nz-general-2023-electorate-43,Rongotai,9,available,0.25329207838321854,0.22281736933746166,-1.4157317302065364,0.5183214630993103,2,1,0.7223109304205635,-1.5887842733518815,-3.0188431446383888,1.3619335109798614,2.8486535522583183,1.4329218220517819,2.330332089159008
primary,2023,nz-general-2023-electorate-44,Rotorua,6,available,0.25712359326243617,0.2613307237770138,0.3555459545456712,-0.4680943329305456,2,2,0.2724859481614625,0.1741253148199784,0.3771391754508774,3.1010918666428444,2.322194355189574,2.677740309735245,2.7902886881201194
primary,2023,nz-general-2023-electorate-45,Selwyn,5,available,0.22949765450950196,0.26769072898696483,2.5669102658185707,-0.3055470416241409,1,1,0.6539678417210654,-0.9777234787477662,3.5250805525835593,4.372659930929261,0.862829004127632,3.429739269946203,1.168376045751773
primary,2023,nz-general-2023-electorate-46,Southland,7,available,0.2205455947267472,0.2506727353699219,-0.11298102494244366,0.06058536037339923,2,2,0.5762165299223186,1.5684261911409259,2.974323897356343,3.754812785955936,2.8498804419120023,2.7368994169695586,2.789295081538603
primary,2023,nz-general-2023-electorate-47,Taieri,9,available,0.2627758690108319,0.2694669489756404,-0.2098403139861189,0.003327185866999427,3,1,0.41971559571167943,1.0057645886881295,0.6132331313226935,1.3255617897565108,1.630594257419341,1.4207539434332221,1.6272670715523416
primary,2023,nz-general-2023-electorate-48,Takanini,4,available,0.2688895095529475,0.3017662240366819,3.2344539637547993,-1.6385880949198453,1,1,0.7700245804768368,-5.47184498837786,3.264922205311116,1.8392711157304,1.733838253427456,4.968292217182255,3.372426348347301
primary,2023,nz-general-2023-electorate-49,Tāmaki,4,available,0.210661327336241,0.23165355134980065,-2.8557690726360168,-0.16635497092162055,1,1,0.458823554841596,-2.318678213932801,2.115699039444105,14.338209952599522,18.788767470921673,15.932998398285656,18.955122441843294
primary,2023,nz-general-2023-electorate-50,Taranaki-King Country,4,available,0.23125313541069686,0.24807490127909065,-0.18515965161441805,0.3628505712215624,2,1,0.6151960962625578,3.3629926418890843,1.69230767576804,4.6750372846889166,4.847643330216718,4.6624836786023,4.484792758995155
primary,2023,nz-general-2023-electorate-51,Taupō,6,available,0.24521701546150937,0.2609797504878898,-0.015887233102040987,-0.004922577568728492,2,0,0.5160633166285953,1.8305762514949642,1.5800829395072324,4.128449966857238,2.062313743828635,2.046426510726594,2.0672363213973637
primary,2023,nz-general-2023-electorate-52,Tauranga,10,available,0.24445806479848628,0.2779215357343924,-1.0692016752895988,0.2520310681143654,2,0,0.4784593364262335,0.13467167580951678,3.344438924741147,0.71174243151246,2.040997522222707,0.971795846933108,1.7889664541083414
primary,2023,nz-general-2023-electorate-53,Te Atatū,6,available,0.2700605583067932,0.2700814755206164,-0.853575664560611,0.5581244967242087,2,2,0.3616125437176181,-1.4699525754834797,0.019388116218083118,1.2842717110279676,2.122409163109619,1.268833498549008,1.5642846663854102
primary,2023,nz-general-2023-electorate-54,Tukituki,10,available,0.2522955900231124,0.2602262501129624,1.415688453216951,0.010030966254118812,1,0,0.5145056704765885,3.1233991745967913,0.7172860676734727,1.9622917422060424,0.612388101594898,2.028076554811849,0.6023571353407792
primary,2023,nz-general-2023-electorate-55,Upper Harbour,9,available,0.2519463179066174,0.28586735335054825,0.8080945654812105,0.12356194299724887,2,1,0.6220158777495554,-3.5215503639393297,3.375429958866527,1.615016639683825,0.8554405209351278,1.6635350864163383,0.7318785779378789
primary,2023,nz-general-2023-electorate-56,Waikato,5,available,0.23205322321301028,0.25409093576282493,-0.537154718583825,-0.003123321425211545,1,1,0.5122327098808539,2.073388026545364,2.2151234439625025,1.3475914542368301,1.7158837785472558,1.1787290599634308,1.7190070999724674
primary,2023,nz-general-2023-electorate-57,Waimakariri,5,available,0.25784267097683683,0.2936731944468736,2.5370885631475386,-1.8280886191160608,2,2,0.670748782756284,1.2174834170575022,3.4784713142332087,4.791770257857741,2.1169272916231274,4.654015854770666,3.9450159107391882
primary,2023,nz-general-2023-electorate-58,Wairarapa,7,available,0.25150349374993664,0.2340447989933262,0.758672265752963,0.7658599050657746,3,1,0.5349820389894439,4.064642752186693,-1.7655309775349626,3.8603564026190895,2.93160243388386,3.690274699636823,2.1657425288180856
primary,2023,nz-general-2023-electorate-59,Waitaki,8,available,0.23969867266833625,0.2577116838934346,0.32888116976517545,0.3461026849650224,2,2,0.5880499125917414,2.2341560929499513,1.7099646059822116,2.34497855751228,1.6580130260663184,1.9868941958314938,1.311910341101296
primary,2023,nz-general-2023-electorate-60,Wellington Central,11,available,0.22643980101395544,0.19769586758364086,-0.12510236272681796,0.48274898433004965,1,1,0.7417787785224143,-1.4943780542226253,-3.1839077128116844,1.639204396631021,1.7798345575972696,1.6547321948704516,1.29708557326722
primary,2023,nz-general-2023-electorate-61,West Coast-Tasman,9,available,0.25661026712744145,0.27707953112247036,0.25063643992928153,0.07014377984055331,4,3,0.9569644044329925,4.522674445653719,2.0136791670295526,4.816950421030177,3.982856947020421,4.233493386949703,3.912713167179868
primary,2023,nz-general-2023-electorate-62,Whanganui,6,available,0.26381672728839833,0.2682366012812022,1.5595595208919182,-0.48874993035897285,1,0,0.5077244460572224,3.1687892385301453,0.5236055377389859,3.076497342061353,1.182319360199236,2.741878881091154,1.6710692905582087
primary,2023,nz-general-2023-electorate-63,Whangaparāoa,6,available,0.23255278117366618,0.2842621272428525,1.1537333816601392,0.3030246963925425,1,0,0.6397688325477805,-1.5680262304547554,5.096575615011425,4.48364310038474,1.864042061889679,3.017775443549818,1.5610173654971364
primary,2023,nz-general-2023-electorate-64,Whangārei,10,available,0.26165840138450996,0.28792338706623705,0.9008179889409238,0.04978478495368788,2,0,0.44999546330454837,0.2426553480238569,2.535222262496353,2.6392936950511556,1.336516551762938,2.237334540703862,1.2867317668092502
primary,2023,nz-general-2023-electorate-65,Wigram,10,available,0.2634776177889409,0.27913601735147275,0.4856108814465231,-0.0322571610901089,2,1,0.4028758448635529,-1.4730590453502224,1.6536516969446302,2.1577034637078394,0.9320514263153868,1.41766230776191,0.9643085874054957
strict,2014,nz-general-2014-electorate-06,Clutha-Southland,8,available,0.046750819312512897,0.05126738978732414,-1.0868039291271836,0.47028989162901524,2,2,0.36407255409339573,-1.6094770734023767,-0.06925253336138304,1.5318642321168707,2.647578728727805,1.5607747996006214,2.1772888370987897
strict,2014,nz-general-2014-electorate-09,Dunedin South,8,available,0.047153589167380425,0.045266534360518536,-0.03392636096652435,0.9004580351557752,3,3,0.2787140584425861,0.06359228958991436,-1.3002895759934574,3.6398371892028525,2.302253612214182,2.2683272512476575,1.4017955770584067
strict,2014,nz-general-2014-electorate-18,Ilam,7,available,0.0398504206576814,0.03570245889990687,-1.4057031558804505,0.23658880308101837,2,2,0.14167530661915942,0.0637360346673499,-0.2008054795033798,1.448283454631983,2.975073573368701,1.5693704174882506,2.7384847702876827
strict,2014,nz-general-2014-electorate-19,Invercargill,6,available,0.04830115814368205,0.07263565291286056,-0.09100984512216459,0.02976450601364644,3,3,0.43867469957545585,-0.0557441936606895,1.1115757538913473,1.44940456218449,1.916709802795306,1.8256999576731414,1.8869452967816596
strict,2014,nz-general-2014-electorate-20,Kaikōura,9,available,0.05378837860226482,0.0644728654398249,0.7959437347751721,0.24436075225228038,3,3,0.5805574119426132,-2.6373842677849924,0.7010673610562623,2.118811323636065,1.5445160685004078,2.34045980327558,1.3001553162481274
strict,2014,nz-general-2014-electorate-22,Mana,6,available,0.04430555171799389,0.04630359731036302,0.4823634829710022,-0.07099573329446951,4,3,0.16889622136089005,-0.3941905600136131,0.49777469925584295,5.6931638053445335,5.2265882708259825,5.708951753796985,5.297584004120452
strict,2014,nz-general-2014-electorate-23,Māngere,5,available,0.052148271225150984,0.05645549540956249,-1.21766599159531,0.2937640073724337,0,0,0.2203355372052978,-0.8803023506730956,0.40629301650481064,1.1139573889370848,2.310084611506887,1.092418619911577,2.0163206041344535
strict,2014,nz-general-2014-electorate-25,Manurewa,7,available,0.056294856858918114,0.05580176590629376,0.06797764029790687,0.7507105013338988,2,2,0.2304841717736613,-1.3232500350933374,0.26020270721200944,1.277142902424542,1.4762808721526068,1.5442585124505137,0.725570370818708
strict,2014,nz-general-2014-electorate-30,Nelson,7,available,0.04741470162402604,0.07005609656121704,1.1078339829994506,-0.41258121537874404,2,2,0.3933515481534356,0.5447512078016192,0.1866662307236311,2.870821203438257,1.9919329723216603,3.099766955321111,2.4045141877004044
strict,2014,nz-general-2014-electorate-33,North Shore,6,available,0.04273496394489519,0.03876175870677329,-1.7252145353702002,0.608278489162505,1,1,0.2793695058310354,-0.4634980728653204,0.4980747749455561,1.693408016614133,3.2272748713685764,1.5020603359983762,2.6189963822060713
strict,2014,nz-general-2014-electorate-34,Northcote,7,available,0.04691834720324337,0.05459302617643897,-0.47908847017252265,-0.5965429086289742,3,3,0.336763356172623,0.9892665217182239,0.6580054220477222,1.6294437212328081,2.474565549385457,1.9954770792129342,3.071108458014431
strict,2014,nz-general-2014-electorate-35,Northland,9,available,0.0689515708338922,0.062131241475113286,-0.11415535614994399,-0.49995108097098795,2,2,0.3442455234270847,-0.5600756647187399,-1.0059300983099762,2.6581431812152503,3.3354249495955264,3.2212695934455824,3.8353760305665143
strict,2014,nz-general-2014-electorate-38,Pakuranga,4,available,0.050155139264490244,0.05536704635722982,-1.119896165724695,-0.2200815505303364,1,1,0.36543639833293357,0.8448972258847887,0.7362267220160229,5.4655451574107445,7.271796616282556,6.151900450557861,7.491878166812892
strict,2014,nz-general-2014-electorate-39,Palmerston North,5,available,0.04975284937294839,0.05660670462297473,-0.9557138042709763,2.172430981995929,1,1,0.1884830138555331,0.5039637129257424,-0.09195515446256963,6.089429600896531,3.9421890554795773,2.986475251208601,1.7697580734836484
strict,2014,nz-general-2014-electorate-46,Rongotai,10,available,0.041807416972304695,0.053453249370884214,-1.140651200347196,1.7296111294905936,5,3,0.3771375635201084,0.6066212740125754,1.248115115081283,3.628542225691929,2.8839991101992757,1.7433479098520797,1.154387980708682
strict,2014,nz-general-2014-electorate-51,Taupō,8,available,0.05796979417793258,0.05217110409957291,0.27448781319514914,-0.5240823976932545,3,3,0.4730117664685479,-2.387389811405727,-0.49809377300194524,2.567225030588742,1.3425304158131508,1.6170182290083,1.8666128135064053
strict,2014,nz-general-2014-electorate-54,Tukituki,7,available,0.05283166844465709,0.0539544724755711,-0.6951654066617561,0.3237567842523954,3,2,0.316818312944801,-0.37335783140330925,-1.0479683523177685,2.9249124682267493,3.5973129210140398,2.9021475143522837,3.2735561367616444
strict,2014,nz-general-2014-electorate-58,Wairarapa,7,available,0.05736140866442471,0.06373303523489983,-0.1958603726663357,0.04897878548948231,2,1,0.542751916966584,-2.2164446513744163,0.2939040489987249,4.921460961855626,5.109009845702737,4.913149473036401,5.060031060213254
strict,2014,nz-general-2014-electorate-61,West Coast-Tasman,7,available,0.05074612164236872,0.08400473358552703,-1.0921945805216247,2.3387832896991103,3,3,0.5338851629399325,0.5842040644714275,1.2960547317632383,7.415073781478492,5.208551364741366,4.116356784219741,2.8697680750422556
strict,2014,nz-general-2014-electorate-63,Whangarei,10,available,0.06353991294277968,0.061275102136498595,0.40868399693751845,0.3006279255250537,2,2,0.32592664196980864,-1.1509286611862735,0.2660306228832149,2.1200693422226617,1.5196280599429695,1.928312056880488,1.2190001344179158
strict,2017,nz-general-2017-electorate-01,Auckland Central,8,available,0.1429780606663818,0.19409776790146252,0.024218057455730246,-0.35057381999488424,2,2,0.7364412068390725,4.975433820074104,-4.674046763175838,2.0871939181211863,1.6245464346902936,1.6487644921460238,1.9751202546851778
strict,2017,nz-general-2017-electorate-02,Bay of Plenty,5,available,0.10829746744086909,0.16044419277905436,0.14476464623051966,-0.41605248066273726,1,1,0.7442955217629584,3.5394467617044567,-5.022062106445158,2.1860789267045564,2.655874731402944,2.8006393776334635,3.071927212065681
strict,2017,nz-general-2017-electorate-03,Botany,6,available,0.12689273113021468,0.09758605323342712,0.6028965998551055,-0.7884938241525394,2,2,0.7500366781487928,-5.39639900483696,2.989119930937989,3.549235133417964,2.3473332761080266,2.950229875963132,3.135827100260566
strict,2017,nz-general-2017-electorate-04,Christchurch Central,7,available,0.14959896570123365,0.18092570357117238,0.7212312784664907,-0.12072134847570792,1,1,0.5026565729487356,3.073879649976763,-2.2201532813464873,2.781641668319624,2.297132932881252,3.018364211347743,2.41785428135696
strict,2017,nz-general-2017-electorate-05,Christchurch East,7,available,0.15786535052633033,0.17568927288906397,-0.08199878884334444,-0.05636811786993179,2,2,0.3099166257912773,0.6242089115056138,-1.938043908323711,2.7178186144748646,1.5470779541748483,1.4650791653315038,1.60344607204478
strict,2017,nz-general-2017-electorate-06,Clutha-Southland,7,available,0.1071260515230784,0.1369066636471758,-0.8695086747530156,0.19824243200666825,2,2,0.5261741109633653,3.3219333941987617,-1.6606428725600086,2.010716105358803,2.7847923973456417,1.915283722592626,2.5865499653389734
strict,2017,nz-general-2017-electorate-07,Coromandel,5,available,0.11546657936363751,0.14056322634619453,-1.2216827520580251,-0.5121404183143232,1,1,0.6326376615029634,2.8560973122114475,-3.4231478693658888,2.8078401043187657,4.282397216948156,3.0607144648901308,4.794537635262479
strict,2017,nz-general-2017-electorate-08,Dunedin North,8,available,0.175051263949616,0.20283303419168336,-0.6662798816197726,1.3182657611858841,2,2,0.42249949560458305,2.577608431736722,-1.1484243889556267,3.314904083014339,2.450655562551486,1.7843756809317135,1.132389801365602
strict,2017,nz-general-2017-electorate-09,Dunedin South,7,available,0.15734310173435137,0.17534453862459504,-0.5803342161045748,1.1774033604856569,1,1,0.2537721654120501,0.1805081153449406,-1.8395442199440115,2.5289153061182876,1.7198580882566785,1.1395238721521037,0.5424547277710215
strict,2017,nz-general-2017-electorate-10,East Coast,7,available,0.13688425914853655,0.1666677990701481,-0.980676678968448,0.3729065865523291,1,0,0.4201284590240834,2.095371795180384,-3.1352216722114354,0.7447278898578487,1.7350251797707772,0.7543485008023292,1.362118593218448
strict,2017,nz-general-2017-electorate-11,East Coast Bays,6,available,0.11342191618838988,0.13123315940929528,-0.4523203451177258,0.2514050921890745,0,0,0.5053600818641952,1.7813125861946832,-3.977767580398517,1.1307567122171316,1.5954674524109347,1.143147107293209,1.3440623602218602
strict,2017,nz-general-2017-electorate-12,Epsom,6,available,0.10067648802927075,0.13930779775200497,-1.8628562299065905,3.360378887301934,2,1,0.615076298362347,4.287275557490256,-3.9133963043561177,13.597523935706208,12.602568930384923,10.739712700478332,9.242190043082989
strict,2017,nz-general-2017-electorate-13,Hamilton East,6,available,0.14209514015713595,0.15083295492857463,0.3591077220701093,-1.3293744243819885,1,1,0.13977066668301166,0.09603822297182818,-0.2893192805347833,1.7530115376282969,1.5964509362434633,1.9555586583135727,2.925825360625452
strict,2017,nz-general-2017-electorate-14,Hamilton West,9,available,0.14339538781702377,0.1400396906996223,-0.7258970181885018,0.8184704505347689,1,1,0.296625961348255,-1.8490358473369717,0.5507103375395284,2.2681343632408466,1.9852548333125821,1.2593578151240803,1.1667843827778133
strict,2017,nz-general-2017-electorate-15,Helensville,6,available,0.1174235815811534,0.1521380123259608,-2.1619948759652643,0.6632994399415555,0,0,0.7848173557914707,3.9714982040243596,-5.575930152407019,2.8163266749458016,4.97418632480911,2.8121914488438455,4.310886884867554
strict,2017,nz-general-2017-electorate-16,Hunua,6,available,0.0991474307008365,0.10809151557535421,-0.10350154568769598,0.21399694681055892,2,0,0.30175702740991517,0.3305118203482005,-2.122141981677253,1.3840578266951817,1.4981096313019635,1.3946080856142675,1.2841126844914046
strict,2017,nz-general-2017-electorate-17,Hutt South,8,available,0.14990804099272573,0.16093835168927162,1.587814439003185,-0.7890503782858562,1,1,0.15924910704653808,0.27651824708557204,-0.13863480235385417,2.561494449061598,1.2865609723802895,2.8743754113834745,2.0756113506661458
strict,2017,nz-general-2017-electorate-18,Ilam,7,available,0.1196673364920214,0.17135465980189246,-0.1015941887036238,0.13218291087910572,1,1,0.6865338742940754,3.7451291182300728,-4.384956982351406,6.627901307499988,6.7103624856299575,6.608768296926334,6.578179574750852
strict,2017,nz-general-2017-electorate-19,Invercargill,4,available,0.13817428258880757,0.1302136199071704,-1.6043044313424564,0.0795226898660295,2,2,0.30756790261357825,-2.396116724874253,0.3809497385157401,1.6581967874516412,2.1365632615352643,0.5322588301928081,2.057040571669235
strict,2017,nz-general-2017-electorate-20,Kaikōura,9,available,0.11745603201205654,0.1448502150325866,-0.6845083104587111,-0.35292878312762754,4,4,0.4913218261536394,2.637508529666499,-3.246704391614519,0.7396092327517098,2.122968597894063,1.4384602874353518,2.4758973810216904
strict,2017,nz-general-2017-electorate-21,Kelston,7,available,0.16603171280070617,0.10897779042384907,-0.7531709067059591,0.4610664291050439,2,1,0.8664864494268821,-5.171774293891229,5.876841683216405,1.1949339234171563,1.6555904946603899,0.9024195879544308,1.194524065555346
strict,2017,nz-general-2017-electorate-22,Mana,7,available,0.15800788132004098,0.1487223434232933,-0.5848575319933423,-0.5152430827068586,2,2,0.3157334194526489,-0.4439571371060491,2.0360241573700866,2.428008482002363,1.3949403382509622,0.8100828062576199,1.9101834209578208
strict,2017,nz-general-2017-electorate-23,Māngere,8,available,0.13199248510075967,0.07756989808168098,-0.28775360363991087,0.10580431176200378,0,0,1.1091075653241274,-5.609662960617951,7.555372444366348,2.4001381928327716,2.662854647082029,2.3751010434421183,2.5570503353200253
strict,2017,nz-general-2017-electorate-24,Manukau East,8,available,0.13183452356380018,0.06948799998516512,-1.3101900367961201,0.4467808375841855,2,2,1.3062632574403024,-7.629074602388744,9.021236922028242,1.6575806043824268,2.694507144676119,1.3843171078799987,2.2477263070919333
strict,2017,nz-general-2017-electorate-25,Manurewa,6,available,0.1496972116925101,0.08394553314490993,-1.8843030507300391,1.809957473681272,3,3,1.0432764844888165,-6.679926856078536,6.847624768667915,2.830448985651971,3.0324996484412425,1.1481965977112034,1.2225421747599705
strict,2017,nz-general-2017-electorate-26,Maungakiekie,7,available,0.15675317429977265,0.11048270645852172,0.3336132605086708,-0.09564338606834122,0,0,0.673222158003691,-4.182700765727315,4.805203849551587,3.9637385943622867,3.6308232109241914,3.964436471432862,3.7264665969925326
strict,2017,nz-general-2017-electorate-27,Mt Albert,8,available,0.16251175274762095,0.170425435370306,2.542283621543533,-0.5058229198838293,2,1,0.3766204767540316,2.7545238216393653,-0.37249218781474913,5.411247592041042,2.883283025490742,5.425566647034275,3.3891059453745713
strict,2017,nz-general-2017-electorate-28,Mt Roskill,9,available,0.15796479801175733,0.10123662992869126,0.5615384018722174,-1.1557850567556989,2,2,0.9370412105130196,-5.850688896683326,6.1809681337831375,1.5549657421432643,1.1348183008538937,1.696356702726111,2.2906033576095925
strict,2017,nz-general-2017-electorate-29,Napier,6,available,0.14776540715202358,0.14075385287230258,1.0637084560109824,0.18092711468909084,1,1,0.16321502850927488,0.33728951105060356,0.1769826478097869,4.267359138652821,0.9506669179402892,2.0143753739512715,0.7697398032511984
strict,2017,nz-general-2017-electorate-30,Nelson,8,available,0.15251432078141708,0.20329169065860486,-0.5416338899862252,-0.06693516287944146,2,2,0.6814165141124723,3.6953470968725863,-4.406341091862009,3.774780330234239,4.671998248736302,4.130364358750077,4.7389334116157436
strict,2017,nz-general-2017-electorate-31,New Lynn,9,available,0.16131184523506967,0.10940497484595375,-1.0582543162118883,0.26434694550824833,0,0,1.0755296926459177,-7.045881868628845,6.98115026358403,1.0348001556519955,2.0917522395295776,1.0334979233176893,1.8274052940213292
strict,2017,nz-general-2017-electorate-32,New Plymouth,6,available,0.1252379464645025,0.16043739688266762,-0.47145303811512873,-0.38917126296007454,1,1,0.5238437720944991,3.8145238480640495,-3.1811080799388716,0.5363051631598382,1.6434415120340693,1.1719884739189406,2.032612774994144
strict,2017,nz-general-2017-electorate-33,North Shore,6,available,0.10617489277946472,0.14365968299502357,-0.8449599144500306,-0.02285284912036145,2,2,0.5422942131960743,3.524300889191523,-4.1236778041889774,1.797441613935017,2.9262024976386036,2.081242583188573,2.949055346758965
strict,2017,nz-general-2017-electorate-34,Northcote,6,available,0.1370968933360817,0.14658050769932401,-0.13554843143049577,0.2717441531640774,2,1,0.16621608443661506,0.008908753142439219,-1.2030993110069943,1.4685474350840209,1.5852333550131341,1.4496849235826383,1.3134892018490567
strict,2017,nz-general-2017-electorate-35,Northland,6,available,0.13993326203711878,0.16304555904437862,-1.0551289208196817,0.22459152804795757,3,2,0.7105835968024152,3.820211575629151,-3.662804087773497,7.559510398135183,8.580361153187933,7.525232232368252,8.355769625139976
strict,2017,nz-general-2017-electorate-36,Ōhāriu,7,available,0.13966258641682613,0.16228774964078016,3.5388211659913615,-4.7196336267022945,2,2,0.4117147602922516,2.6383554755284866,-0.7322001245274989,3.6889479441116224,3.3460300511073227,6.884851217098684,8.065663677809617
strict,2017,nz-general-2017-electorate-37,Ōtaki,7,available,0.14087650824542286,0.13774864933863584,0.36334040982515425,-0.6931827329466749,2,2,0.07344654574986192,-0.18858695356573918,0.025983065803214522,1.652396007866208,0.9839613943505363,1.3473018041756906,1.6771441272972112
strict,2017,nz-general-2017-electorate-38,Pakuranga,5,available,0.11302857100790029,0.11690491148940273,-0.8452615722743734,0.8363964404307463,1,1,0.4086559476378002,-2.378262384286156,-0.36017023354450173,1.7934160916373951,1.7267716689717747,0.8815100966974013,0.8903752285410284
strict,2017,nz-general-2017-electorate-39,Palmerston North,5,available,0.15613143687880218,0.13228628150454286,-1.586388489594134,0.3736404792243706,2,2,0.3391378865196607,-0.8576574624077404,2.563805823099435,3.127059959391264,2.370122455360908,0.7837339657667739,1.9964819761365373
strict,2017,nz-general-2017-electorate-40,Papakura,4,available,0.1375768516703231,0.0935983296212937,2.1856316425113924,-1.8013736620659184,1,1,0.6132169694366116,-4.131074521718547,3.4966701041056925,3.1734366131258254,3.4142676192689985,5.599899261780391,5.215641281334917
strict,2017,nz-general-2017-electorate-41,Port Hills,6,available,0.14329059467089356,0.19073563851770214,-2.674968190547466,2.581505323120485,5,4,0.6424825122925958,4.166717357207094,-3.9748121788102884,5.85468199374117,4.077234747963392,1.4022665574159263,1.4957294248429074
strict,2017,nz-general-2017-electorate-42,Rangitata,5,available,0.13032277854353297,0.13724185299964267,-2.1564946229704,0.5268222754175973,1,1,0.24191125826601748,-0.7293108189458719,-0.9906256848104034,1.3644443836653015,3.5139968960273342,1.3575022730569342,2.987174620609737
strict,2017,nz-general-2017-electorate-43,Rangitīkei,6,available,0.12555597268531843,0.12992526662377543,0.29150299808451674,-1.038277817643891,2,2,0.2225084551228646,0.8432729575759357,-0.7295574992215115,1.013224347233137,1.2811338168361341,1.5726368149206509,2.319411634480025
strict,2017,nz-general-2017-electorate-44,Rimutaka,6,available,0.15618842162513813,0.1359269479021953,0.5229465480746882,-1.4585785749676925,2,2,0.42760450901003966,-1.7913861164826794,2.433600130672353,3.135752104638062,0.8195656979300934,1.3425122460047816,2.278144272897786
strict,2017,nz-general-2017-electorate-45,Rodney,5,available,0.1141726330923555,0.13313573098345108,-2.206058918082695,0.2241591901845288,2,2,0.6101495193397363,2.7628537136601183,-3.806152035385299,0.6508284294158883,2.7884945727989288,0.5824356547162342,2.5643353826144
strict,2017,nz-general-2017-electorate-46,Rongotai,8,available,0.17144963094911864,0.18665532380580344,0.08443081502723526,0.1684411498672651,2,2,0.5829820286254306,2.903377178266897,0.5119506309366029,2.31960823435364,1.4147246929472965,1.4991555079745318,1.2462835430800314
strict,2017,nz-general-2017-electorate-47,Rotorua,7,available,0.1281311032386024,0.14030165357254967,-0.4434939514952536,0.03278089913479665,2,1,0.19662951023410508,1.112554433091073,-1.068313165935414,0.9808311833566028,1.102640222074073,0.6591462705788194,1.0698593229392763
strict,2017,nz-general-2017-electorate-48,Selwyn,6,available,0.09896863181358316,0.1595053636550692,-1.0890931879624766,-0.6009979879971632,1,1,0.7933047456137232,3.9824894574350678,-6.161197046272449,1.352912190663982,2.618485940542369,1.5293927525798925,3.2194839285395322
strict,2017,nz-general-2017-electorate-49,Tāmaki,7,available,0.10349538010328299,0.11779470550967973,-1.686599848052623,0.35126207940571885,2,1,0.37204928627726036,2.1527835665163475,-2.1152054211205975,0.5243930416468816,2.213170665275472,0.5265708172228488,1.861908585869753
strict,2017,nz-general-2017-electorate-50,Taranaki-King Country,4,available,0.10457957643322502,0.13213128077316288,0.16600864380371627,-1.3853584817491544,2,2,0.518555062877878,3.5220675728717232,-3.0828674118718924,1.7339062796878033,3.805202073721725,3.9712107175254414,5.19056055547088
strict,2017,nz-general-2017-electorate-51,Taupō,5,available,0.12018222362861551,0.13163023433496399,-0.21580855861192338,-0.3451044353559003,1,1,0.22946421517950674,1.0510909293147463,-1.1216415623063136,2.2295480839961637,2.556212233091459,2.3404036744795356,2.9013166684473592
strict,2017,nz-general-2017-electorate-52,Tauranga,11,available,0.1099920707567784,0.15967879205005503,-0.8079967966621867,0.24367285922608506,3,3,0.6689201713730208,3.0312506260959493,-4.338221504695911,0.6477656394808817,1.6280911255190758,0.820094328856889,1.3844182662929907
strict,2017,nz-general-2017-electorate-53,Te Atatū,7,available,0.15731213655453696,0.10822920143390528,0.48988993848873585,-0.8893951012135886,3,3,0.7360144553485438,-5.021903401633915,4.22820796351192,1.0199727733086585,1.556554499046713,2.046444437535449,2.4459496002603016
strict,2017,nz-general-2017-electorate-54,Tukituki,7,available,0.1403932732613355,0.13678739099462922,-0.5911504005299317,0.40073971668171326,3,3,0.2047853266427634,0.7816279138529503,-0.04266530351825781,1.609512599946353,1.82506303686028,1.2339126363303483,1.4243233201785668
strict,2017,nz-general-2017-electorate-55,Upper Harbour,5,available,0.13539816102188942,0.10806070529925847,-0.20339412875387408,0.09407450228327452,1,1,0.3880506861370401,-2.9674671435496847,1.8589535081001585,2.631199916177888,2.2863466085231656,2.0829524797692915,2.192272106239891
strict,2017,nz-general-2017-electorate-56,Waikato,4,available,0.10803166337476777,0.11518083267262376,-1.5257092473043008,0.3878645149641713,0,0,0.3019767769981756,0.8804228980187068,-1.4612251652116104,0.7478526224793638,2.282514477328978,0.7568052300246773,1.8946499623648068
strict,2017,nz-general-2017-electorate-57,Waimakariri,10,available,0.12137267862243074,0.15336459967144175,1.092054766857519,-1.0796318341251308,5,5,0.538195482087024,1.6691419954255826,-3.981780281978403,1.1849912234787716,1.3684904582833948,2.4605452251409137,2.4481222924085255
strict,2017,nz-general-2017-electorate-58,Wairarapa,6,available,0.12764129562074086,0.13733478397908733,-2.609746637352133,2.6632149113556745,4,4,0.26954862158020726,1.3655705937590912,-1.4725348243948055,3.8816476408843377,3.9696029593910573,1.3598563220389244,1.306388048035383
strict,2017,nz-general-2017-electorate-59,Waitaki,7,available,0.12105596617190599,0.14865016901944803,-0.30762990055318906,-0.8200005112621198,2,2,0.44797532365032716,1.7335117382041854,-2.8169666025443076,0.7016916788690838,1.4769366870382246,1.1693067864850355,2.2969371983003444
strict,2017,nz-general-2017-electorate-60,Wellington Central,9,available,0.1576659881362551,0.205004923961218,-0.29035912817052445,-0.26604425237642637,2,2,1.0331471224386217,6.800931473249494,-1.550206975616436,3.7256779400427806,3.0541931304385543,2.76383400226803,3.3202373828149807
strict,2017,nz-general-2017-electorate-61,West Coast-Tasman,10,available,0.14850210294811206,0.1716550712715321,-0.02998742769344176,-0.2704476684107746,3,3,0.536908819082668,3.481146239365407,-1.5882618799897719,3.1233968444141262,2.085119154943406,2.055131727249964,2.3555668233541804
strict,2017,nz-general-2017-electorate-62,Whanganui,5,available,0.14354757509941707,0.12945993018172308,0.2953267660657921,-0.060619384557347944,1,1,0.19599745090592005,-0.61095252874237,0.5748840411884337,1.433058291542552,1.1412387939063229,1.436565559972115,1.2018581784636708
strict,2017,nz-general-2017-electorate-63,Whangarei,8,available,0.12576915251806395,0.16346916055461277,-0.9239024078534204,-0.09030975813515685,3,3,0.8092920166163873,4.83623264107127,-3.9830559538281243,3.5557439484027253,4.954402293673085,4.030499885819665,5.044712051808242
strict,2017,nz-general-2017-electorate-64,Wigram,8,available,0.152935231317914,0.1576634882170321,0.03510429479806332,-0.6665865894234391,3,2,0.2696516678019807,-1.440064036470845,-0.11164255150030167,2.5659075489108836,1.1473439899863611,1.1824482847844244,1.8139305794098002
strict,2020,nz-general-2020-electorate-01,Auckland Central,11,available,0.23684822406901695,0.2152853267272981,0.21918548473972788,-0.09057789084490508,1,1,0.8488667677831848,-1.2938581297393337,-1.0691007529615604,5.070853340525216,4.849770849923676,5.068956334663404,4.940348740768581
strict,2020,nz-general-2020-electorate-04,Botany,5,available,0.2662261749550497,0.2788694533600863,2.7556335582042615,-0.7505868279069312,0,0,0.6296420994821273,0.6373545579942297,-4.895470814187542,4.912685779595225,2.157651136603292,4.913284694807554,2.9082379645102234
strict,2020,nz-general-2020-electorate-05,Christchurch Central,10,available,0.22744487346814515,0.24180240786609086,0.677288582398107,0.07579983956741598,1,1,0.3154961577034281,1.8870690266767602,-0.9042437836877526,2.458053016428006,1.2561483370486883,1.9334369194467953,1.1803484974812724
strict,2020,nz-general-2020-electorate-09,East Coast,7,available,0.24646830915595394,0.25649477864142645,0.7012359319369208,-0.00812830355405203,1,1,0.5165736675293734,0.017770794915228372,2.4590587136249065,2.3708509660065533,1.0963108664455514,1.7975467983824722,1.1044391699996035
strict,2020,nz-general-2020-electorate-10,East Coast Bays,7,available,0.29183187361191665,0.29143947421904226,2.6696128992124826,-0.6015434112599811,1,0,0.9540604562056872,-0.45816880599449106,-7.2431396036846785,4.59116204165765,1.921128645692162,4.5907415449046445,2.522672056952143
strict,2020,nz-general-2020-electorate-11,Epsom,11,available,0.31630541878827595,0.238483640758607,-0.37658254459226104,0.6845075316113425,2,1,1.818625550133442,-6.920519812584064,-5.933888431518724,4.385373013146262,3.021804381490769,2.645221836898508,2.3372968498794267
strict,2020,nz-general-2020-electorate-12,Hamilton East,11,available,0.25421215481703513,0.2503010439216251,0.9762591746509635,-0.12281251047021491,2,2,0.32630338309324525,-0.13270538785093988,-1.1654010752131738,2.608258054834314,1.4535290015626854,2.429788176213649,1.5763415120329003
strict,2020,nz-general-2020-electorate-14,Hutt South,11,available,0.2346865066440599,0.2444573406121987,0.2984893066617418,0.20826474468110145,4,3,0.3533477056215725,1.426864862588975,-1.6632841285978528,3.401650803114471,2.538019897923059,2.8365092045848006,2.3297551532419574
strict,2020,nz-general-2020-electorate-17,Kaikōura,12,available,0.2603090343020285,0.30142586807813343,0.7075892987787775,-0.09240377031632474,6,4,0.7808062889280925,3.0585510561193905,-1.1103727804050556,1.8956937715189128,1.1800746131828177,1.8876639119615952,1.2724783834991424
strict,2020,nz-general-2020-electorate-19,Kelston,11,available,0.20936599561433653,0.2032808969805199,0.053677038458465054,-0.13968896219261362,2,2,0.17262292278928254,0.11611477308659246,0.3060660808883231,0.9789544241212739,0.798284037407111,0.851961075865576,0.9379729995997246
strict,2020,nz-general-2020-electorate-20,Mana,11,available,0.2149923045415017,0.22535868764568076,-0.9295151268903846,0.210914434859234,1,1,0.269161564376753,1.5904975024904648,0.3869897661093913,0.4424721098838528,1.3816736442419928,0.45215851735160817,1.1707592093827588
strict,2020,nz-general-2020-electorate-21,Māngere,7,available,0.13638548497007044,0.12413717323072472,-0.46497857981945856,0.11324681137435277,0,0,0.48728426833110833,-0.7598957390987691,3.2511078170419094,2.0722228260349813,2.5159967318700636,2.051018152050605,2.402749920495711
strict,2020,nz-general-2020-electorate-24,Mt Albert,6,available,0.2044600004610093,0.17459933546989317,3.222091419321346,-0.8593286141861118,2,1,0.7917066588005808,-1.3130017749185625,3.5428360233898895,4.646569779680706,2.019417703283548,5.241509122604894,2.87874631746966
strict,2020,nz-general-2020-electorate-26,Napier,7,available,0.24831989681472447,0.24180002751757698,1.87242380940142,-1.9865867138393831,1,1,0.4099091025073866,-1.1758150136701173,0.9928326010452126,2.688237060737404,3.3949303141814227,5.267354123582843,5.381517028020806
strict,2020,nz-general-2020-electorate-29,New Plymouth,8,available,0.2589476171478871,0.25420019669968197,0.6842669650519171,0.11956345779187805,1,1,0.3453167819488778,-1.205023118126075,-0.6311743401668124,3.1284591697563013,1.8527482154603234,2.5370151805122405,1.7331847576684454
strict,2020,nz-general-2020-electorate-30,North Shore,9,available,0.28214266092781026,0.2784137203912227,1.400886412330382,-0.3068472975018628,2,2,0.6866224690889722,-0.06786227005563528,-5.245614519565067,3.328251589857119,1.8211836411433173,3.2220700534736992,2.12803093864518
strict,2020,nz-general-2020-electorate-31,Northcote,7,available,0.2600337492916567,0.2608927537697437,1.7876291517896914,-0.41567310174436,2,1,0.5485733828334305,0.07314516159817042,-3.6885638565255285,4.083973423766578,2.1158697533059807,3.903498905095672,2.5315428550503407
strict,2020,nz-general-2020-electorate-33,Ōhāriu,10,available,0.24244440443181733,0.2660822297907445,0.8766102589588645,-0.2703517167645688,2,2,0.8191901129720452,3.121141669282962,-4.182073254212032,3.1988025595665506,2.150955957315708,3.0275662162745727,2.421307674080277
strict,2020,nz-general-2020-electorate-34,Ōtaki,8,available,0.2484704731683476,0.2667892311581615,1.381615879307087,-0.37260290339750424,1,1,0.3765925923015946,1.00117913259124,-1.6724087367497864,3.304248321904348,1.8787915864852731,3.26040746579236,2.2513944898827773
strict,2020,nz-general-2020-electorate-35,Pakuranga,6,available,0.27874814152205046,0.2844768732079036,1.5189775837479305,-0.06315946241953085,1,1,0.7202696776584758,0.07750331901038021,-5.6090915610809695,6.413765552832821,4.266839344002371,5.785816927750301,4.3299988064219015
strict,2020,nz-general-2020-electorate-36,Palmerston North,7,available,0.23885678365512394,0.24196780072323068,0.8170044175254094,0.2450015799476366,1,1,0.19264148512667,0.8650733537016592,0.1933710854288062,2.117699139643041,1.2673161077235318,2.084320525248941,1.0223145277758952
strict,2020,nz-general-2020-electorate-41,Rangitīkei,7,available,0.2664409647204358,0.29929618438509414,0.7696818123456965,0.3259857643238766,2,2,0.6413195604872327,2.393931838206803,-1.6394570481311266,3.6767101515280234,1.901940930316553,2.6716227426622496,1.5759551659926765
strict,2020,nz-general-2020-electorate-42,Remutaka,8,available,0.235522879662775,0.25577805335766496,-0.0018149127603754867,0.5588189100855113,3,3,0.48951372119108993,2.6272134596080217,-1.536487815481813,3.0793738511625546,1.393711779346566,1.3918968665861906,0.8348928692610548
strict,2020,nz-general-2020-electorate-43,Rongotai,9,available,0.18342179127171224,0.1864725617599483,0.13650003823461088,-0.04001776883727359,3,2,0.547517715307419,1.277725390386708,1.454832979844356,2.075144149260127,1.3174154917219023,1.4539155299565132,1.357433260559176
strict,2020,nz-general-2020-electorate-44,Rotorua,8,available,0.2543071069389307,0.27798334260194374,0.2510593121332545,0.35493557026916833,2,2,0.5087337668557441,1.5305062150248072,0.8322319547887203,3.1826288297994845,2.0462701363923843,2.297329448525639,1.691334566123216
strict,2020,nz-general-2020-electorate-49,Tāmaki,6,available,0.30377290170262516,0.2791468937754588,2.6198730374398074,-0.7245391710504081,1,0,1.1202222550571952,-2.270099554098337,-6.096646172628656,5.870850066008641,3.25578810911431,5.875661146554117,3.980327280164718
strict,2020,nz-general-2020-electorate-50,Taranaki-King Country,5,available,0.2757803868680998,0.2933240295569697,0.8848795599278718,-1.3485981707674917,1,1,0.428727498593915,0.5689583051416813,-1.8099696198131399,3.3560497507414686,2.1269598790743927,3.0118394390022645,3.4755580498418843
strict,2020,nz-general-2020-electorate-52,Tauranga,11,available,0.2755082298600586,0.294370708069765,1.0239000965873375,-0.2516852268430878,2,1,0.3770607985001986,0.6414524523635001,-2.4617130323601186,2.008089407012902,1.2356287672768542,2.2595288638641917,1.487313994119942
strict,2020,nz-general-2020-electorate-53,Te Atatū,7,available,0.23754169573810807,0.2315708947620637,0.4653954824687945,-0.45688478121714193,1,1,0.3386704769002201,0.04661696869849019,-1.1118236670808135,1.6621663078202555,1.7530603581284467,2.218455840597241,2.2099451393455887
strict,2020,nz-general-2020-electorate-54,Tukituki,9,available,0.2519348217643805,0.2636112556131322,1.4546224177525144,-0.910720707341778,3,3,0.41013142619919624,0.05918651532694774,0.5193308608373637,2.7054224982766244,2.2393487538655568,3.693971171618071,3.1500694612073348
strict,2020,nz-general-2020-electorate-57,Waimakariri,8,available,0.2519526648312395,0.3077736128859014,-0.2938937029197066,0.8407368548121323,2,2,0.8603670484385999,4.808736627746341,-2.417985011794088,2.938587728674883,1.70214998919656,1.4082562862768533,0.8614131343844276
strict,2020,nz-general-2020-electorate-58,Wairarapa,8,available,0.2585375815692519,0.2795493322766293,0.9952021164407054,-0.1567351538359394,3,3,0.4770923686119269,1.0182649777539798,-1.275348438608398,2.439542189040293,1.2559208239123256,2.251122940353031,1.412655977748265
strict,2020,nz-general-2020-electorate-60,Wellington Central,11,available,0.19772340247481432,0.19510673660816846,0.09207722876636004,0.021517229972922935,3,3,0.9963659063568128,0.801517703864657,1.5765360048047017,3.1105628228430495,1.8277807980149687,1.9198580267813288,1.8062635680420458
strict,2020,nz-general-2020-electorate-62,Whanganui,7,available,0.2559408077387963,0.2635977627492037,0.6061693943224298,-0.1614290279431969,1,0,0.2798942012485524,0.22840943918070455,-0.6439877274044159,1.6422691371818838,1.0304264741593905,1.6365958684818203,1.1918555021025874
strict,2023,nz-general-2023-electorate-01,Auckland Central,10,available,0.2366751826089184,0.24884750436298067,-0.06409410551356176,0.6753842395662266,2,2,0.6429635543474446,-2.840210322477499,1.2586964739308732,5.172080221577873,3.4723896864314105,3.408295580917849,2.797005446865184
strict,2023,nz-general-2023-electorate-02,Banks Peninsula,9,available,0.2527231312499703,0.2608648635014336,1.20265393230736,0.33701531914493954,1,1,0.3763156948072617,-0.34079398997968746,0.8026114133491691,2.599607249843384,1.2024020124628798,2.4050559447702398,0.8653866933179403
strict,2023,nz-general-2023-electorate-03,Bay of Plenty,8,available,0.24438879592498033,0.29416654173182705,-0.9473270297273642,0.469844479777088,0,0,0.6444818524816721,-0.5137627848359028,4.790471960525935,2.0001032224871627,2.943647059614267,1.996320029886903,2.473802579837179
strict,2023,nz-general-2023-electorate-04,Botany,6,available,0.24646403756704954,0.29387123197049697,0.7813081739498919,0.2950000907325962,1,1,0.7166135568363575,-4.452005469486597,4.822326011123643,2.8224823748200327,0.6688914859066579,1.4501996598565499,0.3738913951740617
strict,2023,nz-general-2023-electorate-05,Christchurch Central,7,available,0.258427266050364,0.27263200411007593,2.7621406643258646,0.7673608419536306,4,3,0.3792585636618173,-1.0305150800274165,1.287753813401138,3.7231018079647207,1.5494431196812744,4.311583784007139,0.7820822777276437
strict,2023,nz-general-2023-electorate-06,Christchurch East,9,available,0.2695562770848518,0.28816930980160876,0.710565813100873,0.0564569071135963,3,2,0.4117856139813019,-1.0151354104674992,2.0076409718569774,1.9583311013882232,1.255283308624411,1.965849121725284,1.1988264015108148
strict,2023,nz-general-2023-electorate-07,Coromandel,7,available,0.24424687823566965,0.27407633332869197,0.9033205617449269,0.3161077641555088,2,0,0.8685044240729642,3.913460221192555,2.9219495317647977,3.510401243124086,2.6154974328499114,3.5188179945948383,2.2993896686944026
strict,2023,nz-general-2023-electorate-08,Dunedin,11,available,0.2594256401134427,0.2591097198806703,1.089962627922057,0.10750847346410342,2,2,0.23455454993718508,-0.7867250275432836,0.08799031196316531,2.4813859406462866,1.7994209330358997,2.8893835609579566,1.6919124595717963
strict,2023,nz-general-2023-electorate-09,East Coast,11,available,0.2628622362331521,0.2369759007684891,0.7896137960711294,-0.019864827491180792,0,0,0.57952310850893,3.4178393991721845,-2.589959000483594,2.0753206518951575,1.3008143255905094,2.0904281216616387,1.3206791530816901
strict,2023,nz-general-2023-electorate-10,East Coast Bays,5,available,0.2287443223995184,0.28479917397810517,3.4630391602766455,-0.6016923304463204,2,1,0.7302228029795576,-4.3354787409017215,5.59046776399193,4.761331541912406,1.0440059776460309,4.507045137922677,1.6456983080923513
strict,2023,nz-general-2023-electorate-11,Epsom,7,available,0.20059001351467873,0.2257436772916334,-2.764305577920556,4.711995939903906,3,3,0.5978201931426254,-2.202568942346433,2.546790492289591,10.164944844980498,7.552575400082059,4.788269822161503,2.8405794601781533
strict,2023,nz-general-2023-electorate-12,Hamilton East,10,available,0.25512665032214565,0.2717561199307215,0.5046305282472827,0.05956549713264958,0,0,0.33414816869133646,-1.8901232307416915,1.6568943620277998,1.8719032466283905,1.3910102944083567,1.8956408226556394,1.331444797275707
strict,2023,nz-general-2023-electorate-13,Hamilton West,8,available,0.26413614696279264,0.294573316152771,0.999449203092694,-0.051039238673103116,0,0,0.5429907639741217,-2.264068016296683,2.968048443475607,1.7787278281286132,0.781526884495694,1.780976087588388,0.8325661231687971
strict,2023,nz-general-2023-electorate-14,Hutt South,8,available,0.26284895309180195,0.24734457240918759,2.171405901763764,-1.3861601268304962,4,4,0.32926727763363034,0.042787781920688994,-1.5649219168432704,5.169196782611745,2.237141487731429,4.408547389495193,3.623301614561925
strict,2023,nz-general-2023-electorate-15,Ilam,7,available,0.2358949408057663,0.2519917736631601,0.03393437229477403,-0.00970534319384253,1,1,0.43312297838263025,-0.7732586717633938,1.26043164051024,6.479047817206513,6.454966242845352,6.488900615140126,6.464671586039194
strict,2023,nz-general-2023-electorate-16,Invercargill,6,available,0.25466097082830086,0.2592374626929816,0.4906225312135073,-0.5962889565325804,2,1,0.4104478427659837,1.9808670678506668,0.3724613770950347,2.920187625080824,1.8929718391256574,2.3835943703391647,2.4892607956582378
strict,2023,nz-general-2023-electorate-17,Kaikōura,11,available,0.24302539108815543,0.2680760922122263,0.5103986471882418,0.10108384534926884,4,3,0.6887496756851501,2.6732577142680625,2.5871354177386676,1.9140737705969564,1.1152667621771017,1.6256654093653435,1.014182916827833
strict,2023,nz-general-2023-electorate-18,Kaipara ki Mahurangi,6,available,0.23152560110493292,0.2650922719902404,1.5431108609650908,0.1955333348113113,2,2,0.4077857107717671,-0.23888675464158182,3.3792767338272274,3.6991278175468687,1.8880989552019596,3.4312098161670503,1.6925656203906483
strict,2023,nz-general-2023-electorate-19,Kelston,8,available,0.2715082482247509,0.27575854849367026,0.5434823968656334,0.19547982869073688,1,1,0.4049298532007969,-2.302342949486591,0.4608941623546414,1.8178867404155592,0.994605995121426,1.5380883919870594,0.7991261664306891
strict,2023,nz-general-2023-electorate-20,Mana,8,available,0.26613341523504613,0.2249717654180321,0.37718423092042297,0.46786545743422003,1,1,0.5488595831727869,0.758538006277415,-4.319939651245325,3.338522252888147,2.491572810352074,2.868757041272497,2.023707352917854
strict,2023,nz-general-2023-electorate-21,Māngere,7,available,0.25277524757712583,0.1904980991795847,-0.8730166457341122,0.2754684026411429,1,1,0.9867409545272944,-1.2964525715305986,-6.291651961242717,0.7529827694931492,1.5462938701113378,0.6732772243772256,1.2708254674701949
strict,2023,nz-general-2023-electorate-22,Manurewa,4,available,0.2645725625282764,0.24966739569791227,-1.2752490466904143,0.31455629998290036,1,1,0.896516635323974,-4.711222473985857,-1.5345685099128148,2.7926729972919837,3.9386133859185,2.6633643392280857,3.6240570859355996
strict,2023,nz-general-2023-electorate-23,Maungakiekie,7,available,0.2528798211571739,0.25475382606494174,2.5486228722786564,-0.6692574357130581,1,1,0.3542948119359076,-2.6885740100425384,0.19279140397007732,4.044923819243048,2.009312705537125,4.5579355778157815,2.6785701412501832
strict,2023,nz-general-2023-electorate-24,Mt Albert,7,available,0.2435812828299347,0.23899456003311517,0.8943678768321566,0.6118029537031182,1,0,0.7048136126087926,-4.85123066145578,-0.4367695796915372,3.3228782137102884,2.4451472558607925,3.339515132692949,1.8333443021576743
strict,2023,nz-general-2023-electorate-25,Mt Roskill,4,available,0.264020172531637,0.2827609080869622,1.594946994746815,-1.3064322805335995,1,1,0.6112807346817005,-4.916021656304748,1.920852404308887,2.8180412740073812,1.1277233821556871,2.722670376902502,2.4341556626892866
strict,2023,nz-general-2023-electorate-26,Napier,7,available,0.2540454445497673,0.26841634363993244,2.76931179978732,-0.4026014865554616,1,0,0.4693681303664548,1.6772846195888313,1.3843998391069146,3.596578162801086,0.8373825125310935,3.6066943123184134,1.239983999086555
strict,2023,nz-general-2023-electorate-27,Nelson,6,available,0.2624092764610152,0.27924932087595683,2.4088955078829684,-0.7327112361952213,2,2,0.31651704979781586,0.4657725711835814,1.6972407049041072,4.775476093230885,2.684403811068663,5.093299318951631,3.4171150472638843
strict,2023,nz-general-2023-electorate-28,New Lynn,6,available,0.2607954348857204,0.28785665874543753,0.9433987307660539,0.32023608868025955,2,2,0.5342734148127326,-3.692880281094113,2.7234076623850854,2.959678382454653,1.110474430802854,2.053873161568908,0.7902383421225945
strict,2023,nz-general-2023-electorate-29,New Plymouth,6,available,0.25467945268360165,0.27656118799557916,-0.1202091236799756,0.1436617361960213,1,1,0.7059555188825462,3.0014844740954616,2.0130762478565294,2.5857658357284747,2.53585698634088,2.4156478626609044,2.3921952501448587
strict,2023,nz-general-2023-electorate-30,North Shore,5,available,0.22564565201122372,0.25639647564522294,3.182059128136482,-0.19270392174910866,1,1,0.5399952755205097,-3.5431926130085944,3.0936152265071044,4.499846360854927,0.7297243265117296,3.9117834546482118,0.9224282482608382
strict,2023,nz-general-2023-electorate-31,Northcote,6,available,0.25056599946368574,0.286306262540721,2.626785744243152,-0.11126659240091841,2,2,0.5686574991474839,-2.3500633731200815,3.570318716475765,4.712887260159326,1.4778539786006655,4.104639722843817,1.5891205710015839
strict,2023,nz-general-2023-electorate-32,Northland,9,available,0.257185076875629,0.26293227835511335,0.4461579619359317,-0.20079619728635478,3,2,0.6586508148962488,3.6257419369695345,0.5585014888198014,3.1908957563599936,3.0396586102860215,3.485816572221953,3.2404548075723763
strict,2023,nz-general-2023-electorate-33,Ōhāriu,7,available,0.24950534740670918,0.23509289707808922,2.136865705670055,0.2909028059374892,2,2,0.45997049382839195,-1.5017603791957823,-1.6466848593425176,5.0173055019428014,2.496563447521968,4.633429153192023,2.205660641584479
strict,2023,nz-general-2023-electorate-34,Ōtaki,6,available,0.2593708926400368,0.24029595140233231,1.0778543012417603,-0.48166848533447926,2,1,0.5568275349870884,3.3178679230139063,-1.9429943466115651,3.738248900875985,2.0597774035273195,3.13763170476908,2.541445888861799
strict,2023,nz-general-2023-electorate-35,Pakuranga,6,available,0.23206488514652232,0.2778435026303431,0.8816933414088309,-0.5317784425713087,2,1,0.7508044262451952,-4.45988259073804,4.602763780436492,3.9081811986964903,0.6946258734459091,1.57631921485474,1.2264043160172178
strict,2023,nz-general-2023-electorate-36,Palmerston North,6,available,0.2660280488799268,0.2618347132799364,-1.052481153788422,0.9406401934430264,2,2,0.2898361127884209,0.2823868700194687,-0.45425657794921914,3.294956445172657,2.631991926436761,1.5795107726483388,1.6913517329937344
strict,2023,nz-general-2023-electorate-37,Panmure-Ōtāhuhu,6,available,0.2599027463492419,0.23446929879541917,-0.7742540380543121,-0.12024551065745692,1,1,0.7911192490176613,-2.5535189905655815,-2.589086521126893,2.135386110326123,3.410937472609666,2.636683434555354,3.531182983267123
strict,2023,nz-general-2023-electorate-38,Papakura,7,available,0.23736547223160723,0.2452449643443859,-0.7092749056963534,0.09686030577548221,2,2,0.26745651410741333,0.2723302746224676,0.7813994018084747,1.6670186265953137,2.009111824596838,1.2998369189004844,1.9122515188213556
strict,2023,nz-general-2023-electorate-40,Rangitata,8,available,0.2508193908327184,0.253225221000911,0.4245751363724418,-0.22187430114694962,1,1,0.5428233882666779,2.7582062163585555,0.386214107247701,0.7676848636712104,0.7299936625577493,1.1545687989301912,0.951867963704699
strict,2023,nz-general-2023-electorate-41,Rangitīkei,5,available,0.2439802803982894,0.25825172814897235,-3.8900809244396806,0.8486514251308046,0,0,0.5132851967262354,2.3455964579291333,1.4166563453024639,1.0211747079023967,4.915326514208179,1.0252455897684978,4.066675089077374
strict,2023,nz-general-2023-electorate-42,Remutaka,6,available,0.26992345712760857,0.22617415309274252,0.23180519731019267,1.4691168177718148,2,2,0.6447084648229748,0.0815477233325479,-4.477475792097402,5.18845189912283,2.4144295893343957,2.6462347866445883,0.9453127715625809
strict,2023,nz-general-2023-electorate-43,Rongotai,9,available,0.25329207838321854,0.22281736933746166,-1.4175329222674258,0.4523681599793381,2,1,0.7223109304205635,-1.5887842733518815,-3.0188431446383888,1.3619335109798614,2.8486535522583183,1.4311206299908925,2.39628539227898
strict,2023,nz-general-2023-electorate-44,Rotorua,6,available,0.25712359326243617,0.2613307237770138,0.40131641132957174,-0.5106797904073392,2,2,0.2724859481614625,0.1741253148199784,0.3771391754508774,3.1010918666428444,2.322194355189574,2.7235107665191456,2.832874145596913
strict,2023,nz-general-2023-electorate-45,Selwyn,5,available,0.22949765450950196,0.26769072898696483,2.531499044623612,-0.22099343619740985,1,1,0.6539678417210654,-0.9777234787477662,3.5250805525835593,4.372659930929261,0.862829004127632,3.394328048751244,1.0838224403250418
strict,2023,nz-general-2023-electorate-46,Southland,7,available,0.2205455947267472,0.2506727353699219,-0.16309465379507992,0.030080779786413547,2,2,0.5762165299223186,1.5684261911409259,2.974323897356343,3.754812785955936,2.8498804419120023,2.6867857881169224,2.8197996621255887
strict,2023,nz-general-2023-electorate-47,Taieri,9,available,0.2627758690108319,0.2694669489756404,-0.28553565042124207,0.13287340164625383,3,1,0.41971559571167943,1.0057645886881295,0.6132331313226935,1.3255617897565108,1.630594257419341,1.345058606998099,1.4977208557730872
strict,2023,nz-general-2023-electorate-48,Takanini,4,available,0.2688895095529475,0.3017662240366819,3.589918678903896,-1.8332202341658665,1,1,0.7700245804768368,-5.47184498837786,3.264922205311116,1.8392711157304,1.733838253427456,5.323756932331352,3.5670584875933224
strict,2023,nz-general-2023-electorate-49,Tāmaki,4,available,0.210661327336241,0.23165355134980065,-2.740987033256612,-0.33848645089189233,1,1,0.458823554841596,-2.318678213932801,2.115699039444105,14.338209952599522,18.788767470921673,16.04778043766506,19.127253921813566
strict,2023,nz-general-2023-electorate-50,Taranaki-King Country,4,available,0.23125313541069686,0.24807490127909065,-0.21027995983895043,0.11971959591197567,2,1,0.6151960962625578,3.3629926418890843,1.69230767576804,4.6750372846889166,4.847643330216718,4.637363370377767,4.727923734304742
strict,2023,nz-general-2023-electorate-51,Taupō,6,available,0.24521701546150937,0.2609797504878898,2.0700430967538597,0.18345848683874544,2,0,0.5160633166285953,1.8305762514949642,1.5800829395072324,4.128449966857238,2.062313743828635,4.132356840582495,1.8788552569898898
strict,2023,nz-general-2023-electorate-52,Tauranga,10,available,0.24445806479848628,0.2779215357343924,-1.3335933385062,0.36939994171488455,2,0,0.4784593364262335,0.13467167580951678,3.344438924741147,0.71174243151246,2.040997522222707,0.7074041837165069,1.6715975805078223
strict,2023,nz-general-2023-electorate-53,Te Atatū,6,available,0.2700605583067932,0.2700814755206164,-0.8139771949054473,0.5079094311245533,2,2,0.3616125437176181,-1.4699525754834797,0.019388116218083118,1.2842717110279676,2.122409163109619,1.3084319682041716,1.6144997319850656
strict,2023,nz-general-2023-electorate-54,Tukituki,10,available,0.2522955900231124,0.2602262501129624,1.366752027703668,0.043217622760780006,1,0,0.5145056704765885,3.1233991745967913,0.7172860676734727,1.9622917422060424,0.612388101594898,1.979140129298566,0.569170478834118
strict,2023,nz-general-2023-electorate-55,Upper Harbour,9,available,0.2519463179066174,0.28586735335054825,0.7578583997848222,-0.013895163333626614,2,1,0.6220158777495554,-3.5215503639393297,3.375429958866527,1.615016639683825,0.8554405209351278,1.61329892071995,0.8693356842687544
strict,2023,nz-general-2023-electorate-56,Waikato,5,available,0.23205322321301028,0.25409093576282493,-0.5220513259341828,-0.02770095580211196,1,1,0.5122327098808539,2.073388026545364,2.2151234439625025,1.3475914542368301,1.7158837785472558,1.193832452613073,1.7435847343493678
strict,2023,nz-general-2023-electorate-57,Waimakariri,5,available,0.25784267097683683,0.2936731944468736,2.827945490755449,-2.0167818981001138,2,2,0.670748782756284,1.2174834170575022,3.4784713142332087,4.791770257857741,2.1169272916231274,4.944872782378576,4.133709189723241
strict,2023,nz-general-2023-electorate-58,Wairarapa,7,available,0.25150349374993664,0.2340447989933262,0.43204529490162225,0.18612738388013783,3,1,0.5349820389894439,4.064642752186693,-1.7655309775349626,3.8603564026190895,2.93160243388386,3.3636477287854825,2.7454750500037224
strict,2023,nz-general-2023-electorate-59,Waitaki,8,available,0.23969867266833625,0.2577116838934346,0.2906946345712138,0.31854212178755237,2,2,0.5880499125917414,2.2341560929499513,1.7099646059822116,2.34497855751228,1.6580130260663184,1.9487076606375322,1.339470904278766
strict,2023,nz-general-2023-electorate-60,Wellington Central,11,available,0.22643980101395544,0.19769586758364086,-0.1237656207612523,0.44115374205361024,1,1,0.7417787785224143,-1.4943780542226253,-3.1839077128116844,1.639204396631021,1.7798345575972696,1.6560689368360173,1.3386808155436594
strict,2023,nz-general-2023-electorate-61,West Coast-Tasman,9,available,0.25661026712744145,0.27707953112247036,0.5068123568217855,0.09161217532327548,4,3,0.9569644044329925,4.522674445653719,2.0136791670295526,4.816950421030177,3.982856947020421,4.489669303842207,3.8912447716971457
strict,2023,nz-general-2023-electorate-62,Whanganui,6,available,0.26381672728839833,0.2682366012812022,1.9077410407951683,-0.15234351076323605,1,0,0.5077244460572224,3.1687892385301453,0.5236055377389859,3.076497342061353,1.182319360199236,3.090060400994404,1.334662870962472
strict,2023,nz-general-2023-electorate-63,Whangaparāoa,6,available,0.23255278117366618,0.2842621272428525,2.6241836156181204,-0.47706797907441945,1,0,0.6397688325477805,-1.5680262304547554,5.096575615011425,4.48364310038474,1.864042061889679,4.488225677507799,2.3411100409640984
strict,2023,nz-general-2023-electorate-64,Whangārei,10,available,0.26165840138450996,0.28792338706623705,1.3001255627617696,-0.1550605651060324,2,0,0.44999546330454837,0.2426553480238569,2.535222262496353,2.6392936950511556,1.336516551762938,2.6366421145247076,1.4915771168689704
strict,2023,nz-general-2023-electorate-65,Wigram,10,available,0.2634776177889409,0.27913601735147275,0.6620216459572302,-0.02728249166901553,2,1,0.4028758448635529,-1.4730590453502224,1.6536516969446302,2.1577034637078394,0.9320514263153868,1.594073072272617,0.9593339179844024
separated,2017,nz-general-2017-electorate-01,Auckland Central,8,available,0.1429780606663818,0.19409776790146252,-0.022735760655968607,-0.32572622171155374,2,2,0.7364412068390725,4.975433820074104,-4.674046763175838,2.034789109394027,1.6610381266813488,1.6383023660253802,1.9867643483929025
separated,2017,nz-general-2017-electorate-02,Bay of Plenty,5,available,0.10829746744086909,0.16044419277905436,0.01566693472871572,-0.3624537043679803,1,1,0.7442955217629584,3.5394467617044567,-5.022062106445158,2.2045262302302566,2.8239106159074057,2.8395775506361214,3.186364320275386
separated,2017,nz-general-2017-electorate-03,Botany,6,available,0.12689273113021468,0.09758605323342712,0.72622607754775,-0.8885791000288235,2,2,0.7500366781487928,-5.39639900483696,2.989119930937989,3.5529276293985763,2.265530383278166,2.991756460825916,3.1541094833069896
separated,2017,nz-general-2017-electorate-04,Christchurch Central,7,available,0.14959896570123365,0.18092570357117238,0.6661770222619019,-0.117505954307906,1,1,0.5026565729487356,3.073879649976763,-2.2201532813464873,2.7709561758261327,2.357926142384132,3.024103164646034,2.475432096692038
separated,2017,nz-general-2017-electorate-05,Christchurch East,7,available,0.15786535052633033,0.17568927288906397,0.007918299948754148,-0.1594960370113443,2,2,0.3099166257912773,0.6242089115056138,-1.938043908323711,2.713258315523914,1.4643350804212394,1.4722533803699935,1.6238311174325837
separated,2017,nz-general-2017-electorate-06,Clutha-Southland,7,available,0.1071260515230784,0.1369066636471758,-0.8920676745396239,0.19467800032558236,2,2,0.5261741109633653,3.3219333941987617,-1.6606428725600086,2.057694151010736,2.853215986253167,1.9611483117135433,2.658537985927585
separated,2017,nz-general-2017-electorate-07,Coromandel,5,available,0.11546657936363751,0.14056322634619453,-1.506048474118201,-0.44799227383861684,1,1,0.6326376615029634,2.8560973122114475,-3.4231478693658888,2.8425401458509487,4.606011855505844,3.0999633813876426,5.05400412934446
separated,2017,nz-general-2017-electorate-08,Dunedin North,8,available,0.175051263949616,0.20283303419168336,-0.6640504948142263,1.3056396149784126,2,2,0.42249949560458305,2.577608431736722,-1.1484243889556267,3.2905436260289562,2.392941778265635,1.7288912834514087,1.0873021632872224
separated,2017,nz-general-2017-electorate-09,Dunedin South,7,available,0.15734310173435137,0.17534453862459504,-0.5806412299027712,1.083842548456198,1,1,0.2537721654120501,0.1805081153449406,-1.8395442199440115,2.522378609559747,1.6855489134082051,1.104907683505434,0.6017063649520071
separated,2017,nz-general-2017-electorate-10,East Coast,7,available,0.13688425914853655,0.1666677990701481,-0.4785921496950478,-0.4112647451771798,1,0,0.4201284590240834,2.095371795180384,-3.1352216722114354,0.7263493967263326,1.888558392800898,1.4099662431058502,2.299823137978078
separated,2017,nz-general-2017-electorate-11,East Coast Bays,6,available,0.11342191618838988,0.13123315940929528,-0.5808759970242838,0.2629291858873286,0,0,0.5053600818641952,1.7813125861946832,-3.977767580398517,1.1071047634895168,1.698827154429562,1.117951157405278,1.4358979685422333
separated,2017,nz-general-2017-electorate-12,Epsom,6,available,0.10067648802927075,0.13930779775200497,-4.120399164422022,5.008675935674715,2,1,0.615076298362347,4.287275557490256,-3.9133963043561177,13.62921340408385,12.465084908172726,8.344685743750704,7.456408972498011
separated,2017,nz-general-2017-electorate-13,Hamilton East,6,available,0.14209514015713595,0.15083295492857463,0.2037374507926999,-1.2656081696639492,1,1,0.13977066668301166,0.09603822297182818,-0.2893192805347833,1.698513327349019,1.7563018953712735,1.9600393461639734,3.0219100650352226
separated,2017,nz-general-2017-electorate-14,Hamilton West,9,available,0.14339538781702377,0.1400396906996223,-0.811528946738024,0.8291098376963646,1,1,0.296625961348255,-1.8490358473369717,0.5507103375395284,2.2408007558575425,2.0236432541508678,1.2121143074128438,1.1945334164545032
separated,2017,nz-general-2017-electorate-15,Helensville,6,available,0.1174235815811534,0.1521380123259608,-2.438471279395007,0.7174086884214148,0,0,0.7848173557914707,3.9714982040243596,-5.575930152407019,2.824221327524208,5.259072095366462,2.820600815971455,4.541663406945047
separated,2017,nz-general-2017-electorate-16,Hunua,6,available,0.0991474307008365,0.10809151557535421,-0.6523168287378054,-0.020685959636869145,2,0,0.30175702740991517,0.3305118203482005,-2.122141981677253,1.3639161106165365,1.5923269893357628,0.9400101605979574,1.613012948972632
separated,2017,nz-general-2017-electorate-17,Hutt South,8,available,0.14990804099272573,0.16093835168927162,1.5200749205079611,-0.7356555647061205,1,1,0.15924910704653808,0.27651824708557204,-0.13863480235385417,2.5038161174159743,1.28370413218674,2.803779052694701,2.0193596968928604
separated,2017,nz-general-2017-electorate-18,Ilam,7,available,0.1196673364920214,0.17135465980189246,-0.10971701229176656,0.12786700289540764,1,1,0.6865338742940754,3.7451291182300728,-4.384956982351406,6.673136648785347,6.762944891153032,6.653227878861266,6.635077888257625
separated,2017,nz-general-2017-electorate-19,Invercargill,4,available,0.13817428258880757,0.1302136199071704,-1.8463599805949977,0.11978659973038441,2,2,0.30756790261357825,-2.396116724874253,0.3809497385157401,1.6341181281907695,2.3272825478704657,0.4809225672754679,2.2074959481400813
separated,2017,nz-general-2017-electorate-20,Kaikōura,9,available,0.11745603201205654,0.1448502150325866,-0.7904907894732636,-0.32132506192927934,4,4,0.4913218261536394,2.637508529666499,-3.246704391614519,0.7312838469819599,2.2294216148115735,1.43893082533831,2.550746676740853
separated,2017,nz-general-2017-electorate-21,Kelston,7,available,0.16603171280070617,0.10897779042384907,-0.7671192204171435,0.43098715221780926,2,1,0.8664864494268821,-5.171774293891229,5.876841683216405,1.2315166955828911,1.7338716346337002,0.9667524142165567,1.302884482415891
separated,2017,nz-general-2017-electorate-22,Mana,7,available,0.15800788132004098,0.1487223434232933,-0.4332442961054892,-0.7169688394997926,2,2,0.3157334194526489,-0.4439571371060491,2.0360241573700866,2.432923131899877,1.2917938472087653,0.8585495511032761,2.008762686708558
separated,2017,nz-general-2017-electorate-23,Māngere,8,available,0.13199248510075967,0.07756989808168098,-0.2909590673397373,0.10562839256487644,0,0,1.1091075653241274,-5.609662960617951,7.555372444366348,2.4480066269058534,2.717001757577467,2.42604269023773,2.6113733650125908
separated,2017,nz-general-2017-electorate-24,Manukau East,8,available,0.13183452356380018,0.06948799998516512,-1.3695805377929289,0.4384977057517032,2,2,1.3062632574403024,-7.629074602388744,9.021236922028242,1.699589418317711,2.7767749482436224,1.4071944104506935,2.338277242491919
separated,2017,nz-general-2017-electorate-25,Manurewa,6,available,0.1496972116925101,0.08394553314490993,-1.9235495416182995,1.7255406967947222,3,3,1.0432764844888165,-6.679926856078536,6.847624768667915,2.8723004610789205,3.055242868136148,1.1316933265178486,1.3297021713414259
separated,2017,nz-general-2017-electorate-26,Maungakiekie,7,available,0.15675317429977265,0.11048270645852172,0.3818213751662478,-0.11072398168050634,0,0,0.673222158003691,-4.182700765727315,4.805203849551587,3.9624052255899733,3.58119550628185,3.9630168814480977,3.6919194879623562
separated,2017,nz-general-2017-electorate-27,Mt Albert,8,available,0.16251175274762095,0.170425435370306,1.0713347923028413,0.9708143366862896,2,1,0.3766204767540316,2.7545238216393653,-0.37249218781474913,5.380345367547666,2.759009441806991,3.830344234109832,1.7881951051207012
separated,2017,nz-general-2017-electorate-28,Mt Roskill,9,available,0.15796479801175733,0.10123662992869126,0.3377635264408483,-0.9880114813234218,2,2,0.9370412105130196,-5.850688896683326,6.1809681337831375,1.538302073786264,1.3334345429779542,1.6711980694188024,2.321446024301376
separated,2017,nz-general-2017-electorate-29,Napier,6,available,0.14776540715202358,0.14075385287230258,1.278280735172634,-0.3030840434812323,1,1,0.16321502850927488,0.33728951105060356,0.1769826478097869,4.257461900696865,0.6942371192028384,1.9725178543754722,0.9973211626840707
separated,2017,nz-general-2017-electorate-30,Nelson,8,available,0.15251432078141708,0.20329169065860486,-0.5824549219489681,-0.05352780216734221,2,2,0.6814165141124723,3.6953470968725863,-4.406341091862009,3.79108558014228,4.73826897883045,4.155814056881482,4.791796780997792
separated,2017,nz-general-2017-electorate-31,New Lynn,9,available,0.16131184523506967,0.10940497484595375,-1.167829153130405,0.2906797471665268,0,0,1.0755296926459177,-7.045881868628845,6.98115026358403,1.0372918370268622,2.203977390101834,1.036148236971429,1.9132976429353072
separated,2017,nz-general-2017-electorate-32,New Plymouth,6,available,0.1252379464645025,0.16043739688266762,-0.520860028949123,-0.36821588888798606,1,1,0.5238437720944991,3.8145238480640495,-3.1811080799388716,0.5662868691514477,1.7623687307549827,1.2415087018058597,2.1305846196429687
separated,2017,nz-general-2017-electorate-33,North Shore,6,available,0.10617489277946472,0.14365968299502357,-0.9020985135087862,-0.02415026996125924,2,2,0.5422942131960743,3.524300889191523,-4.1236778041889774,1.838959483344179,3.04614214139313,2.144043627884344,3.0702924113543895
separated,2017,nz-general-2017-electorate-34,Northcote,6,available,0.1370968933360817,0.14658050769932401,0.3172474524766471,-1.1090128294776755,2,1,0.16621608443661506,0.008908753142439219,-1.2030993110069943,1.4155185137515132,1.6855495046193043,2.0027969570959514,2.79456233409698
separated,2017,nz-general-2017-electorate-35,Northland,6,available,0.13993326203711878,0.16304555904437862,-1.1582081256236627,0.24178019948589657,3,2,0.7105835968024152,3.820211575629151,-3.662804087773497,7.564274831117245,8.690376922628563,7.5321687970049,8.448596723142666
separated,2017,nz-general-2017-electorate-36,Ōhāriu,7,available,0.13966258641682613,0.16228774964078016,3.066785633475569,-4.332125420068949,2,2,0.4117147602922516,2.6383554755284866,-0.7322001245274989,3.693873841022659,3.801995236255654,6.868780869731223,8.134120656324603
separated,2017,nz-general-2017-electorate-37,Ōtaki,7,available,0.14087650824542286,0.13774864933863584,0.4373020686222513,-0.7698253539396036,2,2,0.07344654574986192,-0.18858695356573918,0.025983065803214522,1.6343916973741033,0.9263929101482513,1.3636949787705026,1.696218264087855
separated,2017,nz-general-2017-electorate-38,Pakuranga,5,available,0.11302857100790029,0.11690491148940273,-0.8718933559014976,0.7671911858597306,1,1,0.4086559476378002,-2.378262384286156,-0.36017023354450173,1.7854797772355169,1.766456550983746,0.8945631950822484,0.9992653651240154
separated,2017,nz-general-2017-electorate-39,Palmerston North,5,available,0.15613143687880218,0.13228628150454286,-1.494348138033806,0.2330269874195814,2,2,0.3391378865196607,-0.8576574624077404,2.563805823099435,3.121074424279107,2.335815925623972,0.8414677875901659,2.1027889382043905
separated,2017,nz-general-2017-electorate-40,Papakura,4,available,0.1375768516703231,0.0935983296212937,2.0345605872335124,-1.6132816344988399,1,1,0.6132169694366116,-4.131074521718547,3.4966701041056925,3.1724078587199838,3.525209837516491,5.5597704247500035,5.138491472015331
separated,2017,nz-general-2017-electorate-41,Port Hills,6,available,0.14329059467089356,0.19073563851770214,-2.8010260202537673,2.219119520623356,5,4,0.6424825122925958,4.166717357207094,-3.9748121788102884,5.834127001724009,3.97842457880082,1.1773985585470528,1.7593050581774639
separated,2017,nz-general-2017-electorate-42,Rangitata,5,available,0.13032277854353297,0.13724185299964267,-2.3772773515137997,0.5682216793442008,1,1,0.24191125826601748,-0.7293108189458719,-0.9906256848104034,1.375957120447885,3.750704881622643,1.3734275301088432,3.1824832022784424
separated,2017,nz-general-2017-electorate-43,Rangitīkei,6,available,0.12555597268531843,0.12992526662377543,0.18118759090207193,-0.9931825547593067,2,2,0.2225084551228646,0.8432729575759357,-0.7295574992215115,0.9860875668201429,1.4287913283651041,1.609978919267176,2.421973883124411
separated,2017,nz-general-2017-electorate-44,Rimutaka,6,available,0.15618842162513813,0.1359269479021953,0.6676198573859815,-1.6470210574926305,2,2,0.42760450901003966,-1.7913861164826794,2.433600130672353,3.1209677122025883,0.7174709725503277,1.3850908299363092,2.364492030042958
separated,2017,nz-general-2017-electorate-45,Rodney,5,available,0.1141726330923555,0.13313573098345108,-2.372826100253849,0.2529116070231727,2,2,0.6101495193397363,2.7628537136601183,-3.806152035385299,0.6185464882317706,3.0050892844710853,0.6322631842172363,2.7521776774479125
separated,2017,nz-general-2017-electorate-46,Rongotai,8,available,0.17144963094911864,0.18665532380580344,0.11786839793048087,0.01904000913900905,2,2,0.5829820286254306,2.903377178266897,0.5119506309366029,2.3091990711070554,1.3437803779839388,1.4616487759144197,1.3247403688449297
separated,2017,nz-general-2017-electorate-47,Rotorua,7,available,0.1281311032386024,0.14030165357254967,-0.6469485912077978,-0.09481655623330809,2,1,0.19662951023410508,1.112554433091073,-1.068313165935414,0.970900294362457,1.228329258974615,0.5813806677668173,1.3231458152079232
separated,2017,nz-general-2017-electorate-48,Selwyn,6,available,0.09896863181358316,0.1595053636550692,-1.2686105463488364,-0.5372223140399695,1,1,0.7933047456137232,3.9824894574350678,-6.161197046272449,1.3161817467381358,2.8396029672045033,1.570992420855667,3.376825281244473
separated,2017,nz-general-2017-electorate-49,Tāmaki,7,available,0.10349538010328299,0.11779470550967973,-0.5617596605658675,-0.5528057818528804,2,1,0.37204928627726036,2.1527835665163475,-2.1152054211205975,0.5662247911466326,2.361980339942498,1.8002206793766307,2.9147861217953785
separated,2017,nz-general-2017-electorate-50,Taranaki-King Country,4,available,0.10457957643322502,0.13213128077316288,0.06730647646899124,-1.336089351848457,2,2,0.518555062877878,3.5220675728717232,-3.0828674118718924,1.7860030398507605,3.9817036617618053,4.049010138230797,5.317793013610262
separated,2017,nz-general-2017-electorate-51,Taupō,5,available,0.12018222362861551,0.13163023433496399,-0.1926155497463884,-0.42016605308823474,1,1,0.22946421517950674,1.0510909293147463,-1.1216415623063136,2.2432824706202426,2.5959596211568288,2.4033440714104404,3.0161256742450635
separated,2017,nz-general-2017-electorate-52,Tauranga,11,available,0.1099920707567784,0.15967879205005503,-0.8979156475732246,0.2852677798450256,3,3,0.6689201713730208,3.0312506260959493,-4.338221504695911,0.638212584732443,1.720745389628421,0.8228297420551964,1.4354776097833954
separated,2017,nz-general-2017-electorate-53,Te Atatū,7,available,0.15731213655453696,0.10822920143390528,0.4115887744175917,-0.844540378108195,3,3,0.7360144553485438,-5.021903401633915,4.22820796351192,0.9748518716993025,1.6253384804026283,2.03692725482022,2.4698788585108233
separated,2017,nz-general-2017-electorate-54,Tukituki,7,available,0.1403932732613355,0.13678739099462922,-0.6951775192610301,0.4285002807391649,3,3,0.2047853266427634,0.7816279138529503,-0.04266530351825781,1.5878846507038367,1.8851714440909604,1.1899939248299303,1.4566711633517955
separated,2017,nz-general-2017-electorate-55,Upper Harbour,5,available,0.13539816102188942,0.10806070529925847,-0.33252893689099583,0.09852225745318322,1,1,0.3880506861370401,-2.9674671435496847,1.8589535081001585,2.6144116318091353,2.384513383563625,2.051984446672629,2.2859911261104418
separated,2017,nz-general-2017-electorate-56,Waikato,4,available,0.10803166337476777,0.11518083267262376,-1.7488160329439066,0.4445284585268312,0,0,0.3019767769981756,0.8804228980187068,-1.4612251652116104,0.730787486102586,2.4874253311604244,0.7386092982165178,2.042896872633593
separated,2017,nz-general-2017-electorate-57,Waimakariri,10,available,0.12137267862243074,0.15336459967144175,0.9176051152171858,-0.9995515499847929,5,5,0.538195482087024,1.6691419954255826,-3.981780281978403,1.1322505791902675,1.4887817436546051,2.406386858871791,2.488333293639398
separated,2017,nz-general-2017-electorate-58,Wairarapa,6,available,0.12764129562074086,0.13733478397908733,-2.655344285317201,2.6696416889853687,4,4,0.26954862158020726,1.3655705937590912,-1.4725348243948055,3.8896254749927177,3.9993303805623497,1.3439860952451488,1.3296886915769808
separated,2017,nz-general-2017-electorate-59,Waitaki,7,available,0.12105596617190599,0.14865016901944803,-0.4562062006494436,-0.7708115008745053,2,2,0.44797532365032716,1.7335117382041854,-2.8169666025443076,0.6463780175949768,1.6541895718499873,1.1979833712005437,2.4250010727244926
separated,2017,nz-general-2017-electorate-60,Wellington Central,9,available,0.1576659881362551,0.205004923961218,-0.24724559003748237,-0.3471744370390031,2,2,1.0331471224386217,6.800931473249494,-1.550206975616436,3.719223566235159,3.024602006326708,2.7773564162892255,3.371776443365711
separated,2017,nz-general-2017-electorate-61,West Coast-Tasman,10,available,0.14850210294811206,0.1716550712715321,0.04382189001132675,-0.36152229865996865,3,3,0.536908819082668,3.481146239365407,-1.5882618799897719,3.1148819137683783,2.0060196076972425,2.0498414977085693,2.367541906357211
separated,2017,nz-general-2017-electorate-62,Whanganui,5,available,0.14354757509941707,0.12945993018172308,0.29588405751916147,-0.0284141017591808,1,1,0.19599745090592005,-0.61095252874237,0.5748840411884337,1.450132050661081,1.1574816927690363,1.4533657502881978,1.1858957945282171
separated,2017,nz-general-2017-electorate-63,Whangarei,8,available,0.12576915251806395,0.16346916055461277,-0.9936298713296221,-0.07730354449746901,3,3,0.8092920166163873,4.83623264107127,-3.9830559538281243,3.57483633742745,5.052545538971237,4.058915667641615,5.129849083468706
separated,2017,nz-general-2017-electorate-64,Wigram,8,available,0.152935231317914,0.1576634882170321,0.05875954639092429,-0.7477333816650764,3,2,0.2696516678019807,-1.440064036470845,-0.11164255150030167,2.5351617421490023,1.1188593641025872,1.1776189104935115,1.8665927457676637
separated,2020,nz-general-2020-electorate-01,Auckland Central,11,available,0.23684822406901695,0.2152853267272981,0.18400364637706446,0.01531117674447291,1,1,0.8488667677831848,-1.2938581297393337,-1.0691007529615604,5.02691367778255,4.869800702197211,5.053804348574276,4.854489525452738
separated,2020,nz-general-2020-electorate-04,Botany,5,available,0.2662261749550497,0.2788694533600863,3.2941468583582343,-0.7110291493143053,0,0,0.6296420994821273,0.6373545579942297,-4.895470814187542,4.90939036646705,1.616035104518431,4.910181962876665,2.327064253832736
separated,2020,nz-general-2020-electorate-05,Christchurch Central,10,available,0.22744487346814515,0.24180240786609086,0.6613082728186068,0.24757713176263663,1,1,0.3154961577034281,1.8870690266767602,-0.9042437836877526,2.340436372007937,1.145070898200538,1.8063791710191448,0.8974937664379014
separated,2020,nz-general-2020-electorate-09,East Coast,7,available,0.24646830915595394,0.25649477864142645,0.7491271022241249,0.048378432036314645,1,1,0.5165736675293734,0.017770794915228372,2.4590587136249065,2.3665085012964955,0.9062478166864313,1.6553749189105562,0.8578693846501166
separated,2020,nz-general-2020-electorate-10,East Coast Bays,7,available,0.29183187361191665,0.29143947421904226,2.3847155117132743,-0.22820890713798736,1,0,0.9540604562056872,-0.45816880599449106,-7.2431396036846785,4.59839065411916,1.5943908893975502,3.9791064011108244,1.8225997965355376
separated,2020,nz-general-2020-electorate-11,Epsom,11,available,0.31630541878827595,0.238483640758607,1.3274386443741268,-1.5693820922824613,2,1,1.818625550133442,-6.920519812584064,-5.933888431518724,4.387639287277412,2.76719530670619,4.094633951080317,4.336577398988651
separated,2020,nz-general-2020-electorate-12,Hamilton East,11,available,0.25421215481703513,0.2503010439216251,1.1451148393341661,-0.08320240441025395,2,2,0.32630338309324525,-0.13270538785093988,-1.1654010752131738,2.4842560185655813,1.146900236886697,2.292015076220863,1.230102641296951
separated,2020,nz-general-2020-electorate-14,Hutt South,11,available,0.2346865066440599,0.2444573406121987,0.44772860044575946,0.2899372376747147,4,3,0.3533477056215725,1.426864862588975,-1.6632841285978528,3.3661122603474007,2.3463590885504995,2.794087688996259,2.0564218508757848
separated,2020,nz-general-2020-electorate-17,Kaikōura,12,available,0.2603090343020285,0.30142586807813343,0.753360656871763,-0.05246949221310593,6,4,0.7808062889280925,3.0585510561193905,-1.1103727804050556,1.88323656151676,1.0904017928543064,1.8437624497260694,1.1428712850674123
separated,2020,nz-general-2020-electorate-19,Kelston,11,available,0.20936599561433653,0.2032808969805199,0.1164017968790676,-0.36053594283245516,2,2,0.17262292278928254,0.11611477308659246,0.3060660808883231,0.8438977061411184,0.7143800032459969,0.8307818001250645,1.074915946078452
separated,2020,nz-general-2020-electorate-20,Mana,11,available,0.2149923045415017,0.22535868764568076,-1.1000227372510345,0.1882735013862149,1,1,0.269161564376753,1.5904975024904648,0.3869897661093913,0.4565797649765544,1.5502413806216422,0.4502186433706076,1.3619678792354273
separated,2020,nz-general-2020-electorate-21,Māngere,7,available,0.13638548497007044,0.12413717323072472,-0.4545112026846736,0.0995088881063344,0,0,0.48728426833110833,-0.7598957390987691,3.2511078170419094,2.2269129469032674,2.6440460207502383,2.1895348180655647,2.544537132643904
separated,2020,nz-general-2020-electorate-24,Mt Albert,6,available,0.2044600004610093,0.17459933546989317,2.621121136280988,-2.734235598668695,2,1,0.7917066588005808,-1.3130017749185625,3.5428360233898895,4.527622221195509,1.5710252023400466,4.1921463386210345,4.305260801008742
separated,2020,nz-general-2020-electorate-26,Napier,7,available,0.24831989681472447,0.24180002751757698,1.6946466550627592,-2.293757566731,1,1,0.4099091025073866,-1.1758150136701173,0.9928326010452126,2.680771803821501,3.6453420630626754,5.339988718125435,5.939099629793676
separated,2020,nz-general-2020-electorate-29,New Plymouth,8,available,0.2589476171478871,0.25420019669968197,0.9094691970956881,0.24199915295917673,1,1,0.3453167819488778,-1.205023118126075,-0.6311743401668124,3.1391289946055507,1.5830497908175347,2.492518987913223,1.341050637858358
separated,2020,nz-general-2020-electorate-30,North Shore,9,available,0.28214266092781026,0.2784137203912227,1.6793944531382088,-0.27324061878145134,2,2,0.6866224690889722,-0.06786227005563528,-5.245614519565067,3.2500884424673946,1.470594601572732,3.149989054710941,1.7438352203541834
separated,2020,nz-general-2020-electorate-31,Northcote,7,available,0.2600337492916567,0.2608927537697437,2.110250801750267,-0.30480019814770776,2,1,0.5485733828334305,0.07314516159817042,-3.6885638565255285,3.9518468151308466,1.7568949995306098,3.8671458012808766,2.0616951976783175
separated,2020,nz-general-2020-electorate-33,Ōhāriu,10,available,0.24244440443181733,0.2660822297907445,1.0791375768640483,-0.5280546024061015,2,2,0.8191901129720452,3.121141669282962,-4.182073254212032,3.1073760664017387,1.9561150452277847,3.035252622091833,2.484169647633886
separated,2020,nz-general-2020-electorate-34,Ōtaki,8,available,0.2484704731683476,0.2667892311581615,1.5996257159311988,-0.26062169703999194,1,1,0.3765925923015946,1.00117913259124,-1.6724087367497864,3.299008351424404,1.6539875227228347,3.2536132386540335,1.9146092197628266
separated,2020,nz-general-2020-electorate-35,Pakuranga,6,available,0.27874814152205046,0.2844768732079036,1.855291012692374,0.06509424662525731,1,1,0.7202696776584758,0.07750331901038021,-5.6090915610809695,6.393016542241029,3.834451074333567,5.689742087025941,3.7693568277083096
separated,2020,nz-general-2020-electorate-36,Palmerston North,7,available,0.23885678365512394,0.24196780072323068,0.5283949106339749,0.26209366997424777,1,1,0.19264148512667,0.8650733537016592,0.1933710854288062,1.983923323768298,1.4376214938753893,1.9660164045093642,1.1755278239011415
separated,2020,nz-general-2020-electorate-41,Rangitīkei,7,available,0.2664409647204358,0.29929618438509414,0.8521780311889828,0.5455615465041039,2,2,0.6413195604872327,2.393931838206803,-1.6394570481311266,3.6600772997564817,1.7619079179504231,2.614085949139406,1.2163463714463192
separated,2020,nz-general-2020-electorate-42,Remutaka,8,available,0.235522879662775,0.25577805335766496,0.18626242285632477,-0.0692901429394619,3,3,0.48951372119108993,2.6272134596080217,-1.536487815481813,2.992612597952385,1.1093718012021814,1.2956342240585061,1.1786619441416433
separated,2020,nz-general-2020-electorate-43,Rongotai,9,available,0.18342179127171224,0.1864725617599483,-0.17812386156645799,-0.4629820927397137,3,2,0.547517715307419,1.277725390386708,1.454832979844356,1.9878593922439527,1.5714098875781424,1.3932860260116844,2.034391980317856
separated,2020,nz-general-2020-electorate-44,Rotorua,8,available,0.2543071069389307,0.27798334260194374,0.4122369334608036,0.4640166348182033,2,2,0.5087337668557441,1.5305062150248072,0.8322319547887203,3.179810753414354,1.8431283904096831,2.2553653238704867,1.3791117555914798
separated,2020,nz-general-2020-electorate-49,Tāmaki,6,available,0.30377290170262516,0.2791468937754588,2.7878092039873406,-0.2798401426600834,1,0,1.1202222550571952,-2.270099554098337,-6.096646172628656,5.844346271289927,2.7102666523161765,5.498075856303517,2.99010679497626
separated,2020,nz-general-2020-electorate-50,Taranaki-King Country,5,available,0.2757803868680998,0.2933240295569697,0.6780845535906908,-1.648913983280961,1,1,0.428727498593915,0.5689583051416813,-1.8099696198131399,3.3973893514313924,2.4508495160348254,3.128934069625516,4.099763499315786
separated,2020,nz-general-2020-electorate-52,Tauranga,11,available,0.2755082298600586,0.294370708069765,1.0078910325622432,-0.1843988263072025,2,1,0.3770607985001986,0.6414524523635001,-2.4617130323601186,1.9028446915816815,1.0232037434571792,2.0310947760194225,1.2076025697643817
separated,2020,nz-general-2020-electorate-53,Te Atatū,7,available,0.23754169573810807,0.2315708947620637,0.38834280433766155,-0.49464792021646575,1,1,0.3386704769002201,0.04661696869849019,-1.1118236670808135,1.7096003487330957,1.912480709397994,2.3008235137356556,2.40712862961446
separated,2020,nz-general-2020-electorate-54,Tukituki,9,available,0.2519348217643805,0.2636112556131322,1.4437560862294756,-0.9955844839167955,3,3,0.41013142619919624,0.05918651532694774,0.5193308608373637,2.680123525188837,2.231418192323285,3.6751742785527606,3.2270026762400805
separated,2020,nz-general-2020-electorate-57,Waimakariri,8,available,0.2519526648312395,0.3077736128859014,-0.08140202725114176,0.9160659933576483,2,2,0.8603670484385999,4.808736627746341,-2.417985011794088,2.9413283867606537,1.4653666531907585,1.3839646259396168,0.5493006598331103
separated,2020,nz-general-2020-electorate-58,Wairarapa,8,available,0.2585375815692519,0.2795493322766293,1.1165103687117894,-0.07140019212340931,3,3,0.4770923686119269,1.0182649777539798,-1.275348438608398,2.3202855944268004,1.017977184069602,2.1344875527813914,1.0893773761930112
separated,2020,nz-general-2020-electorate-60,Wellington Central,11,available,0.19772340247481432,0.19510673660816846,0.20332506400983985,-0.43674202910219884,3,3,0.9963659063568128,0.801517703864657,1.5765360048047017,3.0488004879204227,1.669890627327465,1.8732156913373048,2.106632656429664
separated,2020,nz-general-2020-electorate-62,Whanganui,7,available,0.2559408077387963,0.2635977627492037,0.7624470320260357,-0.18666646179971869,1,0,0.2798942012485524,0.22840943918070455,-0.6439877274044159,1.6736083548879737,0.9512561337531125,1.7137031657791482,1.1379225955528312
separated,2023,nz-general-2023-electorate-01,Auckland Central,10,available,0.2366751826089184,0.24884750436298067,-0.20022050629845634,0.7091124855643121,2,2,0.6429635543474446,-2.840210322477499,1.2586964739308732,5.211237118270888,3.5846805677518487,3.3844600614533924,2.8755680821875367
separated,2023,nz-general-2023-electorate-02,Banks Peninsula,9,available,0.2527231312499703,0.2608648635014336,1.1296360726047736,0.40315529589606813,1,1,0.3763156948072617,-0.34079398997968746,0.8026114133491691,2.609728596354051,1.2498148504560829,2.3794509230608565,0.8466595545600147
separated,2023,nz-general-2023-electorate-03,Bay of Plenty,8,available,0.24438879592498033,0.29416654173182705,-0.7823889247512867,0.6857455758996713,0,0,0.6444818524816721,-0.5137627848359028,4.790471960525935,1.9976935966315514,2.7809469071743624,1.9985579824230757,2.095201331274691
separated,2023,nz-general-2023-electorate-04,Botany,6,available,0.24646403756704954,0.29387123197049697,0.5483201035509808,0.5925974747468892,1,1,0.7166135568363575,-4.452005469486597,4.822326011123643,2.8381195806417745,0.7864412223720707,1.3347613259230515,0.1938437476251815
separated,2023,nz-general-2023-electorate-05,Christchurch Central,7,available,0.258427266050364,0.27263200411007593,1.8049004435390605,0.009882071450872942,4,3,0.3792585636618173,-1.0305150800274165,1.287753813401138,3.733804552342605,1.5587012342338555,3.363601677772916,1.5488191627829826
separated,2023,nz-general-2023-electorate-06,Christchurch East,9,available,0.2695562770848518,0.28816930980160876,0.7523363394110854,0.08871642296575755,3,2,0.4117856139813019,-1.0151354104674992,2.0076409718569774,1.962035177784614,1.2328931422510183,1.9852294816621037,1.1441767192852608
separated,2023,nz-general-2023-electorate-07,Coromandel,7,available,0.24424687823566965,0.27407633332869197,0.41876455802365253,0.2677621634714238,2,0,0.8685044240729642,3.913460221192555,2.9219495317647977,3.5292102227162765,2.4317602625254824,2.850524820549135,2.1639980990540586
separated,2023,nz-general-2023-electorate-08,Dunedin,11,available,0.2594256401134427,0.2591097198806703,1.0565131153065201,0.05691934538241106,2,2,0.23455454993718508,-0.7867250275432836,0.08799031196316531,2.5025656989556446,1.8428041704378177,2.899317285744338,1.7858848250554067
separated,2023,nz-general-2023-electorate-09,East Coast,11,available,0.2628622362331521,0.2369759007684891,0.8343070431763397,-0.07521234984845071,0,0,0.57952310850893,3.4178393991721845,-2.589959000483594,2.109170439379592,1.2901884718486811,2.124495515025021,1.3654008216971318
separated,2023,nz-general-2023-electorate-10,East Coast Bays,5,available,0.2287443223995184,0.28479917397810517,1.1844197108003807,0.45041640742476496,2,1,0.7302228029795576,-4.3354787409017215,5.59046776399193,4.770716774517484,1.2590039691819979,2.4434236799823785,0.8085875617572329
separated,2023,nz-general-2023-electorate-11,Epsom,7,available,0.20059001351467873,0.2257436772916334,-2.661140814201131,3.901093540145518,3,3,0.5978201931426254,-2.202568942346433,2.546790492289591,10.14648556510885,7.6414220022200166,4.9802811880188855,3.7403284620744985
separated,2023,nz-general-2023-electorate-12,Hamilton East,10,available,0.25512665032214565,0.2717561199307215,0.5484318704553404,0.06657244441045762,0,0,0.33414816869133646,-1.8901232307416915,1.6568943620277998,1.9248755493618264,1.3948118948528958,1.9432437653082362,1.3282394504424382
separated,2023,nz-general-2023-electorate-13,Hamilton West,8,available,0.26413614696279264,0.294573316152771,0.9333335148165112,-0.03197935836085153,0,0,0.5429907639741217,-2.264068016296683,2.968048443475607,1.7837501522775692,0.8533887514515035,1.7867222662680147,0.885368109812355
separated,2023,nz-general-2023-electorate-14,Hutt South,8,available,0.26284895309180195,0.24734457240918759,2.1565851380913124,-1.5641547185658222,4,4,0.32926727763363034,0.042787781920688994,-1.5649219168432704,5.220452216306607,2.2790741234086545,4.435659261499967,3.8432288419744767
separated,2023,nz-general-2023-electorate-15,Ilam,7,available,0.2358949408057663,0.2519917736631601,0.06940054574979992,-0.04148705477143366,1,1,0.43312297838263025,-0.7732586717633938,1.26043164051024,6.416125104308823,6.372692231157623,6.4420927769074225,6.414179285929056
separated,2023,nz-general-2023-electorate-16,Invercargill,6,available,0.25466097082830086,0.2592374626929816,1.1986985222368003,-1.1313156631774222,2,1,0.4104478427659837,1.9808670678506668,0.3724613770950347,2.927996519513788,1.8043190715253088,3.003017593762109,2.935634734702731
separated,2023,nz-general-2023-electorate-17,Kaikōura,11,available,0.24302539108815543,0.2680760922122263,0.5852865899997222,0.10197139858903348,4,3,0.6887496756851501,2.6732577142680625,2.5871354177386676,1.93538153210975,1.0294581610901292,1.6147447510898514,0.9274867625010957
separated,2023,nz-general-2023-electorate-18,Kaipara ki Mahurangi,6,available,0.23152560110493292,0.2650922719902404,1.6052569942367834,-0.13535252315881707,2,2,0.4077857107717671,-0.23888675464158182,3.3792767338272274,3.71141501606614,1.7289795347711614,3.3342365290079448,1.8643320579299785
separated,2023,nz-general-2023-electorate-19,Kelston,8,available,0.2715082482247509,0.27575854849367026,0.5848449322582069,0.27176749245672016,1,1,0.4049298532007969,-2.302342949486591,0.4608941623546414,1.830219264095004,0.9234132915090395,1.5082582237672464,0.6516457990523193
separated,2023,nz-general-2023-electorate-20,Mana,8,available,0.26613341523504613,0.2249717654180321,0.2701152014442276,0.5737532879201233,1,1,0.5488595831727869,0.758538006277415,-4.319939651245325,3.3937849844595576,2.5975078688629347,2.8676230703071623,2.0237545809428115
separated,2023,nz-general-2023-electorate-21,Māngere,7,available,0.25277524757712583,0.1904980991795847,-0.692973620122288,0.3700665886568193,1,1,0.9867409545272944,-1.2964525715305986,-6.291651961242717,0.7076125000531205,1.419844614129161,0.7268709940068729,1.0497780254723417
separated,2023,nz-general-2023-electorate-22,Manurewa,4,available,0.2645725625282764,0.24966739569791227,-0.9874446506298513,0.28171164905425305,1,1,0.896516635323974,-4.711222473985857,-1.5345685099128148,2.731740863674636,3.7466245372191747,2.7591798865893233,3.4649128881649216
separated,2023,nz-general-2023-electorate-23,Maungakiekie,7,available,0.2528798211571739,0.25475382606494174,2.5438333136832636,-0.7033376396484852,1,1,0.3542948119359076,-2.6885740100425384,0.19279140397007732,4.080695808910077,2.0256330510649336,4.569466364748197,2.728970690713419
separated,2023,nz-general-2023-electorate-24,Mt Albert,7,available,0.2435812828299347,0.23899456003311517,2.252181876293541,-0.22870430522502216,1,0,0.7048136126087926,-4.85123066145578,-0.4367695796915372,3.360052435166262,2.3935468759274565,4.645728752220998,2.6222511811524787
separated,2023,nz-general-2023-electorate-25,Mt Roskill,4,available,0.264020172531637,0.2827609080869622,1.9181141927129672,-1.5597469072388217,1,1,0.6112807346817005,-4.916021656304748,1.920852404308887,2.8579770558123245,0.9652493157165856,2.883363508429553,2.5249962229554073
separated,2023,nz-general-2023-electorate-26,Napier,7,available,0.2540454445497673,0.26841634363993244,2.7825379889209465,-0.7844769614311329,1,0,0.4693681303664548,1.6772846195888313,1.3843998391069146,3.6191835200906968,0.9354966509031044,3.718034639824051,1.7199736123342373
separated,2023,nz-general-2023-electorate-27,Nelson,6,available,0.2624092764610152,0.27924932087595683,2.4733248948786914,-0.8361787536394711,2,2,0.31651704979781586,0.4657725711835814,1.6972407049041072,4.8059765370367415,2.6488588287562824,5.122183723634974,3.4850375823957536
separated,2023,nz-general-2023-electorate-28,New Lynn,6,available,0.2607954348857204,0.28785665874543753,1.0608784108366607,0.17004294473829806,2,2,0.5342734148127326,-3.692880281094113,2.7234076623850854,2.9888353674811796,1.016447629684076,2.0773260405207368,0.846404684945778
separated,2023,nz-general-2023-electorate-29,New Plymouth,6,available,0.25467945268360165,0.27656118799557916,-0.16337445022863983,0.21072144019395145,1,1,0.7059555188825462,3.0014844740954616,2.0130762478565294,2.5532030374219405,2.463999397173185,2.300624946944545,2.2532779569792334
separated,2023,nz-general-2023-electorate-30,North Shore,5,available,0.22564565201122372,0.25639647564522294,2.8960817883835324,-0.2692044580365327,1,1,0.5399952755205097,-3.5431926130085944,3.0936152265071044,4.540276595282825,0.9103210688914134,3.806402857274946,1.179525526927946
separated,2023,nz-general-2023-electorate-31,Northcote,6,available,0.25056599946368574,0.286306262540721,2.412178289455116,-0.15948289991036035,2,2,0.5686574991474839,-2.3500633731200815,3.570318716475765,4.7624046850802735,1.6382302908311692,4.050408580286285,1.7977131907415296
separated,2023,nz-general-2023-electorate-32,Northland,9,available,0.257185076875629,0.26293227835511335,0.106365991585045,0.005483825347905036,3,2,0.6586508148962488,3.6257419369695345,0.5585014888198014,3.142308859302729,2.907682402516423,3.014048394101468,2.902198577168518
separated,2023,nz-general-2023-electorate-33,Ōhāriu,7,available,0.24950534740670918,0.23509289707808922,2.0494194424479883,0.16011180775582146,2,2,0.45997049382839195,-1.5017603791957823,-1.6466848593425176,5.052674294899363,2.5661651141134167,4.615584556561405,2.4060533063575953
separated,2023,nz-general-2023-electorate-34,Ōtaki,6,available,0.2593708926400368,0.24029595140233231,1.566362196191205,-1.1344973815518935,2,1,0.5568275349870884,3.3178679230139063,-1.9429943466115651,3.777941202344562,1.9503530528601118,3.516715249051317,3.0848504344120053
separated,2023,nz-general-2023-electorate-35,Pakuranga,6,available,0.23206488514652232,0.2778435026303431,1.7356333189263264,-1.5859152274510702,2,1,0.7508044262451952,-4.45988259073804,4.602763780436492,3.949197439198468,0.8646118549478807,2.600245173874207,2.450527082398951
separated,2023,nz-general-2023-electorate-36,Palmerston North,6,available,0.2660280488799268,0.2618347132799364,-1.0709395386750524,1.2024503485676814,2,2,0.2898361127884209,0.2823868700194687,-0.45425657794921914,3.2778658596179193,2.5300496716599525,1.4591101329849,1.3275993230922711
separated,2023,nz-general-2023-electorate-37,Panmure-Ōtāhuhu,6,available,0.2599027463492419,0.23446929879541917,-0.536116007697093,-0.17553176429842088,1,1,0.7911192490176613,-2.5535189905655815,-2.589086521126893,2.0790568083218606,3.2476733670073243,2.7115573593102313,3.423205131305745
separated,2023,nz-general-2023-electorate-38,Papakura,7,available,0.23736547223160723,0.2452449643443859,-0.5750895559661582,0.17058267104700198,2,2,0.26745651410741333,0.2723302746224676,0.7813994018084747,1.6987959426452888,1.8761048019495465,1.3010152459833884,1.7055221309025446
separated,2023,nz-general-2023-electorate-40,Rangitata,8,available,0.2508193908327184,0.253225221000911,0.46718463105177255,-0.26224068504233744,1,1,0.5428233882666779,2.7582062163585555,0.386214107247701,0.8063231865558724,0.7782486761420219,1.2454333071937944,1.0404893611843593
separated,2023,nz-general-2023-electorate-41,Rangitīkei,5,available,0.2439802803982894,0.25825172814897235,-3.63109561900162,1.2513460842748043,0,0,0.5132851967262354,2.3455964579291333,1.4166563453024639,1.030277668817988,4.664545425106219,1.0334498061045994,3.4131993408314147
separated,2023,nz-general-2023-electorate-42,Remutaka,6,available,0.26992345712760857,0.22617415309274252,0.03186296058921689,1.4402784962194923,2,2,0.6447084648229748,0.0815477233325479,-4.477475792097402,5.197508421080096,2.6045035581699447,2.6363665187591616,1.1642250619504524
separated,2023,nz-general-2023-electorate-43,Rongotai,9,available,0.25329207838321854,0.22281736933746166,-1.3225973660956056,0.6845096299665538,2,1,0.7223109304205635,-1.5887842733518815,-3.0188431446383888,1.4188137838727635,2.81990720534189,1.4973098392462842,2.135397575375336
separated,2023,nz-general-2023-electorate-44,Rotorua,6,available,0.25712359326243617,0.2613307237770138,0.605324098433345,-0.6474348672753556,2,2,0.2724859481614625,0.1741253148199784,0.3771391754508774,3.085932850724173,2.1695665541199287,2.7748906525532737,2.8170014213952843
separated,2023,nz-general-2023-electorate-45,Selwyn,5,available,0.22949765450950196,0.26769072898696483,2.297968037866797,-0.3480612940282053,1,1,0.6539678417210654,-0.9777234787477662,3.5250805525835593,4.370483888512215,1.0444246291691563,3.3423926670359534,1.3924859231973616
separated,2023,nz-general-2023-electorate-46,Southland,7,available,0.2205455947267472,0.2506727353699219,-0.127590417117172,0.05808961583569605,2,2,0.5762165299223186,1.5684261911409259,2.974323897356343,3.763456129635654,2.7265908987155902,2.5990004815984182,2.668501282879894
separated,2023,nz-general-2023-electorate-47,Taieri,9,available,0.2627758690108319,0.2694669489756404,-0.18393180454749358,0.051309210244643966,3,1,0.41971559571167943,1.0057645886881295,0.6132331313226935,1.366386069902464,1.6526330408375174,1.4687012362900238,1.6013238305928734
separated,2023,nz-general-2023-electorate-48,Takanini,4,available,0.2688895095529475,0.3017662240366819,3.544816092966946,-2.106479230118153,1,1,0.7700245804768368,-5.47184498837786,3.264922205311116,1.8483333840998237,1.6808368052033644,5.225652898170311,3.7873160353215174
separated,2023,nz-general-2023-electorate-49,Tāmaki,4,available,0.210661327336241,0.23165355134980065,-2.3421948862825133,-0.22702665805082844,1,1,0.458823554841596,-2.318678213932801,2.115699039444105,14.32313690439323,18.552494515096438,16.210299628813924,18.779521173147266
separated,2023,nz-general-2023-electorate-50,Taranaki-King Country,4,available,0.23125313541069686,0.24807490127909065,-0.048044434526702595,0.24998620327373722,2,1,0.6151960962625578,3.3629926418890843,1.69230767576804,4.5894841625551726,4.642815188563088,4.594770754036386,4.392828985289351
separated,2023,nz-general-2023-electorate-51,Taupō,6,available,0.24521701546150937,0.2609797504878898,0.17609916745463372,-0.361100745175053,2,0,0.5160633166285953,1.8305762514949642,1.5800829395072324,4.1371833339358375,1.8885846188921411,2.064683786346775,2.249685364067194
separated,2023,nz-general-2023-electorate-52,Tauranga,10,available,0.24445806479848628,0.2779215357343924,-0.9757339304345994,0.3528845197015331,2,0,0.4784593364262335,0.13467167580951678,3.344438924741147,0.7031648825451376,1.948029323641784,0.9722953932071846,1.595144803940251
separated,2023,nz-general-2023-electorate-53,Te Atatū,6,available,0.2700605583067932,0.2700814755206164,-0.6848966953956477,0.6543161474443224,2,2,0.3616125437176181,-1.4699525754834797,0.019388116218083118,1.2709336484382665,1.899310782306392,1.2144140869107443,1.2449946348620695
separated,2023,nz-general-2023-electorate-54,Tukituki,10,available,0.2522955900231124,0.2602262501129624,1.4896519694659638,-0.2638102199350473,1,0,0.5145056704765885,3.1233991745967913,0.7172860676734727,2.000020181420325,0.5707487881261503,2.060400757592114,0.8345590080611975
separated,2023,nz-general-2023-electorate-55,Upper Harbour,9,available,0.2519463179066174,0.28586735335054825,0.7998305884258947,0.0085168540459033,2,1,0.6220158777495554,-3.5215503639393297,3.375429958866527,1.6483708559812549,0.9260602575205104,1.725890845946405,0.9175434034746071
separated,2023,nz-general-2023-electorate-56,Waikato,5,available,0.23205322321301028,0.25409093576282493,-0.4070378570127491,-0.02446452715281744,1,1,0.5122327098808539,2.073388026545364,2.2151234439625025,1.3405324032000647,1.5824364354365543,1.1753985784238052,1.6069009625893718
separated,2023,nz-general-2023-electorate-57,Waimakariri,5,available,0.25784267097683683,0.2936731944468736,2.959595789458919,-2.352678365817833,2,2,0.670748782756284,1.2174834170575022,3.4784713142332087,4.782175354570342,1.9986560201112502,4.958251809570169,4.351334385929083
separated,2023,nz-general-2023-electorate-58,Wairarapa,7,available,0.25150349374993664,0.2340447989933262,0.7678320388845905,0.9249108803483779,3,1,0.5349820389894439,4.064642752186693,-1.7655309775349626,3.8435766700231087,2.957377205534536,3.7252092444191267,2.0324663251861583
separated,2023,nz-general-2023-electorate-59,Waitaki,8,available,0.23969867266833625,0.2577116838934346,0.4726460150003984,0.41001143505856263,2,2,0.5880499125917414,2.2341560929499513,1.7099646059822116,2.35805773493651,1.4962928010485619,1.9689388160489603,1.0862813659899992
separated,2023,nz-general-2023-electorate-60,Wellington Central,11,available,0.22643980101395544,0.19769586758364086,-0.09537502204430104,0.3940674613861874,1,1,0.7417787785224143,-1.4943780542226253,-3.1839077128116844,1.662213310044923,1.7717825495364024,1.6764075274921013,1.377715088150215
separated,2023,nz-general-2023-electorate-61,West Coast-Tasman,9,available,0.25661026712744145,0.27707953112247036,0.19271666247595842,0.09076934042924822,4,3,0.9569644044329925,4.522674445653719,2.0136791670295526,4.797557468992977,3.9583376191674464,4.151054281643405,3.867568278738198
separated,2023,nz-general-2023-electorate-62,Whanganui,6,available,0.26381672728839833,0.2682366012812022,1.6332483193775473,-0.6306603367935399,1,0,0.5077244460572224,3.1687892385301453,0.5236055377389859,3.1068150416309805,1.2364891376066989,2.869737456984246,1.8671494744002388
separated,2023,nz-general-2023-electorate-63,Whangaparāoa,6,available,0.23255278117366618,0.2842621272428525,0.8675991599286381,0.3807690956213674,1,0,0.6397688325477805,-1.5680262304547554,5.096575615011425,4.4938861728939825,1.963957610792845,2.831556770721483,1.5831885151714775
separated,2023,nz-general-2023-electorate-64,Whangārei,10,available,0.26165840138450996,0.28792338706623705,0.7927616208934305,0.06568875512375816,2,0,0.44999546330454837,0.2426553480238569,2.535222262496353,2.633374304613587,1.3740819684173857,2.166843589310816,1.3083932132936276
separated,2023,nz-general-2023-electorate-65,Wigram,10,available,0.2634776177889409,0.27913601735147275,0.5568667836902642,-0.1887083620728226,2,1,0.4028758448635529,-1.4730590453502224,1.6536516969446302,2.202644872605182,0.9868429185266362,1.5437097022169004,1.1755512805994588
observed_retrained,2014,nz-general-2014-electorate-06,Clutha-Southland,8,available,0.046750819312512897,0.05126738978732414,-1.0331910190579243,0.47264326862670103,2,2,0.36407255409339573,-1.6094770734023767,-0.06925253336138304,1.5972413838692616,2.659970407206759,1.6267793881488346,2.187327138580058
observed_retrained,2014,nz-general-2014-electorate-09,Dunedin South,8,available,0.047153589167380425,0.045266534360518536,-0.1624711216598289,0.9060318148043929,3,3,0.2787140584425861,0.06359228958991436,-1.3002895759934574,3.32455844370917,2.1052782473521856,1.9428071256923567,1.1992464325477927
observed_retrained,2014,nz-general-2014-electorate-18,Ilam,7,available,0.0398504206576814,0.03570245889990687,-1.1625990862843225,0.2497131635066121,2,2,0.14167530661915942,0.0637360346673499,-0.2008054795033798,1.37477394223529,2.6386687022768474,1.4760696159925248,2.3889555387702353
observed_retrained,2014,nz-general-2014-electorate-19,Invercargill,6,available,0.04830115814368205,0.07263565291286056,0.4302564318383775,-0.230212671261683,3,3,0.43867469957545585,-0.0557441936606895,1.1115757538913473,2.1286854473845693,2.0631810624410547,2.493437494279432,2.2933937337027377
observed_retrained,2014,nz-general-2014-electorate-20,Kaikōura,9,available,0.05378837860226482,0.0644728654398249,0.0903474123882908,0.2652571076628971,3,3,0.5805574119426132,-2.6373842677849924,0.7010673610562623,1.7674283215700466,1.8809463343200075,1.9712937467082983,1.6156892266571103
observed_retrained,2014,nz-general-2014-electorate-22,Mana,6,available,0.04430555171799389,0.04630359731036302,-0.10445909215056304,0.4786957282075823,4,3,0.16889622136089005,-0.3941905600136131,0.49777469925584295,5.891732241427518,5.2624147437609325,5.1579556516103695,4.78371901555335
observed_retrained,2014,nz-general-2014-electorate-23,Māngere,5,available,0.052148271225150984,0.05645549540956249,-0.8939527407084527,0.17646174562600248,0,0,0.2203355372052978,-0.8803023506730956,0.40629301650481064,1.034245743565341,1.906283770933972,1.0123310302255193,1.7298220253079695
observed_retrained,2014,nz-general-2014-electorate-25,Manurewa,7,available,0.056294856858918114,0.05580176590629376,0.10155642301683154,0.5192546570772302,2,2,0.2304841717736613,-1.3232500350933374,0.26020270721200944,0.9017376750172158,1.073019073947366,1.1745754969641975,0.5537644168701358
observed_retrained,2014,nz-general-2014-electorate-30,Nelson,7,available,0.04741470162402604,0.07005609656121704,1.2368298218294045,-0.42974738738563834,2,2,0.3933515481534356,0.5447512078016192,0.1866662307236311,2.9030276211027117,1.8983446991321966,3.135174520961601,2.328092086517835
observed_retrained,2014,nz-general-2014-electorate-33,North Shore,6,available,0.04273496394489519,0.03876175870677329,-1.6266893669601425,0.6488060152343555,1,1,0.2793695058310354,-0.4634980728653204,0.4980747749455561,1.628590310126058,3.069042483725689,1.4423531167655463,2.4202364684913333
observed_retrained,2014,nz-general-2014-electorate-34,Northcote,7,available,0.04691834720324337,0.05459302617643897,0.07663658644587823,-0.5335200295790394,3,3,0.336763356172623,0.9892665217182239,0.6580054220477222,2.1635480221652097,2.096217725771353,2.1728543122172312,2.6297377553503924
observed_retrained,2014,nz-general-2014-electorate-35,Northland,9,available,0.0689515708338922,0.062131241475113286,-0.11144797430586184,-0.5183054180020239,2,2,0.3442455234270847,-0.5600756647187399,-1.0059300983099762,2.249521250480264,2.9943598781579754,2.8829119038521136,3.5126652961599993
observed_retrained,2014,nz-general-2014-electorate-38,Pakuranga,4,available,0.050155139264490244,0.05536704635722982,-1.4108912053632885,-0.13621172548698457,1,1,0.36543639833293357,0.8448972258847887,0.7362267220160229,4.780705777515264,6.911333027254411,5.500441821891123,7.047544752741396
observed_retrained,2014,nz-general-2014-electorate-39,Palmerston North,5,available,0.04975284937294839,0.05660670462297473,-0.8969780195757342,2.0505321112272057,1,1,0.1884830138555331,0.5039637129257424,-0.09195515446256963,6.090849031512144,4.121626908581112,3.2246488890053775,2.071094797353906
observed_retrained,2014,nz-general-2014-electorate-46,Rongotai,10,available,0.041807416972304695,0.053453249370884214,-0.7702718862579829,1.6789334259474837,5,3,0.3771375635201084,0.6066212740125754,1.248115115081283,3.8777669591532784,2.6910322218488925,1.9207603355909095,1.0120987959014087
observed_retrained,2014,nz-general-2014-electorate-51,Taupō,8,available,0.05796979417793258,0.05217110409957291,-0.235417838592888,-0.5314581674498255,3,3,0.4730117664685479,-2.387389811405727,-0.49809377300194524,1.9421151250293922,1.375997275005323,1.140579436412435,1.9074554424551486
observed_retrained,2014,nz-general-2014-electorate-54,Tukituki,7,available,0.05283166844465709,0.0539544724755711,0.27057895383481334,-0.6161585767680644,3,2,0.316818312944801,-0.37335783140330925,-1.0479683523177685,2.713718753171306,3.175153092438893,3.445732046273706,3.7913116692069573
observed_retrained,2014,nz-general-2014-electorate-58,Wairarapa,7,available,0.05736140866442471,0.06373303523489983,-0.3935735953686157,0.09508429584193667,2,1,0.542751916966584,-2.2164446513744163,0.2939040489987249,4.609191602491245,4.993321649916088,4.599748054547472,4.898237354074151
observed_retrained,2014,nz-general-2014-electorate-61,West Coast-Tasman,7,available,0.05074612164236872,0.08400473358552703,-1.3102401333737075,2.2713647822504788,3,3,0.5338851629399325,0.5842040644714275,1.2960547317632383,7.099019083390034,5.285680353230888,3.9754402198571808,3.0143155709804095
observed_retrained,2014,nz-general-2014-electorate-63,Whangarei,10,available,0.06353991294277968,0.061275102136498595,0.3326937785334261,0.31163374213742845,2,2,0.32592664196980864,-1.1509286611862735,0.2660306228832149,1.8959444291619327,1.3640924960864935,1.6967862746199196,1.052458753949065
observed_retrained,2017,nz-general-2017-electorate-01,Auckland Central,8,available,0.1429780606663818,0.19409776790146252,-0.13154860539302504,-0.11668396981917084,2,2,0.7364412068390725,4.975433820074104,-4.674046763175838,2.1029669466644942,1.3149481079151992,1.1833995025221742,1.43163207773437
observed_retrained,2017,nz-general-2017-electorate-02,Bay of Plenty,5,available,0.10829746744086909,0.16044419277905436,-0.2242650459501887,-0.4214768469553989,1,1,0.7442955217629584,3.5394467617044567,-5.022062106445158,1.0756373796707395,1.0355860708489737,0.811321024898785,1.4570629178043726
observed_retrained,2017,nz-general-2017-electorate-03,Botany,6,available,0.12689273113021468,0.09758605323342712,1.6160432958732818,-1.7164367785109995,2,2,0.7500366781487928,-5.39639900483696,2.989119930937989,2.388801598195538,2.3650647497983206,3.9811080456716024,4.08150152830932
observed_retrained,2017,nz-general-2017-electorate-04,Christchurch Central,7,available,0.14959896570123365,0.18092570357117238,0.9820592983616268,-0.354603317794451,1,1,0.5026565729487356,3.073879649976763,-2.2201532813464873,2.2858650171430157,1.3918659630388468,2.3739252614004736,1.7464692808332978
observed_retrained,2017,nz-general-2017-electorate-05,Christchurch East,7,available,0.15786535052633033,0.17568927288906397,0.4610790010837662,-0.6500235531090335,2,2,0.3099166257912773,0.6242089115056138,-1.938043908323711,2.093291378519174,1.1621086638912215,1.6231876649749877,1.812132217000255
observed_retrained,2017,nz-general-2017-electorate-06,Clutha-Southland,7,available,0.1071260515230784,0.1369066636471758,-0.9533557944288558,0.24334994824684264,2,2,0.5261741109633653,3.3219333941987617,-1.6606428725600086,1.5025933279515904,2.3671085815059123,1.4137527870770565,2.1237586332590697
observed_retrained,2017,nz-general-2017-electorate-07,Coromandel,5,available,0.11546657936363751,0.14056322634619453,0.2635011441306583,-0.3290986633759827,1,1,0.6326376615029634,2.8560973122114475,-3.4231478693658888,4.229413927706043,3.1131289930264603,3.3766301371571186,3.442227656402443
observed_retrained,2017,nz-general-2017-electorate-08,Dunedin North,8,available,0.175051263949616,0.20283303419168336,-0.14313727586842084,0.8998503961396016,2,2,0.42249949560458305,2.577608431736722,-1.1484243889556267,2.594439912651602,1.8112618566946048,1.668124580826184,0.9114114605550032
observed_retrained,2017,nz-general-2017-electorate-09,Dunedin South,7,available,0.15734310173435137,0.17534453862459504,-0.7631315795991938,0.7808151156300588,1,1,0.2537721654120501,0.1805081153449406,-1.8395442199440115,2.0202901513282177,1.4660925267020215,0.7029609471028277,0.6852774110719627
observed_retrained,2017,nz-general-2017-electorate-10,East Coast,7,available,0.13688425914853655,0.1666677990701481,-0.7534007249243087,0.1081023717433518,1,0,0.4201284590240834,2.095371795180384,-3.1352216722114354,1.565701786102843,1.761064812580652,1.0076640876563434,1.6529624408373003
observed_retrained,2017,nz-general-2017-electorate-11,East Coast Bays,6,available,0.11342191618838988,0.13123315940929528,0.885092487856191,0.019761444552548024,0,0,0.5053600818641952,1.7813125861946832,-3.977767580398517,2.2252477823628602,1.3508908198978709,2.235983307754062,1.3311293753453228
observed_retrained,2017,nz-general-2017-electorate-12,Epsom,6,available,0.10067648802927075,0.13930779775200497,-2.7265828899836677,3.440672414547107,2,1,0.615076298362347,4.287275557490256,-3.9133963043561177,13.743240593278497,13.00796411861341,10.281381228629742,9.567291704066303
observed_retrained,2017,nz-general-2017-electorate-13,Hamilton East,6,available,0.14209514015713595,0.15083295492857463,0.4905338513722417,-1.3482945500798502,1,1,0.13977066668301166,0.09603822297182818,-0.2893192805347833,1.4445576647657659,1.3502067105539552,1.840740561926197,2.6985012606338055
observed_retrained,2017,nz-general-2017-electorate-14,Hamilton West,9,available,0.14339538781702377,0.1400396906996223,-0.872038409458291,0.8228078701045632,1,1,0.296625961348255,-1.8490358473369717,0.5507103375395284,1.9101417164847811,1.7629118322425388,0.8908734227842477,0.9401039621379755
observed_retrained,2017,nz-general-2017-electorate-15,Helensville,6,available,0.1174235815811534,0.1521380123259608,-0.7989146694357476,0.2812427969104472,0,0,0.7848173557914707,3.9714982040243596,-5.575930152407019,3.2221488583368405,4.016235514993547,3.2173208455577997,3.7349927180831
observed_retrained,2017,nz-general-2017-electorate-16,Hunua,6,available,0.0991474307008365,0.10809151557535421,-0.4735188681851312,-0.007469486699064998,2,0,0.30175702740991517,0.3305118203482005,-2.122141981677253,1.995550197659792,1.623969916979525,1.1504510487943937,1.63143940367859
observed_retrained,2017,nz-general-2017-electorate-17,Hutt South,8,available,0.14990804099272573,0.16093835168927162,1.5449759124847833,-0.8040103475364426,1,1,0.15924910704653808,0.27651824708557204,-0.13863480235385417,2.560767972073844,1.3272450587202376,2.872220971205021,2.13125540625668
observed_retrained,2017,nz-general-2017-electorate-18,Ilam,7,available,0.1196673364920214,0.17135465980189246,-0.16704666894260622,0.1291223253851852,1,1,0.6865338742940754,3.7451291182300728,-4.384956982351406,6.684141095495978,6.834950906533148,6.667904237590542,6.705828581147963
observed_retrained,2017,nz-general-2017-electorate-19,Invercargill,4,available,0.13817428258880757,0.1302136199071704,-1.5531563534401656,0.004665469618188478,2,2,0.30756790261357825,-2.396116724874253,0.3809497385157401,0.988844942293322,2.5418704498092866,0.9887140963691211,2.537204980191098
observed_retrained,2017,nz-general-2017-electorate-20,Kaikōura,9,available,0.11745603201205654,0.1448502150325866,-1.1039866488497767,0.2243647677081715,4,4,0.4913218261536394,2.637508529666499,-3.246704391614519,0.8016728369473989,1.9284799736266367,0.82449332477686,1.7041152059184652
observed_retrained,2017,nz-general-2017-electorate-21,Kelston,7,available,0.16603171280070617,0.10897779042384907,0.6251495918252532,-0.12221127579523072,2,1,0.8664864494268821,-5.171774293891229,5.876841683216405,1.3905233661229106,1.0826525123777349,1.707802104202988,1.2048637881729656
observed_retrained,2017,nz-general-2017-electorate-22,Mana,7,available,0.15800788132004098,0.1487223434232933,-1.0670580365897813,0.43349370812508803,2,2,0.3157334194526489,-0.4439571371060491,2.0360241573700866,2.9152717754531996,1.7242333230893554,0.6571752864995742,1.2907396149642674
observed_retrained,2017,nz-general-2017-electorate-23,Māngere,8,available,0.13199248510075967,0.07756989808168098,-0.2128544425574057,0.055283163586179906,0,0,1.1091075653241274,-5.609662960617951,7.555372444366348,0.8909063651867961,1.0800538262738937,0.867199383716488,1.0247706626877138
observed_retrained,2017,nz-general-2017-electorate-24,Manukau East,8,available,0.13183452356380018,0.06948799998516512,0.4376880253370866,0.2974006426343232,2,2,1.3062632574403024,-7.629074602388744,9.021236922028242,1.0611942306035396,0.9446188839386523,1.382306909275739,0.6472182413043291
observed_retrained,2017,nz-general-2017-electorate-25,Manurewa,6,available,0.1496972116925101,0.08394553314490993,1.5585565867979794,-1.0973335880179045,3,3,1.0432764844888165,-6.679926856078536,6.847624768667915,0.9801458722057799,1.8278176361245846,3.386374222922564,2.925151224142489
observed_retrained,2017,nz-general-2017-electorate-26,Maungakiekie,7,available,0.15675317429977265,0.11048270645852172,-0.12959196733600953,0.14867570308790512,0,0,0.673222158003691,-4.182700765727315,4.805203849551587,2.493362910668672,2.6265154660095957,2.496923498673586,2.4778397629216906
observed_retrained,2017,nz-general-2017-electorate-27,Mt Albert,8,available,0.16251175274762095,0.170425435370306,0.9944075452188232,0.7825954883301978,2,1,0.3766204767540316,2.7545238216393653,-0.37249218781474913,5.279922191956837,2.846142521750033,3.840550066968856,2.063547033419835
observed_retrained,2017,nz-general-2017-electorate-28,Mt Roskill,9,available,0.15796479801175733,0.10123662992869126,0.8538904106166052,-0.0925281332875969,2,2,0.9370412105130196,-5.850688896683326,6.1809681337831375,2.902739871165722,0.9092244452669278,1.763114855883533,1.0017525785545247
observed_retrained,2017,nz-general-2017-electorate-29,Napier,6,available,0.14776540715202358,0.14075385287230258,0.7651656456315157,0.853876728595496,1,1,0.16321502850927488,0.33728951105060356,0.1769826478097869,4.216100445565059,1.190598755843928,1.9557644014754436,0.3367220272484319
observed_retrained,2017,nz-general-2017-electorate-30,Nelson,8,available,0.15251432078141708,0.20329169065860486,-0.4231958768939039,-0.05353832989433904,2,2,0.6814165141124723,3.6953470968725863,-4.406341091862009,4.105830689464031,4.7515578697051275,4.328361992811224,4.8050961995994665
observed_retrained,2017,nz-general-2017-electorate-31,New Lynn,9,available,0.16131184523506967,0.10940497484595375,0.4892374400846379,-0.06167379309717813,0,0,1.0755296926459177,-7.045881868628845,6.98115026358403,1.0907095508435445,0.6015889477333448,1.0908263878179827,0.663262740830523
observed_retrained,2017,nz-general-2017-electorate-32,New Plymouth,6,available,0.1252379464645025,0.16043739688266762,-1.169954840404087,0.17261652438681274,1,1,0.5238437720944991,3.8145238480640495,-3.1811080799388716,0.9787159101878409,1.4897632384602797,0.31980839805619277,1.317146714073467
observed_retrained,2017,nz-general-2017-electorate-33,North Shore,6,available,0.10617489277946472,0.14365968299502357,-0.7087903603673651,-0.00921839089309695,2,2,0.5422942131960743,3.524300889191523,-4.1236778041889774,0.6246659100652121,1.5833564333854662,0.8745660730181011,1.5925748242785631
observed_retrained,2017,nz-general-2017-electorate-34,Northcote,6,available,0.1370968933360817,0.14658050769932401,0.5528848050596449,-1.206728851262649,2,1,0.16621608443661506,0.008908753142439219,-1.2030993110069943,1.0914433298572876,1.1776732629752227,1.7305580680348676,2.3844021142378717
observed_retrained,2017,nz-general-2017-electorate-35,Northland,6,available,0.13993326203711878,0.16304555904437862,-1.0948475527538672,0.2699197322678524,3,2,0.7105835968024152,3.820211575629151,-3.662804087773497,7.039844696039652,8.090946530192895,6.996098977439027,7.821026797925042
observed_retrained,2017,nz-general-2017-electorate-36,Ōhāriu,7,available,0.13966258641682613,0.16228774964078016,3.6756164457053826,-4.581542538944781,2,2,0.4117147602922516,2.6383554755284866,-0.7322001245274989,3.0539643711579423,2.964182978829829,6.639799424535211,7.54572551777461
observed_retrained,2017,nz-general-2017-electorate-37,Ōtaki,7,available,0.14087650824542286,0.13774864933863584,0.38830365940790945,-0.6486460826628975,2,2,0.07344654574986192,-0.18858695356573918,0.025983065803214522,1.6459360003570476,1.0423435525331466,1.430647211941056,1.690989635196044
observed_retrained,2017,nz-general-2017-electorate-38,Pakuranga,5,available,0.11302857100790029,0.11690491148940273,-0.6768553158848741,0.5134248380225241,1,1,0.4086559476378002,-2.378262384286156,-0.36017023354450173,1.6954813959362014,1.5209278201967786,0.8440725043119045,1.0075029821742545
observed_retrained,2017,nz-general-2017-electorate-39,Palmerston North,5,available,0.15613143687880218,0.13228628150454286,-2.6546034812638943,1.594239212700151,2,2,0.3391378865196607,-0.8576574624077404,2.563805823099435,4.112113177784908,2.9610740948044665,0.3064706135405719,1.3668348821043155
observed_retrained,2017,nz-general-2017-electorate-40,Papakura,4,available,0.1375768516703231,0.0935983296212937,2.2841745256456454,-1.8710282067621875,1,1,0.6132169694366116,-4.131074521718547,3.4966701041056925,1.1321898541689377,1.2677363137113222,3.5519108393569674,3.1387645204735097
observed_retrained,2017,nz-general-2017-electorate-41,Port Hills,6,available,0.14329059467089356,0.19073563851770214,-0.16240333319510825,-0.3052380422841967,5,4,0.6424825122925958,4.166717357207094,-3.9748121788102884,4.359901476082436,2.5920597193017376,2.4296563861066294,2.8972977615859343
observed_retrained,2017,nz-general-2017-electorate-42,Rangitata,5,available,0.13032277854353297,0.13724185299964267,-2.16303540622649,0.5294302771086654,1,1,0.24191125826601748,-0.7293108189458719,-0.9906256848104034,1.283238214188151,3.428950419023988,1.2659150127974979,2.8995201419153225
observed_retrained,2017,nz-general-2017-electorate-43,Rangitīkei,6,available,0.12555597268531843,0.12992526662377543,0.35589216906278986,-0.7764686750653405,2,2,0.2225084551228646,0.8432729575759357,-0.7295574992215115,1.4282433204585407,1.1229984614814135,1.4788906305442033,1.899467136546754
observed_retrained,2017,nz-general-2017-electorate-44,Rimutaka,6,available,0.15618842162513813,0.1359269479021953,-0.8359625706956195,0.35893434808643,2,2,0.42760450901003966,-1.7913861164826794,2.433600130672353,3.821967936112067,1.6432724938340697,0.8073099231384502,1.2843381457476397
observed_retrained,2017,nz-general-2017-electorate-45,Rodney,5,available,0.1141726330923555,0.13313573098345108,-0.39018545904169977,0.2653738632098368,2,2,0.6101495193397363,2.7628537136601183,-3.806152035385299,1.7985425835297797,1.6523919517947403,1.2622064927530405,1.3870180885849035
observed_retrained,2017,nz-general-2017-electorate-46,Rongotai,8,available,0.17144963094911864,0.18665532380580344,1.316293647385664,-0.24907743914296165,2,2,0.5829820286254306,2.903377178266897,0.5119506309366029,2.088013748735095,0.7466417535247503,2.062935400910414,0.9957191926677119
observed_retrained,2017,nz-general-2017-electorate-47,Rotorua,7,available,0.1281311032386024,0.14030165357254967,-0.9073257123917395,0.022208913787979068,2,1,0.19662951023410508,1.112554433091073,-1.068313165935414,1.2640468307791415,1.1851745961846936,0.27784888379295397,1.1629656823967145
observed_retrained,2017,nz-general-2017-electorate-48,Selwyn,6,available,0.09896863181358316,0.1595053636550692,0.05729717378685617,-0.6502438208257257,1,1,0.7933047456137232,3.9824894574350678,-6.161197046272449,2.7517829845888295,1.1672221591409087,1.2245193329277648,1.8174659799666344
observed_retrained,2017,nz-general-2017-electorate-49,Tāmaki,7,available,0.10349538010328299,0.11779470550967973,-0.36896415037066843,-0.6292108835109205,2,1,0.37204928627726036,2.1527835665163475,-2.1152054211205975,0.9727602808904523,1.5070273894485182,1.1380632390778498,2.1362382729594387
observed_retrained,2017,nz-general-2017-electorate-50,Taranaki-King Country,4,available,0.10457957643322502,0.13213128077316288,0.1176574877600296,-1.2311282038375588,2,2,0.518555062877878,3.5220675728717232,-3.0828674118718924,1.8216641422904032,2.348330519961403,2.4659880077214327,3.579458723798962
observed_retrained,2017,nz-general-2017-electorate-51,Taupō,5,available,0.12018222362861551,0.13163023433496399,-0.18339055803727788,-0.1095002031385186,1,1,0.22946421517950674,1.0510909293147463,-1.1216415623063136,2.7749793293462863,2.6771705432886566,2.4937799852513787,2.786670746427175
observed_retrained,2017,nz-general-2017-electorate-52,Tauranga,11,available,0.1099920707567784,0.15967879205005503,-0.6417329922501682,0.27552028297527753,3,3,0.6689201713730208,3.0312506260959493,-4.338221504695911,0.4435365635301862,1.0331546481595943,0.3914216559094262,0.7576343651843168
observed_retrained,2017,nz-general-2017-electorate-53,Te Atatū,7,available,0.15731213655453696,0.10822920143390528,0.10606528938704374,-0.28586007575018935,3,3,0.7360144553485438,-5.021903401633915,4.22820796351192,1.4468646586989378,0.6379773951548036,0.7440426845418473,0.9238374709049929
observed_retrained,2017,nz-general-2017-electorate-54,Tukituki,7,available,0.1403932732613355,0.13678739099462922,-0.4716791787091583,0.3194446149227277,3,3,0.2047853266427634,0.7816279138529503,-0.04266530351825781,1.6207461479680696,1.7163080622179017,1.2446288835087433,1.396863447295174
observed_retrained,2017,nz-general-2017-electorate-55,Upper Harbour,5,available,0.13539816102188942,0.10806070529925847,-0.8388707665444548,0.09681238838881079,1,1,0.3880506861370401,-2.9674671435496847,1.8589535081001585,1.6389755763475027,2.3276418970187955,1.4887711304743407,2.2308295086299847
observed_retrained,2017,nz-general-2017-electorate-56,Waikato,4,available,0.10803166337476777,0.11518083267262376,-0.4435021148683407,0.40502539728738185,0,0,0.3019767769981756,0.8804228980187068,-1.4612251652116104,1.6934900035695541,2.144941314889431,1.7014392000210905,1.7399159176020493
observed_retrained,2017,nz-general-2017-electorate-57,Waimakariri,10,available,0.12137267862243074,0.15336459967144175,0.9092817255420544,-1.1123564159826782,5,5,0.538195482087024,1.6691419954255826,-3.981780281978403,1.0159679241656132,1.8188993502987065,2.728181075840761,2.9312557662813847
observed_retrained,2017,nz-general-2017-electorate-58,Wairarapa,6,available,0.12764129562074086,0.13733478397908733,-2.0641566757384826,2.525509064845661,4,4,0.26954862158020726,1.3655705937590912,-1.4725348243948055,3.325526382472359,3.412292172547705,1.348135496809222,0.886783107702044
observed_retrained,2017,nz-general-2017-electorate-59,Waitaki,7,available,0.12105596617190599,0.14865016901944803,-0.1424519207030266,-0.8385387181752751,2,2,0.44797532365032716,1.7335117382041854,-2.8169666025443076,1.0962981349735859,0.7810403489657806,0.638588428262754,1.6195790671410557
observed_retrained,2017,nz-general-2017-electorate-60,Wellington Central,9,available,0.1576659881362551,0.205004923961218,1.0233474795045348,-1.6922980327674553,2,2,1.0331471224386217,6.800931473249494,-1.550206975616436,2.6949106553764723,1.5734143249219759,2.5967618044265106,3.265712357689431
observed_retrained,2017,nz-general-2017-electorate-61,West Coast-Tasman,10,available,0.14850210294811206,0.1716550712715321,0.8960510294983741,-0.9660111592964553,3,3,0.536908819082668,3.481146239365407,-1.5882618799897719,2.9002258302378405,1.7865108313041211,2.6825618608024953,2.7525219906005765
observed_retrained,2017,nz-general-2017-electorate-62,Whanganui,5,available,0.14354757509941707,0.12945993018172308,0.21426678156791135,-0.050402733799237875,1,1,0.19599745090592005,-0.61095252874237,0.5748840411884337,1.5969034430434224,1.3859628514110833,1.6002296329789947,1.4363655852103212
observed_retrained,2017,nz-general-2017-electorate-63,Whangarei,8,available,0.12576915251806395,0.16346916055461277,-0.9336991965408714,-0.049720103436666996,3,3,0.8092920166163873,4.83623264107127,-3.9830559538281243,3.3061440394106087,4.5441667579622385,3.610467561421367,4.5938868613989055
observed_retrained,2017,nz-general-2017-electorate-64,Wigram,8,available,0.152935231317914,0.1576634882170321,-0.38576815937885856,-0.20643948973945636,3,2,0.2696516678019807,-1.440064036470845,-0.11164255150030167,2.42824162934776,1.2113110939228158,0.8255429345439572,1.4177505836622721
observed_retrained,2020,nz-general-2020-electorate-01,Auckland Central,11,available,0.23684822406901695,0.2152853267272981,-0.06783777305357219,-0.013300280530986974,1,1,0.8488667677831848,-1.2938581297393337,-1.0691007529615604,4.194225298686032,4.2821022349538955,4.214264461900323,4.2954025154848825
observed_retrained,2020,nz-general-2020-electorate-04,Botany,5,available,0.2662261749550497,0.2788694533600863,2.3739201501554725,-0.7455913958007128,0,0,0.6296420994821273,0.6373545579942297,-4.895470814187542,5.379778112982448,3.0058553557280017,5.379775505883474,3.7514467515287144
observed_retrained,2020,nz-general-2020-electorate-05,Christchurch Central,10,available,0.22744487346814515,0.24180240786609086,0.7190787972356854,0.011163364851595858,1,1,0.3154961577034281,1.8870690266767602,-0.9042437836877526,2.5493748279144772,1.2699424279368692,1.9890212251725545,1.2587790630852733
observed_retrained,2020,nz-general-2020-electorate-09,East Coast,7,available,0.24646830915595394,0.25649477864142645,1.1854512806547342,-0.38455964493485517,1,1,0.5165736675293734,0.017770794915228372,2.4590587136249065,2.3334372892979225,1.5239711256820518,2.709422406336786,1.908530770616907
observed_retrained,2020,nz-general-2020-electorate-10,East Coast Bays,7,available,0.29183187361191665,0.29143947421904226,1.662524290585126,-0.3005588510451256,1,0,0.9540604562056872,-0.45816880599449106,-7.2431396036846785,4.525066744706747,2.271258224950287,3.933782515535413,2.5718170759954124
observed_retrained,2020,nz-general-2020-electorate-11,Epsom,11,available,0.31630541878827595,0.238483640758607,-4.2684200158965595,3.589124237712338,2,1,1.818625550133442,-6.920519812584064,-5.933888431518724,6.753996471502371,5.9206838401991915,1.6522638243026322,2.3315596024868537
observed_retrained,2020,nz-general-2020-electorate-12,Hamilton East,11,available,0.25421215481703513,0.2503010439216251,0.7078024102905456,-0.0037931706535214715,2,2,0.32630338309324525,-0.13270538785093988,-1.1654010752131738,2.3724613815282445,1.4066980863670318,2.1145004966575773,1.4104912570205532
observed_retrained,2020,nz-general-2020-electorate-14,Hutt South,11,available,0.2346865066440599,0.2444573406121987,0.25132789067657413,0.16434725525500138,4,3,0.3533477056215725,1.426864862588975,-1.6632841285978528,3.6326246173024446,2.842878313412755,3.0942062040893292,2.6785310581577537
observed_retrained,2020,nz-general-2020-electorate-17,Kaikōura,12,available,0.2603090343020285,0.30142586807813343,0.6181785518738807,-0.16358395130241776,6,4,0.7808062889280925,3.0585510561193905,-1.1103727804050556,2.5230571314100976,1.8458706703472596,2.4640492222211403,2.0094546216496774
observed_retrained,2020,nz-general-2020-electorate-19,Kelston,11,available,0.20936599561433653,0.2032808969805199,0.2139504570417885,-0.20666653494659004,2,2,0.17262292278928254,0.11611477308659246,0.3060660808883231,0.9436889822168179,0.6433666369241969,0.8573170939659854,0.850033171870787
observed_retrained,2020,nz-general-2020-electorate-20,Mana,11,available,0.2149923045415017,0.22535868764568076,-0.8711771433769704,0.238907828309322,1,1,0.269161564376753,1.5904975024904648,0.3869897661093913,0.667653360508182,1.5092807367167738,0.6381035933398034,1.2703729084074518
observed_retrained,2020,nz-general-2020-electorate-21,Māngere,7,available,0.13638548497007044,0.12413717323072472,-0.597515531504454,0.17677447164242643,0,0,0.48728426833110833,-0.7598957390987691,3.2511078170419094,1.4310058804759744,2.0035081389735514,1.4059926074690974,1.826733667331125
observed_retrained,2020,nz-general-2020-electorate-24,Mt Albert,6,available,0.2044600004610093,0.17459933546989317,0.9688761759638247,-0.47980595698059814,2,1,0.7917066588005808,-1.3130017749185625,3.5428360233898895,6.243190622661532,2.747787756415538,3.7166639323793627,3.227593713396136
observed_retrained,2020,nz-general-2020-electorate-26,Napier,7,available,0.24831989681472447,0.24180002751757698,1.965969166536084,-1.8844296138069296,1,1,0.4099091025073866,-1.1758150136701173,0.9928326010452126,2.594955372129904,3.3346370512673182,5.300606217803402,5.219066665074248
observed_retrained,2020,nz-general-2020-electorate-29,New Plymouth,8,available,0.2589476171478871,0.25420019669968197,0.5833416904506477,0.08512611259850678,1,1,0.3453167819488778,-1.205023118126075,-0.6311743401668124,2.8374802138965483,1.6316996287270564,2.215041319177704,1.5465735161285497
observed_retrained,2020,nz-general-2020-electorate-30,North Shore,9,available,0.28214266092781026,0.2784137203912227,1.069872300053745,-0.30882556254663984,2,2,0.6866224690889722,-0.06786227005563528,-5.245614519565067,3.0457742226455564,1.9070356950922178,2.9769079951459627,2.2158612576388577
observed_retrained,2020,nz-general-2020-electorate-31,Northcote,7,available,0.2600337492916567,0.2608927537697437,1.304229613771366,-0.34277164189146125,2,1,0.5485733828334305,0.07314516159817042,-3.6885638565255285,3.842505901982897,2.3942279664284976,3.6984575801998636,2.736999608319959
observed_retrained,2020,nz-general-2020-electorate-33,Ōhāriu,10,available,0.24244440443181733,0.2660822297907445,1.6241337777246563,-1.1128364463649203,2,2,0.8191901129720452,3.121141669282962,-4.182073254212032,2.8471519126028126,1.7686037336799227,3.392737511404579,2.881440180044843
observed_retrained,2020,nz-general-2020-electorate-34,Ōtaki,8,available,0.2484704731683476,0.2667892311581615,1.2299573814310922,-0.30332631637354224,1,1,0.3765925923015946,1.00117913259124,-1.6724087367497864,3.6456667660600814,2.37087197049311,3.6008293519242023,2.6741982868666523
observed_retrained,2020,nz-general-2020-electorate-35,Pakuranga,6,available,0.27874814152205046,0.2844768732079036,1.1615734969130136,-0.07001146944055492,1,1,0.7202696776584758,0.07750331901038021,-5.6090915610809695,6.569434195981854,4.732302724412347,5.89387622132536,4.802314193852902
observed_retrained,2020,nz-general-2020-electorate-36,Palmerston North,7,available,0.23885678365512394,0.24196780072323068,0.8040350113399246,0.21977641903335066,1,1,0.19264148512667,0.8650733537016592,0.1933710854288062,2.2874287116611933,1.450848073315284,2.2548830846552086,1.2310716542819333
observed_retrained,2020,nz-general-2020-electorate-41,Rangitīkei,7,available,0.2664409647204358,0.29929618438509414,0.4810760527858138,0.26333199735522195,2,2,0.6413195604872327,2.393931838206803,-1.6394570481311266,4.452447568184697,2.976635051734456,3.45771110452027,2.7133030543792342
observed_retrained,2020,nz-general-2020-electorate-42,Remutaka,8,available,0.235522879662775,0.25577805335766496,0.3518786053004406,-0.10437633761910714,3,3,0.48951372119108993,2.6272134596080217,-1.536487815481813,2.70352771110929,1.097284856934012,1.4491634622344525,1.201661194553119
observed_retrained,2020,nz-general-2020-electorate-43,Rongotai,9,available,0.18342179127171224,0.1864725617599483,0.337150239557217,-0.05664020179069795,3,2,0.547517715307419,1.277725390386708,1.454832979844356,2.656964373887589,1.266754589973834,1.603904829531051,1.323394791764532
observed_retrained,2020,nz-general-2020-electorate-44,Rotorua,8,available,0.2543071069389307,0.27798334260194374,0.04533624322039875,0.30762132490030547,2,2,0.5087337668557441,1.5305062150248072,0.8322319547887203,3.565018678040229,2.6914292045102677,2.7367654477306664,2.383807879609962
observed_retrained,2020,nz-general-2020-electorate-49,Tāmaki,6,available,0.30377290170262516,0.2791468937754588,1.4980957921234475,-0.2840574745392832,1,0,1.1202222550571952,-2.270099554098337,-6.096646172628656,4.9203057957943095,2.942111449288515,4.440207241411962,3.226168923827798
observed_retrained,2020,nz-general-2020-electorate-50,Taranaki-King Country,5,available,0.2757803868680998,0.2933240295569697,0.8243980252162753,-1.1235798631231035,1,1,0.428727498593915,0.5689583051416813,-1.8099696198131399,3.929837002373375,1.699992500094237,2.5243905253105123,2.8235723632173406
observed_retrained,2020,nz-general-2020-electorate-52,Tauranga,11,available,0.2755082298600586,0.294370708069765,0.6781403377737771,-0.005040454588057353,2,1,0.3770607985001986,0.6414524523635001,-2.4617130323601186,2.071282498430644,1.1610518074187821,1.8391921451925592,1.1660922620068395
observed_retrained,2020,nz-general-2020-electorate-53,Te Atatū,7,available,0.23754169573810807,0.2315708947620637,0.24122637368037103,-0.29892604147681845,1,1,0.3386704769002201,0.04661696869849019,-1.1118236670808135,1.57538280235271,1.9153238786702624,2.1565502523506335,2.214249920147081
observed_retrained,2020,nz-general-2020-electorate-54,Tukituki,9,available,0.2519348217643805,0.2636112556131322,1.2496016406178896,-0.8332926232413884,3,3,0.41013142619919624,0.05918651532694774,0.5193308608373637,2.8019345481520106,2.5131380966692634,3.762739737287153,3.3464307199106518
observed_retrained,2020,nz-general-2020-electorate-57,Waimakariri,8,available,0.2519526648312395,0.3077736128859014,-0.07541083507187585,0.6462576675856524,2,2,0.8603670484385999,4.808736627746341,-2.417985011794088,4.354502241497686,3.04103565154948,2.9656248164776042,2.3947779839638277
observed_retrained,2020,nz-general-2020-electorate-58,Wairarapa,8,available,0.2585375815692519,0.2795493322766293,0.8398766558467998,0.015062282679145333,3,3,0.4770923686119269,1.0182649777539798,-1.275348438608398,2.670371551331309,1.6017155221599335,2.4415921780067333,1.5866532394807882
observed_retrained,2020,nz-general-2020-electorate-60,Wellington Central,11,available,0.19772340247481432,0.19510673660816846,-0.2963867274504359,0.7970109335227908,3,3,0.9963659063568128,0.801517703864657,1.5765360048047017,3.438614457238959,1.827370993767425,1.530984266316989,1.0303600602446341
observed_retrained,2020,nz-general-2020-electorate-62,Whanganui,7,available,0.2559408077387963,0.2635977627492037,0.5094316389277151,-0.14242701988232986,1,0,0.2798942012485524,0.22840943918070455,-0.6439877274044159,1.6078771026751937,1.1561784166293099,1.665610055557025,1.2986054365116397
observed_retrained,2023,nz-general-2023-electorate-01,Auckland Central,10,available,0.2366751826089184,0.24884750436298067,-0.5755945134263909,1.2889894616192397,2,2,0.6429635543474446,-2.840210322477499,1.2586964739308732,5.164331445829353,4.119811373242636,3.5442168598162453,2.8308219116233966
observed_retrained,2023,nz-general-2023-electorate-02,Banks Peninsula,9,available,0.2527231312499703,0.2608648635014336,0.7209672163112906,0.4075525134893818,1,1,0.3763156948072617,-0.34079398997968746,0.8026114133491691,2.431580368774171,1.510002291500291,2.2309695078115817,1.1024497780109093
observed_retrained,2023,nz-general-2023-electorate-03,Bay of Plenty,8,available,0.24438879592498033,0.29416654173182705,-1.2597088645852745,0.6877306537843348,0,0,0.6444818524816721,-0.5137627848359028,4.790471960525935,1.0224929646250254,2.280893005307228,1.0211841407219533,1.593162351522893
observed_retrained,2023,nz-general-2023-electorate-04,Botany,6,available,0.24646403756704954,0.29387123197049697,-0.07707754841975678,-0.33490999715524716,1,1,0.7166135568363575,-4.452005469486597,4.822326011123643,1.0775861729680596,1.4980389992233596,1.4209614508036028,1.8329489963786068
observed_retrained,2023,nz-general-2023-electorate-05,Christchurch Central,7,available,0.258427266050364,0.27263200411007593,1.2177972313371843,0.9519564337605982,4,3,0.3792585636618173,-1.0305150800274165,1.287753813401138,3.624906104311109,1.9401107407004614,3.1579079720376457,0.9881543069398632
observed_retrained,2023,nz-general-2023-electorate-06,Christchurch East,9,available,0.2695562770848518,0.28816930980160876,1.1393077050592284,0.16150896415132976,3,2,0.4117856139813019,-1.0151354104674992,2.0076409718569774,2.0291992073755662,0.9033951609290701,2.0427028659882986,0.7418861967777404
observed_retrained,2023,nz-general-2023-electorate-07,Coromandel,7,available,0.24424687823566965,0.27407633332869197,1.526895349523923,-0.14971337869698842,2,0,0.8685044240729642,3.913460221192555,2.9219495317647977,4.029863942091575,1.9037910271457708,3.430686376669694,2.053504405842759
observed_retrained,2023,nz-general-2023-electorate-08,Dunedin,11,available,0.2594256401134427,0.2591097198806703,0.8723106077688214,0.1147509925831447,2,2,0.23455454993718508,-0.7867250275432836,0.08799031196316531,2.461015461003347,1.8448505033185436,2.717161111087365,1.730099510735399
observed_retrained,2023,nz-general-2023-electorate-09,East Coast,11,available,0.2628622362331521,0.2369759007684891,1.4112171184112317,-0.16008774917727508,0,0,0.57952310850893,3.4178393991721845,-2.589959000483594,2.157338213109972,0.7586579068907041,2.169875025301936,0.9187456560679792
observed_retrained,2023,nz-general-2023-electorate-10,East Coast Bays,5,available,0.2287443223995184,0.28479917397810517,0.10909016431069185,-0.5235302231278047,2,1,0.7302228029795576,-4.3354787409017215,5.59046776399193,3.016234734773466,2.1598426666340576,2.2689328309447494,2.6833728897618623
observed_retrained,2023,nz-general-2023-electorate-11,Epsom,7,available,0.20059001351467873,0.2257436772916334,-1.3006279325386236,2.8297255838994766,3,3,0.5978201931426254,-2.202568942346433,2.546790492289591,9.66298262593003,6.563677637192275,5.2630497046536515,3.7339520532927986
observed_retrained,2023,nz-general-2023-electorate-12,Hamilton East,10,available,0.25512665032214565,0.2717561199307215,-0.090924522260871,0.09369452011044777,0,0,0.33414816869133646,-1.8901232307416915,1.6568943620277998,1.689453429603702,1.8000591063043045,1.7091345840434335,1.7063645861938568
observed_retrained,2023,nz-general-2023-electorate-13,Hamilton West,8,available,0.26413614696279264,0.294573316152771,1.1363748917846377,0.2685529352993126,0,0,0.5429907639741217,-2.264068016296683,2.968048443475607,1.8412190021404333,0.714358389634523,1.8507332814191606,0.4458054543352104
observed_retrained,2023,nz-general-2023-electorate-14,Hutt South,8,available,0.26284895309180195,0.24734457240918759,2.203593551584788,-1.4974790970679337,4,4,0.32926727763363034,0.042787781920688994,-1.5649219168432704,4.812222178149466,1.871310136456099,4.074903688040887,3.3687892335240326
observed_retrained,2023,nz-general-2023-electorate-15,Ilam,7,available,0.2358949408057663,0.2519917736631601,-0.09412033168070355,0.021392256998502113,1,1,0.43312297838263025,-0.7732586717633938,1.26043164051024,5.772607860377303,5.901694683823885,5.807574352143181,5.8803024268253825
observed_retrained,2023,nz-general-2023-electorate-16,Invercargill,6,available,0.25466097082830086,0.2592374626929816,0.9408238311776513,-0.9591234862943072,2,1,0.4104478427659837,1.9808670678506668,0.3724613770950347,2.7837481826355908,1.41510462956659,2.3559284607442414,2.3742281158608973
observed_retrained,2023,nz-general-2023-electorate-17,Kaikōura,11,available,0.24302539108815543,0.2680760922122263,1.0181690248208188,0.007551969464345554,4,3,0.6887496756851501,2.6732577142680625,2.5871354177386676,1.9813706541350724,0.8293074273612315,1.8474764521820504,0.821755457896886
observed_retrained,2023,nz-general-2023-electorate-18,Kaipara ki Mahurangi,6,available,0.23152560110493292,0.2650922719902404,1.6755824867350735,0.22176393962705054,2,2,0.4077857107717671,-0.23888675464158182,3.3792767338272274,3.2159749242138185,1.391325365871665,3.0669078526067386,1.1695614262446146
observed_retrained,2023,nz-general-2023-electorate-19,Kelston,8,available,0.2715082482247509,0.27575854849367026,0.03374571495580403,0.42110183492527853,1,1,0.4049298532007969,-2.302342949486591,0.4608941623546414,1.7290951248263795,1.1007601156730618,1.1345058306288658,0.6796582807477832
observed_retrained,2023,nz-general-2023-electorate-20,Mana,8,available,0.26613341523504613,0.2249717654180321,0.54483892914636,0.5830284103205985,1,1,0.5488595831727869,0.758538006277415,-4.319939651245325,2.584523112361357,1.5683865918033668,2.113225520949727,0.9853581814827683
observed_retrained,2023,nz-general-2023-electorate-21,Māngere,7,available,0.25277524757712583,0.1904980991795847,-1.1979719553200394,0.366378661087545,1,1,0.9867409545272944,-1.2964525715305986,-6.291651961242717,1.0651918792920811,1.9845127159621174,0.7865407606420781,1.6181340548745724
observed_retrained,2023,nz-general-2023-electorate-22,Manurewa,4,available,0.2645725625282764,0.24966739569791227,-0.3430738808770122,0.15807956539042944,1,1,0.896516635323974,-4.711222473985857,-1.5345685099128148,2.2933663116543612,2.6091685368578426,2.2660946559808304,2.451088971467413
observed_retrained,2023,nz-general-2023-electorate-23,Maungakiekie,7,available,0.2528798211571739,0.25475382606494174,1.7897072265819234,-0.6592049515159535,1,1,0.3542948119359076,-2.6885740100425384,0.19279140397007732,3.5500596360549803,2.2149015824677964,4.00460880904972,2.87410653398375
observed_retrained,2023,nz-general-2023-electorate-24,Mt Albert,7,available,0.2435812828299347,0.23899456003311517,0.6256004031845976,0.26336905436343283,1,0,0.7048136126087926,-4.85123066145578,-0.4367695796915372,2.04238206517068,2.750301405385309,3.375901808569907,2.4869323510218764
observed_retrained,2023,nz-general-2023-electorate-25,Mt Roskill,4,available,0.264020172531637,0.2827609080869622,-0.6179733362652184,1.08401814024991,1,1,0.6112807346817005,-4.916021656304748,1.920852404308887,3.6300375757434367,2.0548436563786057,1.4368703201133872,0.9708255161286956
observed_retrained,2023,nz-general-2023-electorate-26,Napier,7,available,0.2540454445497673,0.26841634363993244,3.1669065579633218,-0.7267142792203753,1,0,0.4693681303664548,1.6772846195888313,1.3843998391069146,4.444031008002824,1.4010969185313893,4.568003476494711,2.1278111977517646
observed_retrained,2023,nz-general-2023-electorate-27,Nelson,6,available,0.2624092764610152,0.27924932087595683,2.401355150004459,-0.7687366238734459,2,2,0.31651704979781586,0.4657725711835814,1.6972407049041072,5.073614697309251,2.9677686294891297,5.369123779493589,3.7365052533625756
observed_retrained,2023,nz-general-2023-electorate-28,New Lynn,6,available,0.2607954348857204,0.28785665874543753,-0.5574440737120971,0.9587686574871292,2,2,0.5342734148127326,-3.692880281094113,2.7234076623850854,3.037384000209,2.468744174276653,1.911300100564556,1.509975516789524
observed_retrained,2023,nz-general-2023-electorate-29,New Plymouth,6,available,0.25467945268360165,0.27656118799557916,0.28566858871985845,0.16851508957126526,1,1,0.7059555188825462,3.0014844740954616,2.0130762478565294,2.8383377916447547,2.525019669485343,2.8106882582052015,2.356504579914078
observed_retrained,2023,nz-general-2023-electorate-30,North Shore,5,available,0.22564565201122372,0.25639647564522294,2.0306400390209927,0.30086329457216565,1,1,0.5399952755205097,-3.5431926130085944,3.0936152265071044,4.131706343879571,1.7607336907462678,3.7913737297672605,1.4598703961741022
observed_retrained,2023,nz-general-2023-electorate-31,Northcote,6,available,0.25056599946368574,0.286306262540721,2.459926369550195,-0.26604105708682013,2,2,0.5686574991474839,-2.3500633731200815,3.570318716475765,5.112545840478877,1.9398640157736624,4.399790385323858,2.2059050728604825
observed_retrained,2023,nz-general-2023-electorate-32,Northland,9,available,0.257185076875629,0.26293227835511335,0.0038268184548986284,0.09762423030884104,3,2,0.6586508148962488,3.6257419369695345,0.5585014888198014,2.3443824863880995,2.3243903901396448,2.3282172085945434,2.2267661598308037
observed_retrained,2023,nz-general-2023-electorate-33,Ōhāriu,7,available,0.24950534740670918,0.23509289707808922,1.8028811743691273,0.29412017657195566,2,2,0.45997049382839195,-1.5017603791957823,-1.6466848593425176,4.430401235115373,2.241786485618399,4.044667659987526,1.9476663090464434
observed_retrained,2023,nz-general-2023-electorate-34,Ōtaki,6,available,0.2593708926400368,0.24029595140233231,2.591342818794403,-1.206347281218323,2,1,0.5568275349870884,3.3178679230139063,-1.9429943466115651,3.767087116073285,0.8376148060456052,3.428957624840008,2.043962087263928
observed_retrained,2023,nz-general-2023-electorate-35,Pakuranga,6,available,0.23206488514652232,0.2778435026303431,2.0077849919152424,-1.761483323703199,2,1,0.7508044262451952,-4.45988259073804,4.602763780436492,2.673961190764544,1.8175406385906268,3.825325630505869,3.579023962293826
observed_retrained,2023,nz-general-2023-electorate-36,Palmerston North,6,available,0.2660280488799268,0.2618347132799364,-0.8359253843624195,1.06797471981041,2,2,0.2898361127884209,0.2823868700194687,-0.45425657794921914,3.3178492064076686,2.4113113834885844,1.575385999126165,1.3433366636781745
observed_retrained,2023,nz-general-2023-electorate-37,Panmure-Ōtāhuhu,6,available,0.2599027463492419,0.23446929879541917,-0.9470641931206165,0.06202679394109589,1,1,0.7911192490176613,-2.5535189905655815,-2.589086521126893,2.044746524573362,3.426739101492723,2.4796749083721066,3.364712307551627
observed_retrained,2023,nz-general-2023-electorate-38,Papakura,7,available,0.23736547223160723,0.2452449643443859,-0.7218006120009048,0.2163060842939355,2,2,0.26745651410741333,0.2723302746224676,0.7813994018084747,1.5956928597207385,2.0975255592111273,1.3757249472102224,1.8812194749171918
observed_retrained,2023,nz-general-2023-electorate-40,Rangitata,8,available,0.2508193908327184,0.253225221000911,1.0222360823279928,-0.3099931357137212,1,1,0.5428233882666779,2.7582062163585555,0.386214107247701,1.604240979861334,0.9452178186190302,1.9674539009470229,1.2552109543327514
observed_retrained,2023,nz-general-2023-electorate-41,Rangitīkei,5,available,0.2439802803982894,0.25825172814897235,-2.561342845474269,1.2205563965496968,0,0,0.5132851967262354,2.3455964579291333,1.4166563453024639,1.2861830701038184,3.8588547715758366,1.2975119261015677,2.6382983750261397
observed_retrained,2023,nz-general-2023-electorate-42,Remutaka,6,available,0.26992345712760857,0.22617415309274252,0.9153029250339764,0.0010065702800310383,2,2,0.6447084648229748,0.0815477233325479,-4.477475792097402,4.069551349514412,1.0986002955943353,2.0139032206283116,1.0975937253143042
observed_retrained,2023,nz-general-2023-electorate-43,Rongotai,9,available,0.25329207838321854,0.22281736933746166,-2.0918056168221844,0.5634920884825427,2,1,0.7223109304205635,-1.5887842733518815,-3.0188431446383888,1.285438824372223,3.4029873538097433,1.3111817369875591,2.8394952653272005
observed_retrained,2023,nz-general-2023-electorate-44,Rotorua,6,available,0.25712359326243617,0.2613307237770138,0.3969643424582068,-0.5320281275989602,2,2,0.2724859481614625,0.1741253148199784,0.3771391754508774,2.8791270966803135,2.318748311106582,2.715712653564789,2.8507764387055423
observed_retrained,2023,nz-general-2023-electorate-45,Selwyn,5,available,0.22949765450950196,0.26769072898696483,1.2978838871715346,-0.6639972001911647,1,1,0.6539678417210654,-0.9777234787477662,3.5250805525835593,3.68223669713058,1.6728713561452953,2.97075524331683,2.33686855633646
observed_retrained,2023,nz-general-2023-electorate-46,Southland,7,available,0.2205455947267472,0.2506727353699219,-0.22797943025156364,0.09789353809826506,2,2,0.5762165299223186,1.5684261911409259,2.974323897356343,3.017107320213137,2.2372609710499445,2.009281540798381,2.1393674329516794
observed_retrained,2023,nz-general-2023-electorate-47,Taieri,9,available,0.2627758690108319,0.2694669489756404,0.44618445806193097,0.04652521737770532,3,1,0.41971559571167943,1.0057645886881295,0.6132331313226935,1.5903025038433332,1.2511882828745302,1.6973727409364612,1.204663065496825
observed_retrained,2023,nz-general-2023-electorate-48,Takanini,4,available,0.2688895095529475,0.3017662240366819,0.8545020003592159,0.6796205260434707,1,1,0.7700245804768368,-5.47184498837786,3.264922205311116,1.8930748174478742,1.8612061894068495,2.7157081897660653,1.1815856633633788
observed_retrained,2023,nz-general-2023-electorate-49,Tāmaki,4,available,0.210661327336241,0.23165355134980065,-2.6528038597857773,-0.15282942029237745,1,1,0.458823554841596,-2.318678213932801,2.115699039444105,14.902957463098877,19.859203353573314,17.206399493787536,20.01203277386569
observed_retrained,2023,nz-general-2023-electorate-50,Taranaki-King Country,4,available,0.23125313541069686,0.24807490127909065,-0.4081375313655258,0.5738090614326312,2,1,0.6151960962625578,3.3629926418890843,1.69230767576804,4.68997715644988,5.09002554179487,4.681888010429344,4.516216480362239
observed_retrained,2023,nz-general-2023-electorate-51,Taupō,6,available,0.24521701546150937,0.2609797504878898,1.1115404863879483,-0.6001593464835309,2,0,0.5160633166285953,1.8305762514949642,1.5800829395072324,4.212651501283493,1.5293355089228986,2.640875995310847,2.1294948554064295
observed_retrained,2023,nz-general-2023-electorate-52,Tauranga,10,available,0.24445806479848628,0.2779215357343924,-0.6211894305206769,0.34479272400003236,2,0,0.4784593364262335,0.13467167580951678,3.344438924741147,1.3639357218790011,2.225200187533355,1.6040107570126783,1.8804074635333228
observed_retrained,2023,nz-general-2023-electorate-53,Te Atatū,6,available,0.2700605583067932,0.2700814755206164,-0.46305609011997184,0.47917140244411804,2,2,0.3616125437176181,-1.4699525754834797,0.019388116218083118,1.7561857903722504,2.200580694179203,1.7375246040592311,1.721409291735085
observed_retrained,2023,nz-general-2023-electorate-54,Tukituki,10,available,0.2522955900231124,0.2602262501129624,1.8861611249096906,-0.2983148369299239,1,0,0.5145056704765885,3.1233991745967913,0.7172860676734727,2.4453446012125846,0.6249931333777363,2.511154258287427,0.9233079703076602
observed_retrained,2023,nz-general-2023-electorate-55,Upper Harbour,9,available,0.2519463179066174,0.28586735335054825,0.46985666620993616,0.12297879283564361,2,1,0.6220158777495554,-3.5215503639393297,3.375429958866527,1.471937375049026,1.1338260304922523,1.6036826967021884,1.0108472376566087
observed_retrained,2023,nz-general-2023-electorate-56,Waikato,5,available,0.23205322321301028,0.25409093576282493,-0.1438589436138552,-0.3996761791761516,1,1,0.5122327098808539,2.073388026545364,2.2151234439625025,1.1756758803587324,1.0312749978334559,0.8874160542196007,1.4309511770096075
observed_retrained,2023,nz-general-2023-electorate-57,Waimakariri,5,available,0.25784267097683683,0.2936731944468736,2.9375912844591894,-2.359762238625606,2,2,0.670748782756284,1.2174834170575022,3.4784713142332087,3.7539040054589337,2.271823674844541,5.20941495930373,4.631585913470147
observed_retrained,2023,nz-general-2023-electorate-58,Wairarapa,7,available,0.25150349374993664,0.2340447989933262,2.0760505548558434,0.28070375230476285,3,1,0.5349820389894439,4.064642752186693,-1.7655309775349626,3.8215619678802155,1.9380102589705464,4.01406081382639,1.6573065066657835
observed_retrained,2023,nz-general-2023-electorate-59,Waitaki,8,available,0.23969867266833625,0.2577116838934346,1.1327081433876802,0.32528266195095723,2,2,0.5880499125917414,2.2341560929499513,1.7099646059822116,2.9904512229664078,1.3900499239518525,2.5227580673395327,1.0647672620008952
observed_retrained,2023,nz-general-2023-electorate-60,Wellington Central,11,available,0.22643980101395544,0.19769586758364086,-1.3350745341078911,0.5701729655249863,1,1,0.7417787785224143,-1.4943780542226253,-3.1839077128116844,1.0198871577504085,2.380895033305153,1.045820499197262,1.8107220677801668
observed_retrained,2023,nz-general-2023-electorate-61,West Coast-Tasman,9,available,0.25661026712744145,0.27707953112247036,0.3599970385017177,0.20957277546439457,4,3,0.9569644044329925,4.522674445653719,2.0136791670295526,4.793207974196804,3.85777125448475,4.2177682929864675,3.648198479020355
observed_retrained,2023,nz-general-2023-electorate-62,Whanganui,6,available,0.26381672728839833,0.2682366012812022,2.0226558876039027,-0.5746895700721317,1,0,0.5077244460572224,3.1687892385301453,0.5236055377389859,4.374281548747468,1.803766208345776,3.826422095949679,2.3784557784179077
observed_retrained,2023,nz-general-2023-electorate-63,Whangaparāoa,6,available,0.23255278117366618,0.2842621272428525,1.2356864998786143,-0.5955120854689347,1,0,0.6397688325477805,-1.5680262304547554,5.096575615011425,3.386495014436142,0.7977354341093891,2.0334219339880035,1.3932475195783238
observed_retrained,2023,nz-general-2023-electorate-64,Whangārei,10,available,0.26165840138450996,0.28792338706623705,0.9973931337853063,0.05779685122452083,2,0,0.44999546330454837,0.2426553480238569,2.535222262496353,2.320346705532271,0.8727087354065649,1.8701018691918712,0.8149118841820441
observed_retrained,2023,nz-general-2023-electorate-65,Wigram,10,available,0.2634776177889409,0.27913601735147275,-0.02172898288807401,0.6225606289192276,2,1,0.4028758448635529,-1.4730590453502224,1.6536516969446302,2.0745612097460313,1.1586344512716344,1.1369054683835604,0.5360738223524069
primary_fixed_to_observed,2014,nz-general-2014-electorate-06,Clutha-Southland,8,available,0.046750819312512897,0.05126738978732414,-1.1754494184948958,0.4711221172442732,2,2,0.36407255409339573,-1.6094770734023767,-0.06925253336138304,1.5612208007681136,2.765896030265083,1.5904466117701872,2.29477391302081
primary_fixed_to_observed,2014,nz-general-2014-electorate-09,Dunedin South,8,available,0.047153589167380425,0.045266534360518536,-0.1488472056723904,0.9197786983010579,3,3,0.2787140584425861,0.06359228958991436,-1.3002895759934574,3.324703465790507,2.0957710302034154,1.946923824531025,1.1759923319023575
primary_fixed_to_observed,2014,nz-general-2014-electorate-18,Ilam,7,available,0.0398504206576814,0.03570245889990687,-1.3187559191879956,0.26244205821309885,2,2,0.14167530661915942,0.0637360346673499,-0.2008054795033798,1.3796378901630746,2.7992293862564126,1.480473467068417,2.5367873280433137
primary_fixed_to_observed,2014,nz-general-2014-electorate-19,Invercargill,6,available,0.04830115814368205,0.07263565291286056,0.371433234898527,-0.20000209568743754,3,3,0.43867469957545585,-0.0557441936606895,1.1115757538913473,2.1572255825030804,2.152291587753558,2.523724822652085,2.3522936834409958
primary_fixed_to_observed,2014,nz-general-2014-electorate-20,Kaikōura,9,available,0.05378837860226482,0.0644728654398249,0.0778296085433936,0.26207204428141795,3,3,0.5805574119426132,-2.6373842677849924,0.7010673610562623,1.7994205948613529,1.9258392291400341,2.0036688376834277,1.6637671848586162
primary_fixed_to_observed,2014,nz-general-2014-electorate-22,Mana,6,available,0.04430555171799389,0.04630359731036302,-0.20689932545696266,0.4950840772434608,4,3,0.16889622136089005,-0.3941905600136131,0.49777469925584295,5.897389108942543,5.371833163256159,5.164933837799197,4.8767490860126985
primary_fixed_to_observed,2014,nz-general-2014-electorate-23,Māngere,5,available,0.052148271225150984,0.05645549540956249,-0.9596613486571334,0.23173523967575727,0,0,0.2203355372052978,-0.8803023506730956,0.40629301650481064,0.9886754345386928,1.9307830917537137,0.9711217430965803,1.6990478520779564
primary_fixed_to_observed,2014,nz-general-2014-electorate-25,Manurewa,7,available,0.056294856858918114,0.05580176590629376,0.06543325180448623,0.5369559225328078,2,2,0.2304841717736613,-1.3232500350933374,0.26020270721200944,0.9461134127414342,1.168147662106023,1.2335809139105092,0.6311917395732152
primary_fixed_to_observed,2014,nz-general-2014-electorate-30,Nelson,7,available,0.04741470162402604,0.07005609656121704,1.0220211742283016,-0.2318934349921098,2,2,0.3933515481534356,0.5447512078016192,0.1866662307236311,2.9425083681120494,2.153875184174784,3.1758963584030857,2.385768619166894
primary_fixed_to_observed,2014,nz-general-2014-electorate-33,North Shore,6,available,0.04273496394489519,0.03876175870677329,-1.7564047942434258,0.6416034068613263,1,1,0.2793695058310354,-0.4634980728653204,0.4980747749455561,1.6138497681321493,3.183638122244094,1.4272333280006684,2.542034715382768
primary_fixed_to_observed,2014,nz-general-2014-electorate-34,Northcote,7,available,0.04691834720324337,0.05459302617643897,-0.09337009954992892,-0.5366735475183644,3,3,0.336763356172623,0.9892665217182239,0.6580054220477222,2.2202284854672327,2.27393677904765,2.180566679497721,2.8106103265660143
primary_fixed_to_observed,2014,nz-general-2014-electorate-35,Northland,9,available,0.0689515708338922,0.062131241475113286,-0.24994505713060455,-0.4990697500149279,2,2,0.3442455234270847,-0.5600756647187399,-1.0059300983099762,2.247488810808246,3.1169872031256904,2.867042145995086,3.6160569531406184
primary_fixed_to_observed,2014,nz-general-2014-electorate-38,Pakuranga,4,available,0.050155139264490244,0.05536704635722982,-1.5541159962653577,-0.1399367082393539,1,1,0.36543639833293357,0.8448972258847887,0.7362267220160229,4.7243339114241545,6.998151605992118,5.44403560972676,7.138088314231472
primary_fixed_to_observed,2014,nz-general-2014-electorate-39,Palmerston North,5,available,0.04975284937294839,0.05660670462297473,-0.6502383670977956,1.9155707411124032,1,1,0.1884830138555331,0.5039637129257424,-0.09195515446256963,6.1084623023283,3.9218993764622914,3.2716610093644958,2.006328635349888
primary_fixed_to_observed,2014,nz-general-2014-electorate-46,Rongotai,10,available,0.041807416972304695,0.053453249370884214,-0.8086774884261532,1.6316320608942279,5,3,0.3771375635201084,0.6066212740125754,1.248115115081283,3.8991857778633747,2.7766011541095397,1.9679236656833865,1.1449690932153118
primary_fixed_to_observed,2014,nz-general-2014-electorate-51,Taupō,8,available,0.05796979417793258,0.05217110409957291,-0.4473314055918538,-0.4994697209819896,3,3,0.4730117664685479,-2.387389811405727,-0.49809377300194524,1.9963036221410333,1.5808001172494945,1.1334687116576407,2.080269838231484
primary_fixed_to_observed,2014,nz-general-2014-electorate-54,Tukituki,7,available,0.05283166844465709,0.0539544724755711,0.06820655988389746,-0.5563412092488353,3,2,0.316818312944801,-0.37335783140330925,-1.0479683523177685,2.7103837036237635,3.3726542263370023,3.4408607862208997,3.9289954355858376
primary_fixed_to_observed,2014,nz-general-2014-electorate-58,Wairarapa,7,available,0.05736140866442471,0.06373303523489983,-0.4263041363465154,0.09532773259350868,2,1,0.542751916966584,-2.2164446513744163,0.2939040489987249,4.613662458140394,5.030251222312141,4.6039470859656255,4.934923489718632
primary_fixed_to_observed,2014,nz-general-2014-electorate-61,West Coast-Tasman,7,available,0.05074612164236872,0.08400473358552703,-1.1200526973468086,2.1564170032340364,3,3,0.5338851629399325,0.5842040644714275,1.2960547317632383,7.083574765846409,5.085727164373117,3.9656744670263087,2.929310161139081
primary_fixed_to_observed,2014,nz-general-2014-electorate-63,Whangarei,10,available,0.06353991294277968,0.061275102136498595,0.1795092841693886,0.32680776811608925,2,2,0.32592664196980864,-1.1509286611862735,0.2660306228832149,1.9184818714635978,1.5441354738943311,1.7236447580637198,1.217327705778242
primary_fixed_to_observed,2017,nz-general-2017-electorate-01,Auckland Central,8,available,0.1429780606663818,0.19409776790146252,-0.15671821056969937,-0.09094742478282569,2,2,0.7364412068390725,4.975433820074104,-4.674046763175838,2.2048790663587283,1.4544915076221905,1.2977732970524911,1.5454389324050162
primary_fixed_to_observed,2017,nz-general-2017-electorate-02,Bay of Plenty,5,available,0.10829746744086909,0.16044419277905436,-0.38211793998264065,-0.402994445053273,1,1,0.7442955217629584,3.5394467617044567,-5.022062106445158,1.1179768073996532,1.166793259418941,0.7846753194363003,1.569787704472214
primary_fixed_to_observed,2017,nz-general-2017-electorate-03,Botany,6,available,0.12689273113021468,0.09758605323342712,1.6404103507403311,-1.7932446856917945,2,2,0.7500366781487928,-5.39639900483696,2.989119930937989,2.265977359652487,2.2302557427539584,3.8706660934942896,4.023500428445753
primary_fixed_to_observed,2017,nz-general-2017-electorate-04,Christchurch Central,7,available,0.14959896570123365,0.18092570357117238,0.8940780655574176,-0.21625320446825413,1,1,0.5026565729487356,3.073879649976763,-2.2201532813464873,2.360601536798423,1.5046523229474755,2.398730388504893,1.7209055274157297
primary_fixed_to_observed,2017,nz-general-2017-electorate-05,Christchurch East,7,available,0.15786535052633033,0.17568927288906397,0.49981615225775333,-0.7542836760347622,2,2,0.3099166257912773,0.6242089115056138,-1.938043908323711,2.1338625405410703,1.1226356787257818,1.6224518309835352,1.876919354760544
primary_fixed_to_observed,2017,nz-general-2017-electorate-06,Clutha-Southland,7,available,0.1071260515230784,0.1369066636471758,-1.0502330914752525,0.24255408305680204,2,2,0.5261741109633653,3.3219333941987617,-1.6606428725600086,1.414795264859921,2.3717879930321555,1.321554901556903,2.1292339099753534
primary_fixed_to_observed,2017,nz-general-2017-electorate-07,Coromandel,5,available,0.11546657936363751,0.14056322634619453,0.19218058603353816,-0.4373459831527562,1,1,0.6326376615029634,2.8560973122114475,-3.4231478693658888,4.226710848631512,3.1184968886803164,3.3106774747138545,3.5558428718330726
primary_fixed_to_observed,2017,nz-general-2017-electorate-08,Dunedin North,8,available,0.175051263949616,0.20283303419168336,-0.06927814145752875,0.8932533267919506,2,2,0.42249949560458305,2.577608431736722,-1.1484243889556267,2.647568486313362,1.8191250095753697,1.749846868117841,0.9258716827834191
primary_fixed_to_observed,2017,nz-general-2017-electorate-09,Dunedin South,7,available,0.15734310173435137,0.17534453862459504,-0.6701009963021608,0.7337825928402821,1,1,0.2537721654120501,0.1805081153449406,-1.8395442199440115,2.041069386253941,1.4285337431872025,0.7584327468850417,0.6947511503469204
primary_fixed_to_observed,2017,nz-general-2017-electorate-10,East Coast,7,available,0.13688425914853655,0.1666677990701481,-0.8752065290225348,0.11044369065710091,1,0,0.4201284590240834,2.095371795180384,-3.1352216722114354,1.5569167232373256,1.8154136858449739,0.940207156822439,1.704969995187873
primary_fixed_to_observed,2017,nz-general-2017-electorate-11,East Coast Bays,6,available,0.11342191618838988,0.13123315940929528,0.9841474340415515,0.030750235809825055,0,0,0.5053600818641952,1.7813125861946832,-3.977767580398517,2.264623658284455,1.292801542194933,2.2769489762364845,1.262051306385108
primary_fixed_to_observed,2017,nz-general-2017-electorate-12,Epsom,6,available,0.10067648802927075,0.13930779775200497,-2.574870839562223,3.4552334836984038,2,1,0.615076298362347,4.287275557490256,-3.9133963043561177,13.680569448515536,12.78056205536587,10.205691215803647,9.325328571667466
primary_fixed_to_observed,2017,nz-general-2017-electorate-13,Hamilton East,6,available,0.14209514015713595,0.15083295492857463,0.2935659217012634,-1.2998798743545037,1,1,0.13977066668301166,0.09603822297182818,-0.2893192805347833,1.5534153058063986,1.5583274110905143,1.8518933327917777,2.858207285445018
primary_fixed_to_observed,2017,nz-general-2017-electorate-14,Hamilton West,9,available,0.14339538781702377,0.1400396906996223,-0.8905918544396605,0.8281450405305462,1,1,0.296625961348255,-1.8490358473369717,0.5507103375395284,1.9666186686114773,1.841197329701397,0.9506054752617366,1.0130522891708509
primary_fixed_to_observed,2017,nz-general-2017-electorate-15,Helensville,6,available,0.1174235815811534,0.1521380123259608,-0.8909102309804693,0.2796644022057291,0,0,0.7848173557914707,3.9714982040243596,-5.575930152407019,3.2044421933830636,4.089810825889107,3.198900594908638,3.810146423683378
primary_fixed_to_observed,2017,nz-general-2017-electorate-16,Hunua,6,available,0.0991474307008365,0.10809151557535421,-0.46004884377218436,-0.011885768730826252,2,0,0.30175702740991517,0.3305118203482005,-2.122141981677253,2.0305938700127557,1.6179490635001228,1.1579002197279384,1.629834832230949
primary_fixed_to_observed,2017,nz-general-2017-electorate-17,Hutt South,8,available,0.14990804099272573,0.16093835168927162,1.5968174074501613,-0.7789644911637663,1,1,0.15924910704653808,0.27651824708557204,-0.13863480235385417,2.672907060607293,1.3973214220608199,2.994138829510981,2.176285913224586
primary_fixed_to_observed,2017,nz-general-2017-electorate-18,Ilam,7,available,0.1196673364920214,0.17135465980189246,-0.22329910589679258,0.12322691360506077,1,1,0.6865338742940754,3.7451291182300728,-4.384956982351406,6.624443433224589,6.82917040333652,6.605871297439728,6.705943489731459
primary_fixed_to_observed,2017,nz-general-2017-electorate-19,Invercargill,4,available,0.13817428258880757,0.1302136199071704,-1.7456417864114626,-0.07080277536665092,2,2,0.30756790261357825,-2.396116724874253,0.3809497385157401,0.996357610696088,2.659397501543488,0.9137557151320252,2.730200276910139
primary_fixed_to_observed,2017,nz-general-2017-electorate-20,Kaikōura,9,available,0.11745603201205654,0.1448502150325866,-1.1766768908960978,0.1711860147028672,4,4,0.4913218261536394,2.637508529666499,-3.246704391614519,0.8622345283908969,2.015384743166471,0.8387078522703733,1.8441987284636039
primary_fixed_to_observed,2017,nz-general-2017-electorate-21,Kelston,7,available,0.16603171280070617,0.10897779042384907,0.5516278159398982,-0.1245019245849297,2,1,0.8664864494268821,-5.171774293891229,5.876841683216405,1.38172757481429,1.1458167573016476,1.6974445732415457,1.2703186818865773
primary_fixed_to_observed,2017,nz-general-2017-electorate-22,Mana,7,available,0.15800788132004098,0.1487223434232933,-1.1577690557372886,0.23568377722347478,2,2,0.3157334194526489,-0.4439571371060491,2.0360241573700866,2.9077910923938997,1.7147895465397616,0.5570204908024728,1.4791057693162868
primary_fixed_to_observed,2017,nz-general-2017-electorate-23,Māngere,8,available,0.13199248510075967,0.07756989808168098,-0.2130628806437347,0.050241718047454476,0,0,1.1091075653241274,-5.609662960617951,7.555372444366348,0.8040786564272475,1.0179587376717687,0.804895857028034,0.9677170196243142
primary_fixed_to_observed,2017,nz-general-2017-electorate-24,Manukau East,8,available,0.13183452356380018,0.06948799998516512,0.5193007912114378,0.23429678601381232,2,2,1.3062632574403024,-7.629074602388744,9.021236922028242,1.0631675012810655,0.9056487358635608,1.4249495270749986,0.6713519498497484
primary_fixed_to_observed,2017,nz-general-2017-electorate-25,Manurewa,6,available,0.1496972116925101,0.08394553314490993,1.598586199404234,-1.1341587511470768,3,3,1.0432764844888165,-6.679926856078536,6.847624768667915,0.8893375015318614,1.8019387643688152,3.4005249637730492,2.936097515515892
primary_fixed_to_observed,2017,nz-general-2017-electorate-26,Maungakiekie,7,available,0.15675317429977265,0.11048270645852172,-0.12577489472213133,0.1422261423448692,0,0,0.673222158003691,-4.182700765727315,4.805203849551587,2.5064114307294143,2.6362645014720716,2.5104896067499403,2.4940383591272024
primary_fixed_to_observed,2017,nz-general-2017-electorate-27,Mt Albert,8,available,0.16251175274762095,0.170425435370306,1.2486547003705812,0.6814802988218638,2,1,0.3766204767540316,2.7545238216393653,-0.37249218781474913,5.341147390917798,2.6721592714684106,3.920813971838992,1.9906789726465468
primary_fixed_to_observed,2017,nz-general-2017-electorate-28,Mt Roskill,9,available,0.15796479801175733,0.10123662992869126,1.087049960552938,-0.3804353089428436,2,2,0.9370412105130196,-5.850688896683326,6.1809681337831375,2.9436063922895066,0.7969923420525311,1.8840423026054691,1.1774276509953747
primary_fixed_to_observed,2017,nz-general-2017-electorate-29,Napier,6,available,0.14776540715202358,0.14075385287230258,1.037413243941313,0.1966491733059874,1,1,0.16321502850927488,0.33728951105060356,0.1769826478097869,4.239284223887455,0.944708943424805,1.9821221873661181,0.7480597701188176
primary_fixed_to_observed,2017,nz-general-2017-electorate-30,Nelson,8,available,0.15251432078141708,0.20329169065860486,-0.49802925693216427,-0.029590264169789826,2,2,0.6814165141124723,3.6953470968725863,-4.406341091862009,4.1287368017887855,4.794537517849483,4.296508260917319,4.824127782019273
primary_fixed_to_observed,2017,nz-general-2017-electorate-31,New Lynn,9,available,0.16131184523506967,0.10940497484595375,0.4762375853493662,-0.015338034022143177,0,0,1.0755296926459177,-7.045881868628845,6.98115026358403,1.092543800248539,0.6229013241243527,1.099138909473719,0.6382393581464959
primary_fixed_to_observed,2017,nz-general-2017-electorate-32,New Plymouth,6,available,0.1252379464645025,0.16043739688266762,-1.2599780275510886,0.17324010010662616,1,1,0.5238437720944991,3.8145238480640495,-3.1811080799388716,0.9575902666874326,1.5509203895261425,0.29094236197505396,1.3776802894195164
primary_fixed_to_observed,2017,nz-general-2017-electorate-33,North Shore,6,available,0.10617489277946472,0.14365968299502357,-0.8316727639746506,-0.005571480051220323,2,2,0.5422942131960743,3.524300889191523,-4.1236778041889774,0.5276623791181506,1.6328093302224833,0.8011365662478327,1.6383808102737036
primary_fixed_to_observed,2017,nz-general-2017-electorate-34,Northcote,6,available,0.1370968933360817,0.14658050769932401,0.4069663208931886,-1.152412513016303,2,1,0.16621608443661506,0.008908753142439219,-1.2030993110069943,1.1968429886658807,1.324661759536858,1.7316280804300466,2.477074272553161
primary_fixed_to_observed,2017,nz-general-2017-electorate-35,Northland,6,available,0.13993326203711878,0.16304555904437862,-1.2019880376843366,0.2692639177442251,3,2,0.7105835968024152,3.820211575629151,-3.662804087773497,7.033783242733798,8.191050056444249,6.989062018759912,7.921786138700024
primary_fixed_to_observed,2017,nz-general-2017-electorate-36,Ōhāriu,7,available,0.13966258641682613,0.16228774964078016,3.18927639587241,-4.282032369423433,2,2,0.4117147602922516,2.6383554755284866,-0.7322001245274989,3.048781048850444,3.4609037069276454,6.650180102800055,7.742936076351079
primary_fixed_to_observed,2017,nz-general-2017-electorate-37,Ōtaki,7,available,0.14087650824542286,0.13774864933863584,0.41878806314933636,-0.7207054246719029,2,2,0.07344654574986192,-0.18858695356573918,0.025983065803214522,1.6578094570172697,0.9829313986519721,1.4017194618013085,1.703636823323875
primary_fixed_to_observed,2017,nz-general-2017-electorate-38,Pakuranga,5,available,0.11302857100790029,0.11690491148940273,-0.7339824305732439,0.6242765091669199,1,1,0.4086559476378002,-2.378262384286156,-0.36017023354450173,1.7110007501209232,1.548871900185986,0.8148894696127422,0.9245953910190662
primary_fixed_to_observed,2017,nz-general-2017-electorate-39,Palmerston North,5,available,0.15613143687880218,0.13228628150454286,-2.6567873072789396,1.449371391379645,2,2,0.3391378865196607,-0.8576574624077404,2.563805823099435,4.118764856554818,2.9311867813115513,0.27439947403261167,1.4818153899319062
primary_fixed_to_observed,2017,nz-general-2017-electorate-40,Papakura,4,available,0.1375768516703231,0.0935983296212937,2.1751882631493094,-1.7553696720913736,1,1,0.6132169694366116,-4.131074521718547,3.4966701041056925,1.1427665870676935,1.3826114953138413,3.5577997584631507,3.137981167405215
primary_fixed_to_observed,2017,nz-general-2017-electorate-41,Port Hills,6,available,0.14329059467089356,0.19073563851770214,-0.07605431690413589,-0.5453555080615184,5,4,0.6424825122925958,4.166717357207094,-3.9748121788102884,4.409575040921501,2.52524850116933,2.449194184265194,3.0706040092308484
primary_fixed_to_observed,2017,nz-general-2017-electorate-42,Rangitata,5,available,0.13032277854353297,0.13724185299964267,-2.3872541513930114,0.5331980485652332,1,1,0.24191125826601748,-0.7293108189458719,-0.9906256848104034,1.2460785940884775,3.6135663318152313,1.2263121804222201,3.080368283249998
primary_fixed_to_observed,2017,nz-general-2017-electorate-43,Rangitīkei,6,available,0.12555597268531843,0.12992526662377543,0.2005957887172103,-0.7334909131146665,2,2,0.2225084551228646,0.8432729575759357,-0.7295574992215115,1.4685924050771408,1.24601186089599,1.4466076496132003,1.9795027740106566
primary_fixed_to_observed,2017,nz-general-2017-electorate-44,Rimutaka,6,available,0.15618842162513813,0.1359269479021953,-0.5579515989715728,0.002173894627792272,2,2,0.42760450901003966,-1.7913861164826794,2.433600130672353,3.8467231168611766,1.430170451361847,0.8722188523902742,1.4279965567340547
primary_fixed_to_observed,2017,nz-general-2017-electorate-45,Rodney,5,available,0.1141726330923555,0.13313573098345108,-0.37026822039235885,0.25174650611158067,2,2,0.6101495193397363,2.7628537136601183,-3.806152035385299,1.7909990505674929,1.625911741690812,1.2556435212984531,1.3741652355792313
primary_fixed_to_observed,2017,nz-general-2017-electorate-46,Rongotai,8,available,0.17144963094911864,0.18665532380580344,1.355129586201395,-0.27394061392406166,2,2,0.5829820286254306,2.903377178266897,0.5119506309366029,2.1265576087987457,0.7832798422029075,2.1384094284043025,1.0572204561269691
primary_fixed_to_observed,2017,nz-general-2017-electorate-47,Rotorua,7,available,0.1281311032386024,0.14030165357254967,-1.0139985881106484,0.035213450623721165,2,1,0.19662951023410508,1.112554433091073,-1.068313165935414,1.2814506598005388,1.2521833491918049,0.2381847610811565,1.2169698985680837
primary_fixed_to_observed,2017,nz-general-2017-electorate-48,Selwyn,6,available,0.09896863181358316,0.1595053636550692,-0.14555304012845904,-0.6092623033862903,1,1,0.7933047456137232,3.9824894574350678,-6.161197046272449,2.786130198621474,1.406672248939221,1.261119208810762,2.015934552325511
primary_fixed_to_observed,2017,nz-general-2017-electorate-49,Tāmaki,7,available,0.10349538010328299,0.11779470550967973,-0.5489022425197394,-0.5817799073796586,2,1,0.37204928627726036,2.1527835665163475,-2.1152054211205975,0.9971717497679131,1.6131072618045708,1.0642050192848314,2.1948871691842293
primary_fixed_to_observed,2017,nz-general-2017-electorate-50,Taranaki-King Country,4,available,0.10457957643322502,0.13213128077316288,0.08979496056080949,-1.3621743931360806,2,2,0.518555062877878,3.5220675728717232,-3.0828674118718924,1.778930193889901,2.2824206196292147,2.372215580190024,3.6445950127652953
primary_fixed_to_observed,2017,nz-general-2017-electorate-51,Taupō,5,available,0.12018222362861551,0.13163023433496399,-0.19870192655280539,-0.1208757204972235,1,1,0.22946421517950674,1.0510909293147463,-1.1216415623063136,2.745030689781634,2.5798466304025403,2.381144703849735,2.7007223508997638
primary_fixed_to_observed,2017,nz-general-2017-electorate-52,Tauranga,11,available,0.1099920707567784,0.15967879205005503,-0.7014908601730605,0.2792003010844897,3,3,0.6689201713730208,3.0312506260959493,-4.338221504695911,0.5285954059656182,1.1731588800431607,0.47166801987010026,0.893958578958671
primary_fixed_to_observed,2017,nz-general-2017-electorate-53,Te Atatū,7,available,0.15731213655453696,0.10822920143390528,0.19303552197231244,-0.41238033525187834,3,3,0.7360144553485438,-5.021903401633915,4.22820796351192,1.4794323972895254,0.6270094554887579,0.8200449774610703,1.0393897907406362
primary_fixed_to_observed,2017,nz-general-2017-electorate-54,Tukituki,7,available,0.1403932732613355,0.13678739099462922,-0.4701597400130104,0.3149580175530793,3,3,0.2047853266427634,0.7816279138529503,-0.04266530351825781,1.6626143707160135,1.758538101881857,1.2883783618688467,1.4435800843287778
primary_fixed_to_observed,2017,nz-general-2017-electorate-55,Upper Harbour,5,available,0.13539816102188942,0.10806070529925847,-0.9279852869830896,0.10323541647271517,1,1,0.3880506861370401,-2.9674671435496847,1.8589535081001585,1.6248726451087763,2.3257318398941114,1.3977465529110218,2.222496423421396
primary_fixed_to_observed,2017,nz-general-2017-electorate-56,Waikato,4,available,0.10803166337476777,0.11518083267262376,-0.49962383433417457,0.3994556767638404,0,0,0.3019767769981756,0.8804228980187068,-1.4612251652116104,1.7226851641413932,2.231469665724026,1.7318458313898513,1.8320139889601854
primary_fixed_to_observed,2017,nz-general-2017-electorate-57,Waimakariri,10,available,0.12137267862243074,0.15336459967144175,0.7610302873236621,-1.0899120154957802,5,5,0.538195482087024,1.6691419954255826,-3.981780281978403,1.0849667371894842,2.050566766796304,2.811597054119966,3.1404787822920843
primary_fixed_to_observed,2017,nz-general-2017-electorate-58,Wairarapa,6,available,0.12764129562074086,0.13733478397908733,-1.9951282657273541,2.4655503112349146,4,4,0.26954862158020726,1.3655705937590912,-1.4725348243948055,3.313436836989278,3.436436328685028,1.441308062957674,0.9708860174501135
primary_fixed_to_observed,2017,nz-general-2017-electorate-59,Waitaki,7,available,0.12105596617190599,0.14865016901944803,-0.3144753617806846,-0.8047206064553273,2,2,0.44797532365032716,1.7335117382041854,-2.8169666025443076,1.157468639617309,0.9388618460096486,0.624386484228964,1.743582452464976
primary_fixed_to_observed,2017,nz-general-2017-electorate-60,Wellington Central,9,available,0.1576659881362551,0.205004923961218,0.9290614524721887,-1.747662306006314,2,2,1.0331471224386217,6.800931473249494,-1.550206975616436,2.71654957705845,1.6674137608052513,2.59647521327744,3.415076066811565
primary_fixed_to_observed,2017,nz-general-2017-electorate-61,West Coast-Tasman,10,available,0.14850210294811206,0.1716550712715321,0.9171571716134983,-1.0925827134013641,3,3,0.536908819082668,3.481146239365407,-1.5882618799897719,2.9190536712308006,1.7638492406596524,2.6810064122731507,2.8564319540610166
primary_fixed_to_observed,2017,nz-general-2017-electorate-62,Whanganui,5,available,0.14354757509941707,0.12945993018172308,0.2417030848481314,-0.05197198373199363,1,1,0.19599745090592005,-0.61095252874237,0.5748840411884337,1.5687877031351602,1.3249450418340574,1.5666481266821888,1.376917025566051
primary_fixed_to_observed,2017,nz-general-2017-electorate-63,Whangarei,8,available,0.12576915251806395,0.16346916055461277,-1.0444253792900726,-0.05052472282883702,3,3,0.8092920166163873,4.83623264107127,-3.9830559538281243,3.3354582440033624,4.615786320613076,3.571360941323003,4.666311043441913
primary_fixed_to_observed,2017,nz-general-2017-electorate-64,Wigram,8,available,0.152935231317914,0.1576634882170321,-0.32198921543710957,-0.39314159162436657,3,2,0.2696516678019807,-1.440064036470845,-0.11164255150030167,2.4894748301251117,1.1835339586358615,0.861544743198752,1.576675550260228
primary_fixed_to_observed,2020,nz-general-2020-electorate-01,Auckland Central,11,available,0.23684822406901695,0.2152853267272981,-0.09788247582015952,0.011282531190201617,1,1,0.8488667677831848,-1.2938581297393337,-1.0691007529615604,4.22756871794507,4.345323023743759,4.247440547923599,4.334040492553557
primary_fixed_to_observed,2020,nz-general-2020-electorate-04,Botany,5,available,0.2662261749550497,0.2788694533600863,2.4838964377501256,-0.7906151827218291,0,0,0.6296420994821273,0.6373545579942297,-4.895470814187542,5.379768736642231,2.895869711701854,5.37976614945198,3.686484894423683
primary_fixed_to_observed,2020,nz-general-2020-electorate-05,Christchurch Central,10,available,0.22744487346814515,0.24180240786609086,0.7272551986541487,0.019420900283039222,1,1,0.3154961577034281,1.8870690266767602,-0.9042437836877526,2.6185915084270555,1.3206967774998302,2.047951976153979,1.301275877216791
primary_fixed_to_observed,2020,nz-general-2020-electorate-09,East Coast,7,available,0.24646830915595394,0.25649477864142645,1.194410237754318,-0.3917759066300359,1,1,0.5165736675293734,0.017770794915228372,2.4590587136249065,2.356387733670995,1.6121402420013369,2.806550479755655,2.003916148631373
primary_fixed_to_observed,2020,nz-general-2020-electorate-10,East Coast Bays,7,available,0.29183187361191665,0.29143947421904226,1.7608414430068509,-0.3291650017232559,1,0,0.9540604562056872,-0.45816880599449106,-7.2431396036846785,4.545911156181571,2.1891843285624213,3.950025771569272,2.518349330285677
primary_fixed_to_observed,2020,nz-general-2020-electorate-11,Epsom,11,available,0.31630541878827595,0.238483640758607,-4.269615176256175,3.610542518052973,2,1,1.818625550133442,-6.920519812584064,-5.933888431518724,6.74320510788665,5.8860478935837675,1.6164327173275923,2.2755053755307943
primary_fixed_to_observed,2020,nz-general-2020-electorate-12,Hamilton East,11,available,0.25421215481703513,0.2503010439216251,0.794075290373361,-0.08130612641184642,2,2,0.32630338309324525,-0.13270538785093988,-1.1654010752131738,2.4002054981142362,1.4020286635120194,2.1961039538853804,1.4833347899238658
primary_fixed_to_observed,2020,nz-general-2020-electorate-14,Hutt South,11,available,0.2346865066440599,0.2444573406121987,0.2778033112956395,0.16326290712181502,4,3,0.3533477056215725,1.426864862588975,-1.6632841285978528,3.651791489258454,2.830173380565334,3.1079766918609737,2.666910473443519
primary_fixed_to_observed,2020,nz-general-2020-electorate-17,Kaikōura,12,available,0.2603090343020285,0.30142586807813343,0.623056341006506,-0.1680393937750264,6,4,0.7808062889280925,3.0585510561193905,-1.1103727804050556,2.53205001597736,1.8532209662292474,2.4762773072357533,2.021260360004274
primary_fixed_to_observed,2020,nz-general-2020-electorate-19,Kelston,11,available,0.20936599561433653,0.2032808969805199,0.12320023001864089,-0.11517611137271133,2,2,0.17262292278928254,0.11611477308659246,0.3060660808883231,1.0244826048191351,0.750724212752145,0.8739244427707858,0.8659003241248563
primary_fixed_to_observed,2020,nz-general-2020-electorate-20,Mana,11,available,0.2149923045415017,0.22535868764568076,-0.9114270902819783,0.2538518661561251,1,1,0.269161564376753,1.5904975024904648,0.3869897661093913,0.6717957721634802,1.5534422085981499,0.6420151183161715,1.2995903424420248
primary_fixed_to_observed,2020,nz-general-2020-electorate-21,Māngere,7,available,0.13638548497007044,0.12413717323072472,-0.6442089804605091,0.17839171958388889,0,0,0.48728426833110833,-0.7598957390987691,3.2511078170419094,1.343157856387649,1.9690125413763648,1.3248035609158557,1.790620821792476
primary_fixed_to_observed,2020,nz-general-2020-electorate-24,Mt Albert,6,available,0.2044600004610093,0.17459933546989317,0.9793746446483822,-0.5611425771675131,2,1,0.7917066588005808,-1.3130017749185625,3.5428360233898895,6.305010794014633,2.7347039687421395,3.7140786133905217,3.2958465459096526
primary_fixed_to_observed,2020,nz-general-2020-electorate-26,Napier,7,available,0.24831989681472447,0.24180002751757698,1.9215353948240095,-1.9116318853171954,1,1,0.4099091025073866,-1.1758150136701173,0.9928326010452126,2.5818657616044605,3.376670413935619,5.298205808759628,5.288302299252814
primary_fixed_to_observed,2020,nz-general-2020-electorate-29,New Plymouth,8,available,0.2589476171478871,0.25420019669968197,0.6049409161471162,0.10267218617056506,1,1,0.3453167819488778,-1.205023118126075,-0.6311743401668124,2.833227323498962,1.6023210352531476,2.207261951400264,1.4996488490825826
primary_fixed_to_observed,2020,nz-general-2020-electorate-30,North Shore,9,available,0.28214266092781026,0.2784137203912227,1.1132643001970386,-0.32581589906944264,2,2,0.6866224690889722,-0.06786227005563528,-5.245614519565067,3.0530793692234717,1.8703936036289746,2.983657903826013,2.196209502698417
primary_fixed_to_observed,2020,nz-general-2020-electorate-31,Northcote,7,available,0.2600337492916567,0.2608927537697437,1.362111269672083,-0.3644705647594386,2,1,0.5485733828334305,0.07314516159817042,-3.6885638565255285,3.8660919786173347,2.359024288889975,3.721135558562058,2.7234948536494135
primary_fixed_to_observed,2020,nz-general-2020-electorate-33,Ōhāriu,10,available,0.24244440443181733,0.2660822297907445,1.643660572978144,-1.1396187586108708,2,2,0.8191901129720452,3.121141669282962,-4.182073254212032,2.916079866975888,1.7505457606000296,3.3942063335781736,2.8901645192109005
primary_fixed_to_observed,2020,nz-general-2020-electorate-34,Ōtaki,8,available,0.2484704731683476,0.2667892311581615,1.2483830349287235,-0.31036123881618227,1,1,0.3765925923015946,1.00117913259124,-1.6724087367497864,3.6505559664552387,2.3567318393571517,3.605114874285875,2.667093078173334
primary_fixed_to_observed,2020,nz-general-2020-electorate-35,Pakuranga,6,available,0.27874814152205046,0.2844768732079036,1.2141204844619047,-0.0563832505491586,1,1,0.7202696776584758,0.07750331901038021,-5.6090915610809695,6.580942096533258,4.686048351691692,5.900168836153597,4.742431602240851
primary_fixed_to_observed,2020,nz-general-2020-electorate-36,Palmerston North,7,available,0.23885678365512394,0.24196780072323068,0.8409143577427154,0.20493438907623407,1,1,0.19264148512667,0.8650733537016592,0.1933710854288062,2.3665570993355947,1.4915714798475601,2.3324858375902755,1.286637090771326
primary_fixed_to_observed,2020,nz-general-2020-electorate-41,Rangitīkei,7,available,0.2664409647204358,0.29929618438509414,0.5256141542019419,0.2525564964585234,2,2,0.6413195604872327,2.393931838206803,-1.6394570481311266,4.457983843550575,2.9002385748656954,3.4258527290676373,2.647682078407172
primary_fixed_to_observed,2020,nz-general-2020-electorate-42,Remutaka,8,available,0.235522879662775,0.25577805335766496,0.30438399959349605,-0.06896934855824632,3,3,0.48951372119108993,2.6272134596080217,-1.536487815481813,2.787895524390671,1.1459269354947945,1.4503109350882906,1.2148962840530408
primary_fixed_to_observed,2020,nz-general-2020-electorate-43,Rongotai,9,available,0.18342179127171224,0.1864725617599483,0.2758072358939918,-0.005003116424012299,3,2,0.547517715307419,1.277725390386708,1.454832979844356,2.696117795650404,1.3079272178214487,1.5837344537154405,1.312930334245461
primary_fixed_to_observed,2020,nz-general-2020-electorate-44,Rotorua,8,available,0.2543071069389307,0.27798334260194374,0.05957832999957713,0.3046166178843106,2,2,0.5087337668557441,1.5305062150248072,0.8322319547887203,3.5730339088970116,2.656642516768291,2.716220846767868,2.3520258988839804
primary_fixed_to_observed,2020,nz-general-2020-electorate-49,Tāmaki,6,available,0.30377290170262516,0.2791468937754588,1.5831442547053878,-0.3070684284414882,1,0,1.1202222550571952,-2.270099554098337,-6.096646172628656,4.954723766401987,2.8870753904635547,4.470219645168942,3.194143818905043
primary_fixed_to_observed,2020,nz-general-2020-electorate-50,Taranaki-King Country,5,available,0.2757803868680998,0.2933240295569697,0.8514278806486935,-1.2054751802786574,1,1,0.428727498593915,0.5689583051416813,-1.8099696198131399,3.9033750159677014,1.6700453227690917,2.521473203417785,2.875520503047749
primary_fixed_to_observed,2020,nz-general-2020-electorate-52,Tauranga,11,available,0.2755082298600586,0.294370708069765,0.7498285707486299,-0.07767265324082806,2,1,0.3770607985001986,0.6414524523635001,-2.4617130323601186,2.1065761041288766,1.1765977431595438,1.9264263139081736,1.2542703964003719
primary_fixed_to_observed,2020,nz-general-2020-electorate-53,Te Atatū,7,available,0.23754169573810807,0.2315708947620637,0.2132602981188172,-0.2984364673844704,1,1,0.3386704769002201,0.04661696869849019,-1.1118236670808135,1.5904933839452144,1.9414484727735135,2.1547087708923307,2.239884940157984
primary_fixed_to_observed,2020,nz-general-2020-electorate-54,Tukituki,9,available,0.2519348217643805,0.2636112556131322,1.2601843317199308,-0.8507975203371578,3,3,0.41013142619919624,0.05918651532694774,0.5193308608373637,2.8161035974691413,2.5199664764852843,3.780150808205215,3.370763996822442
primary_fixed_to_observed,2020,nz-general-2020-electorate-57,Waimakariri,8,available,0.2519526648312395,0.3077736128859014,-0.050587547131917265,0.6684063994227216,2,2,0.8603670484385999,4.808736627746341,-2.417985011794088,4.349774702925267,3.0042058243499272,2.95361827721801,2.3357994249272056
primary_fixed_to_observed,2020,nz-general-2020-electorate-58,Wairarapa,8,available,0.2585375815692519,0.2795493322766293,0.9182294275132354,-0.03178763689121267,3,3,0.4770923686119269,1.0182649777539798,-1.275348438608398,2.7392840810438215,1.5874655785430603,2.5056950060562957,1.619253215434273
primary_fixed_to_observed,2020,nz-general-2020-electorate-60,Wellington Central,11,available,0.19772340247481432,0.19510673660816846,-0.3151990910767086,0.7548550740497753,3,3,0.9963659063568128,0.801517703864657,1.5765360048047017,3.4726514439294442,1.8714902144725427,1.556291123395834,1.1166351404227675
primary_fixed_to_observed,2020,nz-general-2020-electorate-62,Whanganui,7,available,0.2559408077387963,0.2635977627492037,0.5466375364245677,-0.14953421855090632,1,0,0.2798942012485524,0.22840943918070455,-0.6439877274044159,1.6060810977051494,1.122944087950394,1.6695816243749617,1.2724783065013003
primary_fixed_to_observed,2023,nz-general-2023-electorate-01,Auckland Central,10,available,0.2366751826089184,0.24884750436298067,-0.43127118695582833,1.2019124500261462,2,2,0.6429635543474446,-2.840210322477499,1.2586964739308732,5.204312899848108,4.139947772225307,3.7086765852694787,2.938035322199161
primary_fixed_to_observed,2023,nz-general-2023-electorate-02,Banks Peninsula,9,available,0.2527231312499703,0.2608648635014336,0.6973292772916506,0.36722625831594824,1,1,0.3763156948072617,-0.34079398997968746,0.8026114133491691,2.4434377637286095,1.5609976165660553,2.258326893857706,1.193771358250107
primary_fixed_to_observed,2023,nz-general-2023-electorate-03,Bay of Plenty,8,available,0.24438879592498033,0.29416654173182705,-1.2506013562726273,0.6118531737564574,0,0,0.6444818524816721,-0.5137627848359028,4.790471960525935,1.018803572712857,2.2703189462664084,1.0197175899937811,1.658465772509951
primary_fixed_to_observed,2023,nz-general-2023-electorate-04,Botany,6,available,0.24646403756704954,0.29387123197049697,-0.16606524084819618,-0.26778204637667047,1,1,0.7166135568363575,-4.452005469486597,4.822326011123643,1.0890163844279648,1.4582931912505899,1.2922279504023937,1.7260752376272603
primary_fixed_to_observed,2023,nz-general-2023-electorate-05,Christchurch Central,7,available,0.258427266050364,0.27263200411007593,1.2595176442232836,1.1805397315069737,4,3,0.3792585636618173,-1.0305150800274165,1.287753813401138,3.6363744812915626,1.9561506297419127,3.2156682739651963,0.7756108982349389
primary_fixed_to_observed,2023,nz-general-2023-electorate-06,Christchurch East,9,available,0.2695562770848518,0.28816930980160876,1.1716271310994806,0.12447745191157922,3,2,0.4117856139813019,-1.0151354104674992,2.0076409718569774,2.0325754881786033,0.8741385402461578,2.0457656713456385,0.7496610883345786
primary_fixed_to_observed,2023,nz-general-2023-electorate-07,Coromandel,7,available,0.24424687823566965,0.27407633332869197,1.5796645994885457,-0.13259505647843106,2,0,0.8685044240729642,3.913460221192555,2.9219495317647977,4.046652299063288,1.9117937088184815,3.491458308307027,2.0443887652969126
primary_fixed_to_observed,2023,nz-general-2023-electorate-08,Dunedin,11,available,0.2594256401134427,0.2591097198806703,0.8273481354299732,0.14429597461613008,2,2,0.23455454993718508,-0.7867250275432836,0.08799031196316531,2.464998423121063,1.8872407809505267,2.7145889163805,1.7429448063343966
primary_fixed_to_observed,2023,nz-general-2023-electorate-09,East Coast,11,available,0.2628622362331521,0.2369759007684891,1.4431309637794887,-0.14397652424645513,0,0,0.57952310850893,3.4178393991721845,-2.589959000483594,2.1983503737299177,0.773702964985295,2.2168339287647836,0.9176794892317501
primary_fixed_to_observed,2023,nz-general-2023-electorate-10,East Coast Bays,5,available,0.2287443223995184,0.28479917397810517,0.036269617788803554,-0.4647275906669668,2,1,0.7302228029795576,-4.3354787409017215,5.59046776399193,3.0286024302690007,2.092946436416156,2.1292160542049596,2.557674027083123
primary_fixed_to_observed,2023,nz-general-2023-electorate-11,Epsom,7,available,0.20059001351467873,0.2257436772916334,-2.0413096344810784,3.6596525166777725,3,3,0.5978201931426254,-2.202568942346433,2.546790492289591,9.648090154149765,6.505590291671531,4.464280657190453,2.8459377749937587
primary_fixed_to_observed,2023,nz-general-2023-electorate-12,Hamilton East,10,available,0.25512665032214565,0.2717561199307215,-0.03766904406149085,0.09294756605561472,0,0,0.33414816869133646,-1.8901232307416915,1.6568943620277998,1.7448675843174772,1.805728736249484,1.7680596921879932,1.7127811701938693
primary_fixed_to_observed,2023,nz-general-2023-electorate-13,Hamilton West,8,available,0.26413614696279264,0.294573316152771,1.1625875478072172,0.25441800171520473,0,0,0.5429907639741217,-2.264068016296683,2.968048443475607,1.8680410418737239,0.7167102167331231,1.8792977645403404,0.46229221501791834
primary_fixed_to_observed,2023,nz-general-2023-electorate-14,Hutt South,8,available,0.26284895309180195,0.24734457240918759,2.1841924462619855,-1.319621509236311,4,4,0.32926727763363034,0.042787781920688994,-1.5649219168432704,4.865958174753524,1.9022767173172475,4.086469163579233,3.2218982265535585
primary_fixed_to_observed,2023,nz-general-2023-electorate-15,Ilam,7,available,0.2358949408057663,0.2519917736631601,-0.13968272221532807,0.034325294870279244,1,1,0.43312297838263025,-0.7732586717633938,1.26043164051024,5.706875394161089,5.877456031019722,5.737773308804394,5.843130736149443
primary_fixed_to_observed,2023,nz-general-2023-electorate-16,Invercargill,6,available,0.25466097082830086,0.2592374626929816,0.7664188178575035,-0.7900148539016636,2,1,0.4104478427659837,1.9808670678506668,0.3724613770950347,2.7923871981703487,1.4419121930101293,2.208331010867633,2.231927046911793
primary_fixed_to_observed,2023,nz-general-2023-electorate-17,Kaikōura,11,available,0.24302539108815543,0.2680760922122263,1.0549811418399555,0.00440093389431373,4,3,0.6887496756851501,2.6732577142680625,2.5871354177386676,2.028441941830348,0.8517706559380295,1.906751797777985,0.8473697220437157
primary_fixed_to_observed,2023,nz-general-2023-electorate-18,Kaipara ki Mahurangi,6,available,0.23152560110493292,0.2650922719902404,1.7430285057076642,0.2034699465355272,2,2,0.4077857107717671,-0.23888675464158182,3.3792767338272274,3.241704691496439,1.3625479060245749,3.105576411732239,1.1590779594890477
primary_fixed_to_observed,2023,nz-general-2023-electorate-19,Kelston,8,available,0.2715082482247509,0.27575854849367026,0.06884848309766811,0.3658316045337707,1,1,0.4049298532007969,-2.302342949486591,0.4608941623546414,1.7316584375771478,1.115729834627605,1.1845783177252731,0.7498982300938343
primary_fixed_to_observed,2023,nz-general-2023-electorate-20,Mana,8,available,0.26613341523504613,0.2249717654180321,0.5854186825518948,0.5383188713004028,1,1,0.5488595831727869,0.758538006277415,-4.319939651245325,2.628444894896242,1.6069446948272659,2.1923633773791606,1.068625823526863
primary_fixed_to_observed,2023,nz-general-2023-electorate-21,Māngere,7,available,0.25277524757712583,0.1904980991795847,-1.1607475065057486,0.3188472238550155,1,1,0.9867409545272944,-1.2964525715305986,-6.291651961242717,1.006283934834712,1.9032837389439066,0.742536232438158,1.584436515088891
primary_fixed_to_observed,2023,nz-general-2023-electorate-22,Manurewa,4,available,0.2645725625282764,0.24966739569791227,-0.3579912719529852,0.17603251540101406,1,1,0.896516635323974,-4.711222473985857,-1.5345685099128148,2.226158647608253,2.5525415168594416,2.1945502449064564,2.3765090014584276
primary_fixed_to_observed,2023,nz-general-2023-electorate-23,Maungakiekie,7,available,0.2528798211571739,0.25475382606494174,1.7712325599764212,-0.5570108041235522,1,1,0.3542948119359076,-2.6885740100425384,0.19279140397007732,3.5882209394702054,2.245418802230363,4.016651362206784,2.802429606353915
primary_fixed_to_observed,2023,nz-general-2023-electorate-24,Mt Albert,7,available,0.2435812828299347,0.23899456003311517,0.5562380876957906,0.26271273030622133,1,0,0.7048136126087926,-4.85123066145578,-0.4367695796915372,2.0782432499057863,2.780393066023419,3.3366311537192095,2.5176803357171975
primary_fixed_to_observed,2023,nz-general-2023-electorate-25,Mt Roskill,4,available,0.264020172531637,0.2827609080869622,-0.47989823388818054,1.0174124624192764,1,1,0.6112807346817005,-4.916021656304748,1.920852404308887,3.640568148681562,2.0215219384430645,1.541623704554884,1.004109476023788
primary_fixed_to_observed,2023,nz-general-2023-electorate-26,Napier,7,available,0.2540454445497673,0.26841634363993244,3.15402535131026,-0.6275501775199783,1,0,0.4693681303664548,1.6772846195888313,1.3843998391069146,4.463065363212026,1.4259424271967711,4.579967778507031,2.0534926047167494
primary_fixed_to_observed,2023,nz-general-2023-electorate-27,Nelson,6,available,0.2624092764610152,0.27924932087595683,2.4136369973753213,-0.6704735228658811,2,2,0.31651704979781586,0.4657725711835814,1.6972407049041072,5.103119000238611,2.9691935532183145,5.382830550593636,3.6396670760841956
primary_fixed_to_observed,2023,nz-general-2023-electorate-28,New Lynn,6,available,0.2607954348857204,0.28785665874543753,-0.46869294064115286,0.8542539345064069,2,2,0.5342734148127326,-3.692880281094113,2.7234076623850854,3.034345315670175,2.4702509586309316,2.0015580179897787,1.6159970241245247
primary_fixed_to_observed,2023,nz-general-2023-electorate-29,New Plymouth,6,available,0.25467945268360165,0.27656118799557916,0.35522613363159694,0.15131638758384325,1,1,0.7059555188825462,3.0014844740954616,2.0130762478565294,2.8691667789103477,2.4908572563667204,2.8460833899983173,2.339540868782877
primary_fixed_to_observed,2023,nz-general-2023-electorate-30,North Shore,5,available,0.22564565201122372,0.25639647564522294,2.073380840007601,0.2738517246156613,1,1,0.5399952755205097,-3.5431926130085944,3.0936152265071044,4.175131633085038,1.764413133557786,3.837793973565387,1.4905614089421246
primary_fixed_to_observed,2023,nz-general-2023-electorate-31,Northcote,6,available,0.25056599946368574,0.286306262540721,2.53735365257252,-0.18632302096818365,2,2,0.5686574991474839,-2.3500633731200815,3.570318716475765,5.161222600958813,1.9640959707091319,4.501449623281652,2.1504189916773155
primary_fixed_to_observed,2023,nz-general-2023-electorate-32,Northland,9,available,0.257185076875629,0.26293227835511335,-0.02383384187521287,0.1004552309201352,3,2,0.6586508148962488,3.6257419369695345,0.5585014888198014,2.3103153120004496,2.2980324310677727,2.27419858919256,2.1975772001476375
primary_fixed_to_observed,2023,nz-general-2023-electorate-33,Ōhāriu,7,available,0.24950534740670918,0.23509289707808922,1.8733489277242157,0.2609127394691999,2,2,0.45997049382839195,-1.5017603791957823,-1.6466848593425176,4.468262519554508,2.2383832490069535,4.111732176731169,1.9774705095377536
primary_fixed_to_observed,2023,nz-general-2023-electorate-34,Ōtaki,6,available,0.2593708926400368,0.24029595140233231,2.6493978611418214,-1.0425474417817253,2,1,0.5568275349870884,3.3178679230139063,-1.9429943466115651,3.807874096555047,0.8505506140319026,3.4999484751737238,1.893098055813628
primary_fixed_to_observed,2023,nz-general-2023-electorate-35,Pakuranga,6,available,0.23206488514652232,0.2778435026303431,1.8159796100458212,-1.5715432048265432,2,1,0.7508044262451952,-4.45988259073804,4.602763780436492,2.687796269956775,1.7728896338090643,3.5888692438548855,3.3444328386356075
primary_fixed_to_observed,2023,nz-general-2023-electorate-36,Palmerston North,6,available,0.2660280488799268,0.2618347132799364,-0.6957274428079017,0.939289527197825,2,2,0.2898361127884209,0.2823868700194687,-0.45425657794921914,3.3006295551453366,2.3821219273905605,1.6863944845826588,1.4428324001927355
primary_fixed_to_observed,2023,nz-general-2023-electorate-37,Panmure-Ōtāhuhu,6,available,0.2599027463492419,0.23446929879541917,-0.9752002304933769,0.05372841471882461,1,1,0.7911192490176613,-2.5535189905655815,-2.589086521126893,1.974964007786287,3.3536132369420866,2.3784130064487097,3.299884822223262
primary_fixed_to_observed,2023,nz-general-2023-electorate-38,Papakura,7,available,0.23736547223160723,0.2452449643443859,-0.7696934735762655,0.21430217790885897,2,2,0.26745651410741333,0.2723302746224676,0.7813994018084747,1.6111790331569,2.073814603439209,1.3041211298629434,1.85951242553035
primary_fixed_to_observed,2023,nz-general-2023-electorate-40,Rangitata,8,available,0.2508193908327184,0.253225221000911,1.0088820357419412,-0.2740115768705198,1,1,0.5428233882666779,2.7582062163585555,0.386214107247701,1.6833033127548707,0.9888814645339215,1.9977635002758627,1.2628930414044413
primary_fixed_to_observed,2023,nz-general-2023-electorate-41,Rangitīkei,5,available,0.2439802803982894,0.25825172814897235,-2.529459395620128,1.0745126533541915,0,0,0.5132851967262354,2.3455964579291333,1.4166563453024639,1.3181581147997556,3.8610715182542,1.331612122634072,2.7865588649000084
primary_fixed_to_observed,2023,nz-general-2023-electorate-42,Remutaka,6,available,0.26992345712760857,0.22617415309274252,1.0164446676799808,0.268653506120729,2,2,0.6447084648229748,0.0815477233325479,-4.477475792097402,4.062791443900745,1.1250258694406325,2.1414705371206133,0.8563723633199035
primary_fixed_to_observed,2023,nz-general-2023-electorate-43,Rongotai,9,available,0.25329207838321854,0.22281736933746166,-2.1019226865026184,0.49508663658626784,2,1,0.7223109304205635,-1.5887842733518815,-3.0188431446383888,1.3016397700656215,3.4559606987998013,1.354038012297183,2.9608740622135334
primary_fixed_to_observed,2023,nz-general-2023-electorate-44,Rotorua,6,available,0.25712359326243617,0.2613307237770138,0.33706711743166284,-0.4689853235423973,2,2,0.2724859481614625,0.1741253148199784,0.3771391754508774,2.8646337980773118,2.2567490486943336,2.5938161661259964,2.725734372236731
primary_fixed_to_observed,2023,nz-general-2023-electorate-45,Selwyn,5,available,0.22949765450950196,0.26769072898696483,1.3841876818889267,-0.553180705518223,1,1,0.6539678417210654,-0.9777234787477662,3.5250805525835593,3.6897622226913405,1.6443607519593553,3.028548433848282,2.1975414574775782
primary_fixed_to_observed,2023,nz-general-2023-electorate-46,Southland,7,available,0.2205455947267472,0.2506727353699219,-0.10535657681120592,0.08586892344105834,2,2,0.5762165299223186,1.5684261911409259,2.974323897356343,3.02957768614718,2.1998904149910357,2.0945338381798297,2.1140214915499773
primary_fixed_to_observed,2023,nz-general-2023-electorate-47,Taieri,9,available,0.2627758690108319,0.2694669489756404,0.44845619424585736,0.050235582986183136,3,1,0.41971559571167943,1.0057645886881295,0.6132331313226935,1.625120238824965,1.2849641310195465,1.733420325265404,1.2347285480333634
primary_fixed_to_observed,2023,nz-general-2023-electorate-48,Takanini,4,available,0.2688895095529475,0.3017662240366819,0.689592655785302,0.8442927684236905,1,1,0.7700245804768368,-5.47184498837786,3.264922205311116,1.8682904513413066,1.8036567122481084,2.4932493680334105,0.9593639438244179
primary_fixed_to_observed,2023,nz-general-2023-electorate-49,Tāmaki,4,available,0.210661327336241,0.23165355134980065,-2.8840983645896223,-0.1304903858101305,1,1,0.458823554841596,-2.318678213932801,2.115699039444105,14.860996166781378,19.873083610315607,16.988985245725985,20.003573996125738
primary_fixed_to_observed,2023,nz-general-2023-electorate-50,Taranaki-King Country,4,available,0.23125313541069686,0.24807490127909065,-0.4006401153595718,0.5863231138440854,2,1,0.6151960962625578,3.3629926418890843,1.69230767576804,4.596418078574574,4.983788755054369,4.583148639694797,4.3974656412102835
primary_fixed_to_observed,2023,nz-general-2023-electorate-51,Taupō,6,available,0.24521701546150937,0.2609797504878898,1.1862163418808658,-0.44904400546901946,2,0,0.5160633166285953,1.8305762514949642,1.5800829395072324,4.221143673434106,1.5078101766745449,2.6940265185554106,1.9568541821435643
primary_fixed_to_observed,2023,nz-general-2023-electorate-52,Tauranga,10,available,0.24445806479848628,0.2779215357343924,-0.6526405986835291,0.3010784809606435,2,0,0.4784593364262335,0.13467167580951678,3.344438924741147,1.346163215406218,2.2344587887875433,1.5818181901040143,1.9333803078268998
primary_fixed_to_observed,2023,nz-general-2023-electorate-53,Te Atatū,6,available,0.2700605583067932,0.2700814755206164,-0.44812383134481015,0.42168318430116947,2,2,0.3616125437176181,-1.4699525754834797,0.019388116218083118,1.7410133181149574,2.171032048599418,1.722908217254608,1.7493488642982487
primary_fixed_to_observed,2023,nz-general-2023-electorate-54,Tukituki,10,available,0.2522955900231124,0.2602262501129624,1.8588267784283528,-0.23533728648976604,1,0,0.5145056704765885,3.1233991745967913,0.7172860676734727,2.469411871261582,0.6804472526234437,2.5392740310517965,0.9157845391132098
primary_fixed_to_observed,2023,nz-general-2023-electorate-55,Upper Harbour,9,available,0.2519463179066174,0.28586735335054825,0.5114082231804082,0.13071668443529205,2,1,0.6220158777495554,-3.5215503639393297,3.375429958866527,1.5249496398363738,1.1418973340153988,1.653305557195807,1.0111806495801068
primary_fixed_to_observed,2023,nz-general-2023-electorate-56,Waikato,5,available,0.23205322321301028,0.25409093576282493,-0.22501452424230206,-0.32082403928039327,1,1,0.5122327098808539,2.073388026545364,2.2151234439625025,1.1873499308592874,0.9899685334769762,0.7649540092346742,1.3107925727573695
primary_fixed_to_observed,2023,nz-general-2023-electorate-57,Waimakariri,5,available,0.25784267097683683,0.2936731944468736,2.706012475874394,-2.0891673185789226,2,2,0.670748782756284,1.2174834170575022,3.4784713142332087,3.747798924733473,2.2227473898384065,4.9287598657128004,4.311914708417329
primary_fixed_to_observed,2023,nz-general-2023-electorate-58,Wairarapa,7,available,0.25150349374993664,0.2340447989933262,2.097428314270854,0.3341060150997146,3,1,0.5349820389894439,4.064642752186693,-1.7655309775349626,3.8493947222870464,1.936291640144836,4.03371995441569,1.6021856250451214
primary_fixed_to_observed,2023,nz-general-2023-electorate-59,Waitaki,8,available,0.23969867266833625,0.2577116838934346,1.2181344908271956,0.2873822890199531,2,2,0.5880499125917414,2.2341560929499513,1.7099646059822116,3.000441358368093,1.3467956470821882,2.564930137909384,1.0594133580622351
primary_fixed_to_observed,2023,nz-general-2023-electorate-60,Wellington Central,11,available,0.22643980101395544,0.19769586758364086,-1.324622569295325,0.501364718641697,1,1,0.7417787785224143,-1.4943780542226253,-3.1839077128116844,1.0896153984027284,2.444645616442046,1.1200230471467207,1.9432808978003488
primary_fixed_to_observed,2023,nz-general-2023-electorate-61,West Coast-Tasman,9,available,0.25661026712744145,0.27707953112247036,0.4135146671429277,0.18526033236910067,4,3,0.9569644044329925,4.522674445653719,2.0136791670295526,4.783604830078596,3.836570426696298,4.250085093839226,3.651310094327197
primary_fixed_to_observed,2023,nz-general-2023-electorate-62,Whanganui,6,available,0.26381672728839833,0.2682366012812022,2.041593681368235,-0.4600978769789954,1,0,0.5077244460572224,3.1687892385301453,0.5236055377389859,4.399813166822838,1.810016584197983,3.851610265566218,2.2701144611769783
primary_fixed_to_observed,2023,nz-general-2023-electorate-63,Whangaparāoa,6,available,0.23255278117366618,0.2842621272428525,1.369280809173199,-0.5173996461965401,1,0,0.6397688325477805,-1.5680262304547554,5.096575615011425,3.4017101678618373,0.733959223089346,2.103240032262545,1.2513588692858861
primary_fixed_to_observed,2023,nz-general-2023-electorate-64,Whangārei,10,available,0.26165840138450996,0.28792338706623705,1.0181812809949362,0.08004069523957313,2,0,0.44999546330454837,0.2426553480238569,2.535222262496353,2.322854291977472,0.8938071111614512,1.9119883921563874,0.813766415921878
primary_fixed_to_observed,2023,nz-general-2023-electorate-65,Wigram,10,available,0.2634776177889409,0.27913601735147275,0.04864707629254128,0.7313709982009317,2,1,0.4028758448635529,-1.4730590453502224,1.6536516969446302,2.0975601885328503,1.1941741051053496,1.2428211813978909,0.46280310690441795
