seat_election_id,election_year,electorate,previous_election_winner,national_candidate,labour_candidate,other_candidates,boundary_evidence,candidate_change_evidence,facts_prefilled,candidate_change,candidate_change_reason,boundary_change,boundary_change_reason,scandal,scandal_reason,tactical_arrangement,tactical_arrangement_reason,new_strong_challenger,new_strong_challenger_reason,other,other_reason,label,label_reason,labeller,labelled_at
nz-general-2014-electorate-01,2014,Auckland Central,"KAYE, Nicola Laura (National Party, 2011)","KAYE, Nicola Laura","ARDERN, Jacinda","KOVALENKO, Daria Alexeevna (ACT New Zealand); MONAHAN, Regan Richard Robert (Conservative); OSMASTON, Jordan Francis (Money Free Party); PIERARD, Miriam Michal (Internet Party); ROCHE, Denise Maree (Green Party); WHITMORE, Peter John (Climate Party)","dominant predecessor Auckland Central (2011); 2 predecessor(s); target electors from it 95.4%-96.5%; its electors retained 77.1%-81.6%; tier not_two_sided_90 (electoral-population bounds, not ballots)","NAT incumbent KAYE, Nicola Laura recontested (Stage51 continuation)",candidate_change; boundary_change,no,,yes,Crosswalk shows the seat is not identical to its dominant predecessor (see boundary_evidence),,,,,,,,,,,,
nz-general-2014-electorate-02,2014,Bay of Plenty,"RYALL, Anthony Boyd Williams (National Party, 2011)","MULLER, Todd Michael","WILSON, Clare Campbell","CUNLIFFE, Deborah (Conservative); DOLMAN, Raymond (New Zealand First Party); HORAN, Brendan Francis John (NZ Independent Coalition); LIVINGSTON-POOLEY, Tracy (Democrats for Social Credit); RICKARD, Benjamin John Cranswick (United Future)","dominant predecessor Bay of Plenty (2011); 2 predecessor(s); target electors from it 90.6%-94.1%; its electors retained 81.2%-88.2%; tier not_two_sided_90 (electoral-population bounds, not ballots)","NAT retirement: RYALL, Anthony Boyd Williams -> MULLER, Todd Michael",candidate_change; boundary_change,yes,Stage51 documented incumbent-party candidate change (see candidate_change_evidence),yes,Crosswalk shows the seat is not identical to its dominant predecessor (see boundary_evidence),,,,,,,,,,,,
nz-general-2014-electorate-03,2014,Botany,"ROSS, Jami-Lee Matenga (National Party, 2011)","ROSS, Jami-Lee Matenga","MAMEDOV, Tofik Shirzad Ogly","MCCORMICK, David John (Independent); YOUNG, Paul Chung-Che (Conservative)","dominant predecessor Botany (2011); 2 predecessor(s); target electors from it 93.5%-94.6%; its electors retained 100.0%; tier approximate_two_sided_90_only (electoral-population bounds, not ballots)","NAT incumbent ROSS, Jami-Lee Matenga recontested (Stage51 continuation)",candidate_change; boundary_change,no,,yes,Crosswalk shows the seat is not identical to its dominant predecessor (see boundary_evidence),,,,,,,,,,,,
nz-general-2014-electorate-04,2014,Christchurch Central,"WAGNER, Nicola Joanne (National Party, 2011)","WAGNER, Nicola Joanne","MILNE, Tony Robert","ABRAHAM, George (New Zealand First Party); COLUMBUS, Robin Bruce (Democrats for Social Credit); COOKE, Michael Francis (Conservative); DAVIDSON, Lenis Mary (Māori Party); MOORHOUSE, David Peter (Green Party); SEVERIN, Toni Gae (ACT New Zealand)","dominant predecessor Christchurch Central (2011); 3 predecessor(s); target electors from it 66.4%-74.1%; its electors retained 75.8%-83.8%; tier not_two_sided_90 (electoral-population bounds, not ballots)","NAT incumbent WAGNER, Nicola Joanne recontested (Stage51 continuation)",candidate_change; boundary_change,no,,yes,Crosswalk shows the seat is not identical to its dominant predecessor (see boundary_evidence),,,,,,,,,,,,
nz-general-2014-electorate-05,2014,Christchurch East,"DALZIEL, Lianne Audrey (Labour Party, 2011)","HAYES, Joanne Kowhai","WILLIAMS, Munokoa Poto","BAKER, Leighton James (Conservative); MATAKI, Tania (Māori Party); MATHERS, Mojo Celeste (Green Party); PARK, Sevaschan Sam (United Future); WILKINSON, Robert (Aotearoa Legalise Cannabis Party)","dominant predecessor Christchurch East (2011); 4 predecessor(s); target electors from it 73.9%-82.5%; its electors retained 100.0%; tier not_two_sided_90 (electoral-population bounds, not ballots)","LAB by_election_succession: DALZIEL, Lianne Audrey -> WILLIAMS, Munokoa Poto [local_government_office, resignation_mid_term]",candidate_change; boundary_change,yes,Stage51 documented incumbent-party candidate change (see candidate_change_evidence),yes,Crosswalk shows the seat is not identical to its dominant predecessor (see boundary_evidence),,,,,,,,,,,,
nz-general-2014-electorate-06,2014,Clutha-Southland,"ENGLISH, Simon William (National Party, 2011)","BARCLAY, Todd Keith","CRAIG, Elizabeth Dorothy","ASHTON, Stuart Lachlan (Conservative); BARKLEY, Karl (NZ Independent Coalition); GOLDSMITH, Rachael Louise (Green Party); JOBSIS, Jason Mark (Democrats for Social Credit); NICOLSON, Donald Owen (ACT New Zealand); VEINT, James Timothy (Ban1080)","dominant predecessor Clutha-Southland (2011); 1 predecessor(s); target electors from it 100.0%; its electors retained 100.0%; tier exact (electoral-population bounds, not ballots)","NAT retirement: ENGLISH, Simon William -> BARCLAY, Todd Keith [list_only]",candidate_change; boundary_change,yes,Stage51 documented incumbent-party candidate change (see candidate_change_evidence),no,,,,,,,,,,,,,
nz-general-2014-electorate-07,2014,Coromandel,"SIMPSON, Scott Anthony (National Party, 2011)","SIMPSON, Scott Anthony","POSCHL, Korbinian Peter Veit","DELAHUNTY, Catherine (Green Party); DOWNARD, Micheal Patrick (Ban1080); ERTEL, Grant Ernest (New Zealand First Party); OLSEN, David Edward (ACT New Zealand); PAKINGA, Hiria Gillian (Māori Party); WALKDEN, David (Conservative)","dominant predecessor Coromandel (2011); 3 predecessor(s); target electors from it 97.2%-98.3%; its electors retained 100.0%; tier approximate_two_sided_95 (electoral-population bounds, not ballots)","NAT incumbent SIMPSON, Scott Anthony recontested (Stage51 continuation)",candidate_change; boundary_change,no,,yes,Crosswalk shows the seat is not identical to its dominant predecessor (see boundary_evidence),,,,,,,,,,,,
nz-general-2014-electorate-08,2014,Dunedin North,"CLARK, David Scott (Labour Party, 2011)","WOODHOUSE, Michael Allan","CLARK, David Scott","DALEY, Jonathan Samuel (Conservative); GRAAMANS, Adrian Daegal (Independent); GRAY, Abraham (Aotearoa Legalise Cannabis Party); LUSBY, Stanley Richard (Independent); MOWAT, Miriam Yvonne Durose (Democrats for Social Credit); STEWART, Robert James (Internet Party); STANTON TUREI, Metiria Leanne Agnes (Green Party)","dominant predecessor Dunedin North (2011); 2 predecessor(s); target electors from it 95.5%-96.9%; its electors retained 100.0%; tier approximate_two_sided_95 (electoral-population bounds, not ballots)","LAB incumbent CLARK, David Scott recontested (Stage51 continuation)",candidate_change; boundary_change,no,,yes,Crosswalk shows the seat is not identical to its dominant predecessor (see boundary_evidence),,,,,,,,,,,,
nz-general-2014-electorate-09,2014,Dunedin South,"CURRAN, Clare Elizabeth (Labour Party, 2011)","WALKER, Hamish","CURRAN, Clare Elizabeth","CRAWFORD, Julian Lloyd (Aotearoa Legalise Cannabis Party); GALLAGHER, Shane Anthony (Green Party); KERR, Cynthia Eileen (Conservative); LEPINE, Andrew Charles Edwin (Internet Party); NICHOLLS, Colin William (ACT New Zealand); VOIGHT, Warren Raymond (Democrats for Social Credit)","dominant predecessor Dunedin South (2011); 1 predecessor(s); target electors from it 100.0%; its electors retained 100.0%; tier exact (electoral-population bounds, not ballots)","LAB incumbent CURRAN, Clare Elizabeth recontested (Stage51 continuation)",candidate_change; boundary_change,no,,no,,,,,,,,,,,,,
nz-general-2014-electorate-10,2014,East Coast,"TOLLEY, Anne Merrilyn (National Party, 2011)","TOLLEY, Anne Merrilyn","MACKEY, Moana Lynore","DRAYSON, Rick John (Conservative); MACLEAN, Gavin Wareham (Green Party); SALMON, Patrick (Internet Party); SMITH, Harry Alchin (Democrats for Social Credit); TAKOKO, Mere Mere (New Zealand First Party)","dominant predecessor East Coast (2011); 2 predecessor(s); target electors from it 74.7%-91.8%; its electors retained 95.7%-98.3%; tier not_two_sided_90 (electoral-population bounds, not ballots)","NAT incumbent TOLLEY, Anne Merrilyn recontested (Stage51 continuation)",candidate_change; boundary_change,no,,yes,Crosswalk shows the seat is not identical to its dominant predecessor (see boundary_evidence),,,,,,,,,,,,
nz-general-2014-electorate-11,2014,East Coast Bays,"McCULLY, Murray Stuart (National Party, 2011)","McCULLY, Murray Stuart","MILNER-WHITE, Gregory Richard","CHEEL, Patricia (Ban1080); CRAIG, Colin Graeme (Conservative); MOORE, Teresa Janet (Green Party)","dominant predecessor East Coast Bays (2011); 3 predecessor(s); target electors from it 83.3%-86.7%; its electors retained 75.8%-80.4%; tier not_two_sided_90 (electoral-population bounds, not ballots)","NAT incumbent McCULLY, Murray Stuart recontested (Stage51 continuation)",candidate_change; boundary_change,no,,yes,Crosswalk shows the seat is not identical to its dominant predecessor (see boundary_evidence),,,,,,,,,,,,
nz-general-2014-electorate-12,2014,Epsom,"BANKS, John (ACT New Zealand, 2011)","GOLDSMITH, Paul Jonathan","WOOD, Michael Philip","GENTER, Julie Anne (Green Party); GOODE, Matthew Gavin (Independent); HADEN, Grace (Independent); HOLLAND, Adam John (Independent); KRUGER, Susanna Susara (Independent); LYON, Clifton Killip (New Zealand First Party); O'DEA, Patrick John (MANA Movement); RANKIN-MacINTYRE, Christine Kathryn (Conservative); SEYMOUR, David Breen (ACT New Zealand)","dominant predecessor Epsom (2011); 1 predecessor(s); target electors from it 100.0%; its electors retained 95.8%-96.8%; tier approximate_two_sided_95 (electoral-population bounds, not ballots)","Not covered by Stage51 (source-election winner was not National or Labour, or no ledger mapping)",boundary_change,,,yes,Crosswalk shows the seat is not identical to its dominant predecessor (see boundary_evidence),,,,,,,,,,,,
nz-general-2014-electorate-13,2014,Hamilton East,"BENNETT, David Allister (National Party, 2011)","BENNETT, David Allister","ALLEN, Clifford","CALVER, Raymond John (Internet Party); DAY, Katrina Marjory (Conservative); McKENZIE, Carolyn Lee (Democrats for Social Credit); SERVIAN, Mark Anthony (Green Party); SMITH, Ronald Charles (ACT New Zealand); TAURIMA, Richard John (New Zealand First Party); TODD, Quentin Gregory (United Future)","dominant predecessor Hamilton East (2011); 2 predecessor(s); target electors from it 99.6%-99.8%; its electors retained 94.9%-96.3%; tier approximate_two_sided_90_only (electoral-population bounds, not ballots)","NAT incumbent BENNETT, David Allister recontested (Stage51 continuation)",candidate_change; boundary_change,no,,yes,Crosswalk shows the seat is not identical to its dominant predecessor (see boundary_evidence),,,,,,,,,,,,
nz-general-2014-electorate-14,2014,Hamilton West,"MACINDOE, Timothy Harley (National Party, 2011)","MACINDOE, Timothy Harley","MORONEY, Suzanne Mary","GUDGEON, William M (New Zealand First Party); McKENNA, Anthony Gerard (Conservative); RUSSELL-MUTI, Sara Jane (ACT New Zealand); RHODES, Mischele (Democrats for Social Credit); TE AO, Richard Joseph Wharemaihi (Māori Party)","dominant predecessor Hamilton West (2011); 3 predecessor(s); target electors from it 93.0%-95.2%; its electors retained 93.6%-95.4%; tier approximate_two_sided_90_only (electoral-population bounds, not ballots)","NAT incumbent MACINDOE, Timothy Harley recontested (Stage51 continuation)",candidate_change; boundary_change,no,,yes,Crosswalk shows the seat is not identical to its dominant predecessor (see boundary_evidence),,,,,,,,,,,,
nz-general-2014-electorate-15,2014,Helensville,"KEY, John Phillip (National Party, 2011)","KEY, John Phillip","HADDOCK, Corie Jon","BRIGHT, Penelope Mary (Independent); DOUGHERTY, Deborah Shay (Conservative); GRAHAM, Kennedy Gollan Montrose (Green Party); HARRÉ, Laila Jane (Internet Party); PIRRIE, Phelan Michael (ACT New Zealand); WHYTE, Brendan Richard (Independent)","dominant predecessor Helensville (2011); 4 predecessor(s); target electors from it 53.3%-62.0%; its electors retained 44.5%-53.5%; tier not_two_sided_90 (electoral-population bounds, not ballots)","NAT incumbent KEY, John Phillip recontested (Stage51 continuation)",candidate_change; boundary_change,no,,yes,Crosswalk shows the seat is not identical to its dominant predecessor (see boundary_evidence),,,,,,,,,,,,
nz-general-2014-electorate-16,2014,Hunua,"HUTCHISON, Charles Paul Telford (National Party, 2011)","BAYLY, Andrew Henry","WILLIAMS, Arena Hinekura Sherburd","CUMMINGS, Ian James (ACT New Zealand); HUDSON, Neville Henry (Conservative); MITCHELL, Huia Jean (Democrats for Social Credit); PHILLIPS, Thomas Tuatu Toihau (Māori Party); REEVES, Jon Blaiklock (New Zealand First Party)","dominant predecessor Hunua (2011); 3 predecessor(s); target electors from it 95.4%-96.6%; its electors retained 80.2%-85.5%; tier not_two_sided_90 (electoral-population bounds, not ballots)","NAT retirement: HUTCHISON, Charles Paul Telford -> BAYLY, Andrew Henry",candidate_change; boundary_change,yes,Stage51 documented incumbent-party candidate change (see candidate_change_evidence),yes,Crosswalk shows the seat is not identical to its dominant predecessor (see boundary_evidence),,,,,,,,,,,,
nz-general-2014-electorate-17,2014,Hutt South,"MALLARD, Trevor Colin (Labour Party, 2011)","BISHOP, Christopher","MALLARD, Trevor Colin","COPELAND, Gordon Frank (Conservative); O'SULLIVAN, Graeme Arthur (ACT New Zealand); PAJAK, Jan (Independent); PARORO, Mataroa (New Zealand First Party); STONYER, David Lester (United Future); WALKER, Holly Ruth (Green Party)","dominant predecessor Hutt South (2011); 3 predecessor(s); target electors from it 78.2%-82.8%; its electors retained 83.5%-90.4%; tier not_two_sided_90 (electoral-population bounds, not ballots)","LAB incumbent MALLARD, Trevor Colin recontested (Stage51 continuation)",candidate_change; boundary_change,no,,yes,Crosswalk shows the seat is not identical to its dominant predecessor (see boundary_evidence),,,,,,,,,,,,
nz-general-2014-electorate-18,2014,Ilam,"BROWNLEE, Gerard Anthony (National Party, 2011)","BROWNLEE, Gerard Anthony","DANN, James Macbeth","BALLANTINE, Beverley June (Internet Party); KELCHER, John Michael (Green Party); STRINGER, John Charles (Conservative); VEALE, Gareth Rhys (ACT New Zealand); WAKEFIELD, Benita Waina (Māori Party)","dominant predecessor Ilam (2011); 1 predecessor(s); target electors from it 100.0%; its electors retained 100.0%; tier exact (electoral-population bounds, not ballots)","NAT incumbent BROWNLEE, Gerard Anthony recontested (Stage51 continuation)",candidate_change; boundary_change,no,,no,,,,,,,,,,,,,
nz-general-2014-electorate-19,2014,Invercargill,"ROY, Eric Wilbur (National Party, 2011)","DOWIE, Sarah Maree","SOPER, Lesley Frances","BOND, Ria Iris Daphne (New Zealand First Party); DE RUYTER, Stephnie Jane (Democrats for Social Credit); KENNEDY, David John (Green Party); STORR, Laura Louisa (Conservative)","dominant predecessor Invercargill (2011); 1 predecessor(s); target electors from it 100.0%; its electors retained 100.0%; tier exact (electoral-population bounds, not ballots)","NAT retirement: ROY, Eric Wilbur -> DOWIE, Sarah Maree",candidate_change; boundary_change,yes,Stage51 documented incumbent-party candidate change (see candidate_change_evidence),no,,,,,,,,,,,,,
nz-general-2014-electorate-20,2014,Kaikōura,"KING, Colin McDonald (National Party, 2011)","SMITH, Stuart Tayler","WALKER, Janette Florence","BROWNING, Steffan John (Green Party); CAMPBELL, Steven Robert (New Zealand First Party); EVANS, Richard Warwick (ACT New Zealand); HOWARD, Thomas Edward (Money Free Party); HUDSON, Howard Mathew (Conservative); McCASKEY, John Stuart James (Democrats for Social Credit); TOMLINSOM, Glen James (Ban1080)","dominant predecessor Kaikoura (2011); 1 predecessor(s); target electors from it 100.0%; its electors retained 100.0%; tier exact (electoral-population bounds, not ballots)","NAT deselection: KING, Colin McDonald -> SMITH, Stuart Tayler [sitting_mp_lost_selection]",candidate_change; boundary_change,yes,Stage51 documented incumbent-party candidate change (see candidate_change_evidence),no,,,,,,,,,,,,,
nz-general-2014-electorate-21,2014,Kelston,"BENNETT, Paula Lee (National Party, 2011)","PENK, Christopher Aidan","SEPULONI, Carmel Jean","DEGIA-PALA, Anne (New Zealand First Party); HAYCOCK, Bruce Kim (ACT New Zealand); IRWIN, Frances Ruth (Green Party); LYE, Jeffrey (Aotearoa Legalise Cannabis Party); SAMI, Roshni Aasha Chettiar (Internet Party); SOMMER, Paul Christian (Conservative); WOOLSTON, Jason Bruce (United Future)","dominant predecessor Waitakere (2011); 4 predecessor(s); target electors from it 36.2%-47.1%; its electors retained 33.6%-47.7%; tier not_two_sided_90 (electoral-population bounds, not ballots)","NAT boundary_complication: BENNETT, Paula Lee -> PENK, Christopher Aidan [incumbent_moved_seat, seat_abolished]",candidate_change; boundary_change,yes,Stage51 documented incumbent-party candidate change (see candidate_change_evidence),yes,Crosswalk shows the seat is not identical to its dominant predecessor (see boundary_evidence),,,,,,,,,,,,
nz-general-2014-electorate-22,2014,Mana,"FAAFOI, Kristopher John (Labour Party, 2011)","PARATA, Patricia Hekia","FAAFOI, Kristopher","BARRY, Roy Sidney (Conservative); ENGLAND, Ronald William (Democrats for Social Credit); GOODE, Richard Simon (Aotearoa Legalise Cannabis Party); LOGIE, Heather Janet (Green Party)","dominant predecessor Mana (2011); 1 predecessor(s); target electors from it 100.0%; its electors retained 100.0%; tier exact (electoral-population bounds, not ballots)","LAB incumbent FAAFOI, Kristopher John recontested (Stage51 continuation)",candidate_change; boundary_change,no,,no,,,,,,,,,,,,,
nz-general-2014-electorate-23,2014,Māngere,"SIO, Su'a Viliamu (Labour Party, 2011)","TURNER-TUPOU, Fia Taemanu","SIO, Sua William","PAPALI'I, James Philip (MANA Movement); SAAFI, Etuate Lui (Edward) (Conservative); STRICKSON-PUA, Muamua Sofi (Green Party)","dominant predecessor Mangere (2011); 1 predecessor(s); target electors from it 100.0%; its electors retained 100.0%; tier exact (electoral-population bounds, not ballots)","LAB incumbent SIO, Su'a Viliamu recontested (Stage51 continuation)",candidate_change; boundary_change,no,,no,,,,,,,,,,,,,
nz-general-2014-electorate-24,2014,Manukau East,"ROBERTSON, Harold Valentine Ross (Labour Party, 2011)","BAKSHI, Kanwaljit Singh","SALESA, Jennifer Teresia","LOLE-TAYLOR, Asenati (New Zealand First Party); PERINPANAYAGAM, Umesh (Green Party); TAUKOLO, Vili Mahe (Conservative); TRINDER, Joseph Meihana (MANA Movement); VERMUNT, Annalucia (Communist League)","dominant predecessor Manukau East (2011); 1 predecessor(s); target electors from it 100.0%; its electors retained 92.2%-94.9%; tier approximate_two_sided_90_only (electoral-population bounds, not ballots)","LAB retirement: ROBERTSON, Harold Valentine Ross -> SALESA, Jennifer Teresia [local_government_candidate]",candidate_change; boundary_change,yes,Stage51 documented incumbent-party candidate change (see candidate_change_evidence),yes,Crosswalk shows the seat is not identical to its dominant predecessor (see boundary_evidence),,,,,,,,,,,,
nz-general-2014-electorate-25,2014,Manurewa,"WALL, Louisa Hareruia (Labour Party, 2011)","BROWN, Simeon Peter","WALL, Louisa Hareruia","BHANA, Raewyn Teresa (Māori Party); DAINTY, Yvonne (MANA Movement); HALL, John Harold (New Zealand First Party); IKILEI, Elliot Ewen Pasione (Conservative); TUPOU, Patricia Margaret (Green Party)","dominant predecessor Manurewa (2011); 1 predecessor(s); target electors from it 100.0%; its electors retained 100.0%; tier exact (electoral-population bounds, not ballots)","LAB incumbent WALL, Louisa Hareruia recontested (Stage51 continuation)",candidate_change; boundary_change,no,,no,,,,,,,,,,,,,
nz-general-2014-electorate-26,2014,Maungakiekie,"LOTU-IIGA, Peseta Samuelu Masunu (National Party, 2011)","LOTU-IIGA, Peseta Samuelu Masunu","BEAUMONT, Carol Ann","COGGAN, Felicity Jane (Communist League); FINAU, Sitaleki (MANA Movement); LECKINGER, Richard John (Green Party); MOCKRIDGE, Bryan (United Future); SIMPSON, Litia (Conservative)","dominant predecessor Maungakiekie (2011); 3 predecessor(s); target electors from it 82.1%-87.5%; its electors retained 81.5%-85.3%; tier not_two_sided_90 (electoral-population bounds, not ballots)","NAT incumbent LOTU-IIGA, Peseta Samuelu Masunu recontested (Stage51 continuation)",candidate_change; boundary_change,no,,yes,Crosswalk shows the seat is not identical to its dominant predecessor (see boundary_evidence),,,,,,,,,,,,
nz-general-2014-electorate-27,2014,Mt Albert,"SHEARER, David James (Labour Party, 2011)","LEE, Melissa","SHEARER, David James","CAROLAN, Joseph (MANA Movement); ELLEY, Jeanette Susan (Green Party); FERGUSSON, Thomas Wilson (ACT New Zealand); JOHNSON, Jeffrey Alan (Conservative); VANDEN HEUVEL, Anthony Joseph James (Human Rights Party); WACKROW, Michael John (Independent)","dominant predecessor Mt Albert (2011); 2 predecessor(s); target electors from it 73.0%-79.3%; its electors retained 71.5%-78.9%; tier not_two_sided_90 (electoral-population bounds, not ballots)","LAB incumbent SHEARER, David James recontested (Stage51 continuation)",candidate_change; boundary_change,no,,yes,Crosswalk shows the seat is not identical to its dominant predecessor (see boundary_evidence),,,,,,,,,,,,
nz-general-2014-electorate-28,2014,Mt Roskill,"GOFF, Philip Bruce (Labour Party, 2011)","PARMAR, Kushmiita Parmjeet Kaur","GOFF, Philip Bruce","BINDRA, Mahesh (New Zealand First Party); COATES, Robert Barry Hobson (Green Party); DAVIE, Paul Clifford (Conservative); MINTO, John Bernard (MANA Movement)","dominant predecessor Mt Roskill (2011); 3 predecessor(s); target electors from it 74.5%-79.3%; its electors retained 71.6%-76.9%; tier not_two_sided_90 (electoral-population bounds, not ballots)","LAB incumbent GOFF, Philip Bruce recontested (Stage51 continuation)",candidate_change; boundary_change,no,,yes,Crosswalk shows the seat is not identical to its dominant predecessor (see boundary_evidence),,,,,,,,,,,,
nz-general-2014-electorate-29,2014,Napier,"TREMAIN, Christopher James (National Party, 2011)","WALFORD, Wayne Douglas","NASH, Stuart Alexander","BAILEY, Paul Edward (Green Party); McVICAR, Garth Neil (Conservative); O'NEILL, Mary Jelena (Alliance); PULFORD, Barry Reece (Democrats for Social Credit)","dominant predecessor Napier (2011); 2 predecessor(s); target electors from it 96.5%-98.3%; its electors retained 100.0%; tier approximate_two_sided_95 (electoral-population bounds, not ballots)","NAT retirement: TREMAIN, Christopher James -> WALFORD, Wayne Douglas",candidate_change; boundary_change,yes,Stage51 documented incumbent-party candidate change (see candidate_change_evidence),yes,Crosswalk shows the seat is not identical to its dominant predecessor (see boundary_evidence),,,,,,,,,,,,
nz-general-2014-electorate-30,2014,Nelson,"SMITH, Nicolas Rex (National Party, 2011)","SMITH, Nick","STREET, Maryan","BAYLY, Adrian James (Democrats for Social Credit); GREEN, John Langlands (Conservative); HUFFLETT, Paul Charles (ACT New Zealand); OSMASTON, Richard Francis (Money Free Party); ROBERTSON, Colin Donald (Green Party)","dominant predecessor Nelson (2011); 1 predecessor(s); target electors from it 100.0%; its electors retained 100.0%; tier exact (electoral-population bounds, not ballots)","NAT incumbent SMITH, Nicolas Rex recontested (Stage51 continuation)",candidate_change; boundary_change,no,,no,,,,,,,,,,,,,
nz-general-2014-electorate-31,2014,New Lynn,"CUNLIFFE, David Richard (Labour Party, 2011)","GROSER, Timothy John","CUNLIFFE, David Richard","LEITCH, Andrew Simon (Democrats for Social Credit); ROGERS, Daniel (Green Party); TAYLOR, Stephen Dylan (Conservative)","dominant predecessor New Lynn (2011); 3 predecessor(s); target electors from it 68.1%-74.4%; its electors retained 63.3%-71.7%; tier not_two_sided_90 (electoral-population bounds, not ballots)","LAB incumbent CUNLIFFE, David Richard recontested (Stage51 continuation)",candidate_change; boundary_change,no,,yes,Crosswalk shows the seat is not identical to its dominant predecessor (see boundary_evidence),,,,,,,,,,,,
nz-general-2014-electorate-32,2014,New Plymouth,"YOUNG, Jonathan Edgar Joseph (National Party, 2011)","YOUNG, Jonathan Edgar Joseph","LITTLE, Andrew James","DOMBROSKI, Jamie Jeffery (Aotearoa Legalise Cannabis Party); GRAY, James Stephen (ACT New Zealand); ROBERTS, Sarah Ngaire (Green Party); STORR, Angela Maria (Conservative)","dominant predecessor New Plymouth (2011); 2 predecessor(s); target electors from it 94.2%-97.0%; its electors retained 100.0%; tier approximate_two_sided_90_only (electoral-population bounds, not ballots)","NAT incumbent YOUNG, Jonathan Edgar Joseph recontested (Stage51 continuation)",candidate_change; boundary_change,no,,yes,Crosswalk shows the seat is not identical to its dominant predecessor (see boundary_evidence),,,,,,,,,,,,
nz-general-2014-electorate-33,2014,North Shore,"BARRY, Margaret Mary (National Party, 2011)","BARRY, Margaret Mary","SZABÓ, Claire Elizabeth","KEARNEY, Nicholas Norman (ACT New Zealand); LEITCH, Timothy Paul (Democrats for Social Credit); PERKIN, Melissa Mary (Conservative); STANSFIELD, Brett Thomas (Green Party)","dominant predecessor North Shore (2011); 1 predecessor(s); target electors from it 100.0%; its electors retained 100.0%; tier exact (electoral-population bounds, not ballots)","NAT incumbent BARRY, Margaret Mary recontested (Stage51 continuation)",candidate_change; boundary_change,no,,no,,,,,,,,,,,,,
nz-general-2014-electorate-34,2014,Northcote,"COLEMAN, Jonathan David (National Party, 2011)","COLEMAN, Jonathan David","HILLS, Richard Brian","HO, Gil (Internet Party); KRONFELD, Timothy Paul (ACT New Zealand); LIGHT, Damian Francis (United Future); SMITHSON, Anne-Elise (Green Party); WEBSTER, Matthew James (Conservative)","dominant predecessor Northcote (2011); 1 predecessor(s); target electors from it 100.0%; its electors retained 100.0%; tier exact (electoral-population bounds, not ballots)","NAT incumbent COLEMAN, Jonathan David recontested (Stage51 continuation)",candidate_change; boundary_change,no,,no,,,,,,,,,,,,,
nz-general-2014-electorate-35,2014,Northland,"SABIN, Michael Lewis (National Party, 2011)","SABIN, Michael Lewis","PRIME, Willow-Jean","CLENDON, David James (Green Party); NELSON, Craig (ACT New Zealand); RINTOUL, Kenneth Alan (Focus New Zealand); ROBERTSON, Murray (Independent); TAYLOR, Melanie Jane (Conservative); TIMMS, Glen Craig (Money Free Party); WILSON, David Angus (Democrats for Social Credit)","dominant predecessor Northland (2011); 1 predecessor(s); target electors from it 100.0%; its electors retained 100.0%; tier exact (electoral-population bounds, not ballots)","NAT incumbent SABIN, Michael Lewis recontested (Stage51 continuation)",candidate_change; boundary_change,no,,no,,,,,,,,,,,,,
nz-general-2014-electorate-36,2014,Ōhāriu,"DUNNE, Peter Francis (United Future, 2011)","HUDSON, Brett John","ANDERSEN, Virginia Ruby","BRUNNER, Michael Johann (Conservative); DUNNE, Peter Francis (United Future); FITZPATRICK, Sean Daniel Thomas (ACT New Zealand); HAMILL, Sue (Independent); STEEMSON, Alida Katherine (Democrats for Social Credit); WOODLEY, Tane Hohepa (Green Party)","dominant predecessor Ohariu (2011); 2 predecessor(s); target electors from it 92.8%-94.1%; its electors retained 86.2%-89.0%; tier not_two_sided_90 (electoral-population bounds, not ballots)","Not covered by Stage51 (source-election winner was not National or Labour, or no ledger mapping)",boundary_change,,,yes,Crosswalk shows the seat is not identical to its dominant predecessor (see boundary_evidence),,,,,,,,,,,,
nz-general-2014-electorate-37,2014,Ōtaki,"GUY, Allen Nathan (National Party, 2011)","GUY, Allen Nathan","McCANN, Robert Eric","DREW, Madeleine Rose (Green Party); LOVELOCK, Anne Christine (Conservative); MACDONALD, Frederick John (Independent); VICKERS, Amanda Michelle (Independent)","dominant predecessor Otaki (2011); 1 predecessor(s); target electors from it 100.0%; its electors retained 95.2%-97.3%; tier approximate_two_sided_95 (electoral-population bounds, not ballots)","NAT incumbent GUY, Allen Nathan recontested (Stage51 continuation)",candidate_change; boundary_change,no,,yes,Crosswalk shows the seat is not identical to its dominant predecessor (see boundary_evidence),,,,,,,,,,,,
nz-general-2014-electorate-38,2014,Pakuranga,"WILLIAMSON, Maurice Donald (National Party, 2011)","WILLIAMSON, Maurice Donald","KIRKER, Barry Eric","CRAIG, Andrew Ross (Conservative); WHYTE, Jamie Thomas (ACT New Zealand)","dominant predecessor Pakuranga (2011); 1 predecessor(s); target electors from it 100.0%; its electors retained 100.0%; tier exact (electoral-population bounds, not ballots)","NAT incumbent WILLIAMSON, Maurice Donald recontested (Stage51 continuation)",candidate_change; boundary_change,no,,no,,,,,,,,,,,,,
nz-general-2014-electorate-39,2014,Palmerston North,"LEES-GALLOWAY, Iain Francis (Labour Party, 2011)","NAYLOR, Jonathan Mark","LEES-GALLOWAY, Iain Francis","BALL, Darroch Leicester (New Zealand First Party); FARVID, Pantea (Internet Party); PEARCE, Mark (Conservative)","dominant predecessor Palmerston North (2011); 1 predecessor(s); target electors from it 100.0%; its electors retained 100.0%; tier exact (electoral-population bounds, not ballots)","LAB incumbent LEES-GALLOWAY, Iain Francis recontested (Stage51 continuation)",candidate_change; boundary_change,no,,no,,,,,,,,,,,,,
nz-general-2014-electorate-40,2014,Papakura,"COLLINS, Judith Anne (National Party, 2011)","COLLINS, Judith Anne","MIKA, Jerome","CATCHPOLE, Brent Stanley (New Zealand First Party); CONROY, Caroline Anne (Green Party); FOWLER, Roger Norman (MANA Movement); KENDALL, Anne Marie (Māori Party); STITT, Kevin Eric (Conservative); THOMPSON, John Stanley (ACT New Zealand)","dominant predecessor Papakura (2011); 2 predecessor(s); target electors from it 98.1%-98.6%; its electors retained 95.7%-96.8%; tier approximate_two_sided_95 (electoral-population bounds, not ballots)","NAT incumbent COLLINS, Judith Anne recontested (Stage51 continuation)",candidate_change; boundary_change,no,,yes,Crosswalk shows the seat is not identical to its dominant predecessor (see boundary_evidence),,,,,,,,,,,,
nz-general-2014-electorate-41,2014,Port Hills,"DYSON, Ruth Suzanne (Labour Party, 2011)","KORAKO, Tutehounuku","DYSON, Ruth Suzanne","BROSNAN, Christopher Michael (Conservative); GRIBBEN, Gary James (Democrats for Social Credit); O'ROURKE, Denis John (New Zealand First Party); RUSSELL, Geoffrey Neil (ACT New Zealand); SAGE, Eugenie Meryl (Green Party)","dominant predecessor Port Hills (2011); 3 predecessor(s); target electors from it 62.7%-68.4%; its electors retained 72.7%-80.0%; tier not_two_sided_90 (electoral-population bounds, not ballots)","LAB incumbent DYSON, Ruth Suzanne recontested (Stage51 continuation)",candidate_change; boundary_change,no,,yes,Crosswalk shows the seat is not identical to its dominant predecessor (see boundary_evidence),,,,,,,,,,,,
nz-general-2014-electorate-42,2014,Rangitata,"GOODHEW, Joanne Gay (National Party, 2011)","GOODHEW, Joanne Gay","GIBSON, Steven John","CORBETT, Thomas Frederick (ACT New Zealand); VITALI, Oliver (Conservative)","dominant predecessor Rangitata (2011); 1 predecessor(s); target electors from it 100.0%; its electors retained 94.9%-96.1%; tier approximate_two_sided_90_only (electoral-population bounds, not ballots)","NAT incumbent GOODHEW, Joanne Gay recontested (Stage51 continuation)",candidate_change; boundary_change,no,,yes,Crosswalk shows the seat is not identical to its dominant predecessor (see boundary_evidence),,,,,,,,,,,,
nz-general-2014-electorate-43,2014,Rangitīkei,"McKELVIE, Ian Robert Flockhart (National Party, 2011)","McKELVIE, Ian Robert Flockhart","RUSSELL, Deborah Faye","BROWN, Roy Kerry (Conservative); RUDZKI, Romuald Edward John (New Zealand First Party); WILSON, Neil John (ACT New Zealand)","dominant predecessor Rangitikei (2011); 2 predecessor(s); target electors from it 95.1%-97.3%; its electors retained 100.0%; tier approximate_two_sided_95 (electoral-population bounds, not ballots)","NAT incumbent McKELVIE, Ian Robert Flockhart recontested (Stage51 continuation)",candidate_change; boundary_change,no,,yes,Crosswalk shows the seat is not identical to its dominant predecessor (see boundary_evidence),,,,,,,,,,,,
nz-general-2014-electorate-44,2014,Rimutaka,"HIPKINS, Christopher John (Labour Party, 2011)","HOLDEN, Lewis","HIPKINS, Christopher John","HUNT, Aaron Ronald (New Zealand First Party); LYNCH, Philip Michael (Conservative); RUTHVEN, Susanne Marie (Green Party)","dominant predecessor Rimutaka (2011); 2 predecessor(s); target electors from it 84.4%-91.1%; its electors retained 91.2%-93.4%; tier not_two_sided_90 (electoral-population bounds, not ballots)","LAB incumbent HIPKINS, Christopher John recontested (Stage51 continuation)",candidate_change; boundary_change,no,,yes,Crosswalk shows the seat is not identical to its dominant predecessor (see boundary_evidence),,,,,,,,,,,,
nz-general-2014-electorate-45,2014,Rodney,"MITCHELL, Mark Patrick (National Party, 2011)","MITCHELL, Mark Patrick","BOLT, Eric Duke","HEYNS, Anton Zietsman (Conservative); HOULBROOKE, Beth Patricia (ACT New Zealand); McALL, Malcolm Ley Stuart (Green Party); MARTIN, Tracey Anne (New Zealand First Party)","dominant predecessor Rodney (2011); 1 predecessor(s); target electors from it 100.0%; its electors retained 88.6%-91.0%; tier not_two_sided_90 (electoral-population bounds, not ballots)","NAT incumbent MITCHELL, Mark Patrick recontested (Stage51 continuation)",candidate_change; boundary_change,no,,yes,Crosswalk shows the seat is not identical to its dominant predecessor (see boundary_evidence),,,,,,,,,,,,
nz-general-2014-electorate-46,2014,Rongotai,"KING, Annette Faye (Labour Party, 2011)","FINLAYSON, Christopher Francis","KING, Annette Faye","CARTER, Aaron Richard Edward Storer (Climate Party); EUSOFF, Mohamed Sultan (United Future); NORMAN, Russel William (Green Party); OVERTON, John Malcolm (Patriotic Revolutionary Front); PARETUTANGANUI-TAMATI, Ariana (MANA Movement); PIERSON, Brent (New Zealand First Party); RICHARDS, Donald William (Independent); WELSH, Bruce Alexander (Conservative)","dominant predecessor Rongotai (2011); 1 predecessor(s); target electors from it 100.0%; its electors retained 100.0%; tier exact (electoral-population bounds, not ballots)","LAB incumbent KING, Annette Faye recontested (Stage51 continuation)",candidate_change; boundary_change,no,,no,,,,,,,,,,,,,
nz-general-2014-electorate-47,2014,Rotorua,"McCLAY, Todd Michael (National Party, 2011)","McCLAY, Todd Michael","COFFEY, Tamati Gerald","DAVIDSON, Michael Jack (Conservative); RUSSELL, Lyall (ACT New Zealand); TABUTEAU, Fletcher (New Zealand First Party)","dominant predecessor Rotorua (2011); 2 predecessor(s); target electors from it 79.7%-87.6%; its electors retained 74.9%-91.0%; tier not_two_sided_90 (electoral-population bounds, not ballots)","NAT incumbent McCLAY, Todd Michael recontested (Stage51 continuation)",candidate_change; boundary_change,no,,yes,Crosswalk shows the seat is not identical to its dominant predecessor (see boundary_evidence),,,,,,,,,,,,
nz-general-2014-electorate-48,2014,Selwyn,"ADAMS, Amy Juliet (National Party, 2011)","ADAMS, Amy Juliet","DICKSON, Gordon John","CLIBBORN, Roger Barclay (Conservative); GARDYNE, Sheryl Ann (Māori Party); GILBERT, Paul de Vallenger (ACT New Zealand); HILL, Peter Selwyn (Green Party); WOODS, William Edward (New Zealand First Party)","dominant predecessor Selwyn (2011); 3 predecessor(s); target electors from it 93.8%-95.4%; its electors retained 78.3%-81.8%; tier not_two_sided_90 (electoral-population bounds, not ballots)","NAT incumbent ADAMS, Amy Juliet recontested (Stage51 continuation)",candidate_change; boundary_change,no,,yes,Crosswalk shows the seat is not identical to its dominant predecessor (see boundary_evidence),,,,,,,,,,,,
nz-general-2014-electorate-49,2014,Tāmaki,"O'CONNOR, Simon David (National Party, 2011)","O'CONNOR, Simon","WU, Chao-Fu","GIBSON, Lisa Belle (MANA Movement); MILNE, Michael John (ACT New Zealand); MOUNTAIN, Daniel Luke (Conservative); SIGGAARD, Dorthe (Green Party)","dominant predecessor Tamaki (2011); 1 predecessor(s); target electors from it 100.0%; its electors retained 90.2%-92.5%; tier approximate_two_sided_90_only (electoral-population bounds, not ballots)","NAT incumbent O'CONNOR, Simon David recontested (Stage51 continuation)",candidate_change; boundary_change,no,,yes,Crosswalk shows the seat is not identical to its dominant predecessor (see boundary_evidence),,,,,,,,,,,,
nz-general-2014-electorate-50,2014,Taranaki-King Country,"ARDERN, Philip Shane (National Party, 2011)","KURIGER, Barbara Joan","GAYLOR, Penelope Louise","AISH, Edward Walter Paul (Conservative); ESPIN, David Craig (Democrats for Social Credit); KEINZLEY, Grant Thomas (Internet Party); MOORE, Robert Bruce (Green Party)","dominant predecessor Taranaki-King Country (2011); 3 predecessor(s); target electors from it 87.2%-91.5%; its electors retained 87.5%-91.7%; tier not_two_sided_90 (electoral-population bounds, not ballots)","NAT retirement: ARDERN, Philip Shane -> KURIGER, Barbara Joan",candidate_change; boundary_change,yes,Stage51 documented incumbent-party candidate change (see candidate_change_evidence),yes,Crosswalk shows the seat is not identical to its dominant predecessor (see boundary_evidence),,,,,,,,,,,,
nz-general-2014-electorate-51,2014,Taupō,"UPSTON, Louise Claire (National Party, 2011)","UPSTON, Louise Claire","STRANGE, Jamie Ross","GEDGE, Lance (Conservative); PEMBERTON, John Stuart (Democrats for Social Credit); PERRY, Edwin Jock (New Zealand First Party); ROBINSON, David John (Green Party); SIMMONS, Alan Frank (United Future); WINITANA, Claire Te Atamira (Māori Party)","dominant predecessor Taupo (2011); 1 predecessor(s); target electors from it 100.0%; its electors retained 100.0%; tier exact (electoral-population bounds, not ballots)","NAT incumbent UPSTON, Louise Claire recontested (Stage51 continuation)",candidate_change; boundary_change,no,,no,,,,,,,,,,,,,
nz-general-2014-electorate-52,2014,Tauranga,"BRIDGES, Simon Joseph (National Party, 2011)","BRIDGES, Simon Joseph","JONES, Rachel Anne","HESLOP, Nathaniel John (Conservative); KANE, Rusty (Independent); LAMARE, Yvette Nora (Independent); McLEAN, Ian Gordon (Green Party); MAXWELL, James Waerengaahika (United Future); MITCHELL, Clayton Robert Henry (New Zealand First Party); GATE, Verna Te Roha (Māori Party); O'NEILL, Michael Bryan (NZ Independent Coalition); PEDERSEN, Stuart John (ACT New Zealand)","dominant predecessor Tauranga (2011); 2 predecessor(s); target electors from it 99.7%-100.0%; its electors retained 91.5%-94.5%; tier approximate_two_sided_90_only (electoral-population bounds, not ballots)","NAT incumbent BRIDGES, Simon Joseph recontested (Stage51 continuation)",candidate_change; boundary_change,no,,yes,Crosswalk shows the seat is not identical to its dominant predecessor (see boundary_evidence),,,,,,,,,,,,
nz-general-2014-electorate-53,2014,Te Atatū,"TWYFORD, Philip Stoner (Labour Party, 2011)","NGARO, Alfred","TWYFORD, Philip Stoner","FLETCHER, Stephen James (ACT New Zealand); McDERMOTT, Adrian Gordon (Aotearoa Legalise Cannabis Party); O'ROURKE, Thomas Patrick (Conservative); STEWART, Gary Todd (Green Party); YONG, Christopher Vun Han (Internet Party)","dominant predecessor Te Atatu (2011); 2 predecessor(s); target electors from it 54.1%-66.8%; its electors retained 53.1%-65.5%; tier not_two_sided_90 (electoral-population bounds, not ballots)","LAB incumbent TWYFORD, Philip Stoner recontested (Stage51 continuation)",candidate_change; boundary_change,no,,yes,Crosswalk shows the seat is not identical to its dominant predecessor (see boundary_evidence),,,,,,,,,,,,
nz-general-2014-electorate-54,2014,Tukituki,"FOSS, Craig Raymond Robert (National Party, 2011)","FOSS, Craig","LORCK, Anna Louise","JENKINSON, Stephen (Conservative); LENNOX, Kenneth Duncan (ACT New Zealand); MANNING, Romana Lea (Aotearoa Legalise Cannabis Party); PERLEY, Christopher John Keith (Green Party); RYAN, Richard Francis (Democrats for Social Credit)","dominant predecessor Tukituki (2011); 1 predecessor(s); target electors from it 100.0%; its electors retained 100.0%; tier exact (electoral-population bounds, not ballots)","NAT incumbent FOSS, Craig Raymond Robert recontested (Stage51 continuation)",candidate_change; boundary_change,no,,no,,,,,,,,,,,,,
nz-general-2014-electorate-55,2014,Upper Harbour,"KEY, John Phillip (National Party, 2011)","BENNETT, Paula Lee","RETZLAFF, Hermann Paul","BERRY, Stephen James (ACT New Zealand); BLAIR, Callum Ross (Conservative); MAYNE, Nicholas Robert (Green Party); NGATA, Makelesi Maxine (MANA Movement); TE HAU, Te Hinurewa Ngahiwi Tame Kawe (Māori Party)","dominant predecessor Helensville (2011); 4 predecessor(s); target electors from it 37.8%-46.4%; its electors retained 34.5%-43.1%; tier not_two_sided_90 (electoral-population bounds, not ballots)","Not covered by Stage51 (source-election winner was not National or Labour, or no ledger mapping)",boundary_change,,,yes,Crosswalk shows the seat is not identical to its dominant predecessor (see boundary_evidence),,,,,,,,,,,,
nz-general-2014-electorate-56,2014,Waikato,"TISCH, William Lindsay (National Party, 2011)","TISCH, William Lindsay","GREER, Christine","BURROW, Michael Ian (ACT New Zealand); DOBBS, Brian Raymond (Conservative); RANSOM, Katherine Elizabeth (Democrats for Social Credit); STEWART, Barbara Joy (New Zealand First Party)","dominant predecessor Waikato (2011); 2 predecessor(s); target electors from it 85.7%-91.0%; its electors retained 89.4%-93.8%; tier not_two_sided_90 (electoral-population bounds, not ballots)","NAT incumbent TISCH, William Lindsay recontested (Stage51 continuation)",candidate_change; boundary_change,no,,yes,Crosswalk shows the seat is not identical to its dominant predecessor (see boundary_evidence),,,,,,,,,,,,
nz-general-2014-electorate-57,2014,Waimakariri,"WILKINSON, Catherine Joan (National Party, 2011)","DOOCEY, Matthew Maurice","COSGROVE, Clayton James","ADCOCK-WHITE, Peter Dominic (Democrats for Social Credit); HUNT, Reuben Timothy (Green Party); PRICE, Benjamin Daniel (Conservative); PROSSER, Richard Ivor (New Zealand First Party); RERITI-CROFTS, Aroha Hohipera (Māori Party)","dominant predecessor Waimakariri (2011); 2 predecessor(s); target electors from it 99.2%-99.4%; its electors retained 86.5%-89.4%; tier not_two_sided_90 (electoral-population bounds, not ballots)","NAT retirement: WILKINSON, Catherine Joan -> DOOCEY, Matthew Maurice",candidate_change; boundary_change,yes,Stage51 documented incumbent-party candidate change (see candidate_change_evidence),yes,Crosswalk shows the seat is not identical to its dominant predecessor (see boundary_evidence),,,,,,,,,,,,
nz-general-2014-electorate-58,2014,Wairarapa,"HAYES, John Bernard (National Party, 2011)","SCOTT, Alastair Oliver","McANULTY, Kieran Michael","ATKINSON, Shane (ACT New Zealand); HART, John Stuart (Green Party); MARK, Ron Stanley (New Zealand First Party); REID, Brent Allan (Conservative); SMITH, Rawiri Richard (Māori Party)","dominant predecessor Wairarapa (2011); 1 predecessor(s); target electors from it 100.0%; its electors retained 100.0%; tier exact (electoral-population bounds, not ballots)","NAT retirement: HAYES, John Bernard -> SCOTT, Alastair Oliver [pre_empted_selection_challenge]",candidate_change; boundary_change,yes,Stage51 documented incumbent-party candidate change (see candidate_change_evidence),no,,,,,,,,,,,,,
nz-general-2014-electorate-59,2014,Waitaki,"DEAN, Jacqueline Isobel (National Party, 2011)","DEAN, Jacqueline Isobel","ALEXANDER, Glenda Adele","AUBREY, Donald Andrew (Conservative); COUTTS, Susan Jane (Green Party); VAN WIEREN, Hessel Christiaan (Democrats for Social Credit)","dominant predecessor Waitaki (2011); 1 predecessor(s); target electors from it 100.0%; its electors retained 95.9%-97.1%; tier approximate_two_sided_95 (electoral-population bounds, not ballots)","NAT incumbent DEAN, Jacqueline Isobel recontested (Stage51 continuation)",candidate_change; boundary_change,no,,yes,Crosswalk shows the seat is not identical to its dominant predecessor (see boundary_evidence),,,,,,,,,,,,
nz-general-2014-electorate-60,2014,Wellington Central,"ROBERTSON, Grant Murray (Labour Party, 2011)","FOSTER-BELL, Paul Ayers Robert","ROBERTSON, Grant Murray","BARR, Hugh (New Zealand First Party); GREGORY, Alistair (Aotearoa Legalise Cannabis Party); HOOPER, Brian William (Conservative); KARENA WHUIMAONO, Geoffrey (Independent); KNUCKEY, James Nicholas Ransom (Democrats for Social Credit); ROBINSON, Peter Franklin (Independent); SHAW, James Peter Edward (Green Party); VALENTINE, Callum Nicholas (Internet Party)","dominant predecessor Wellington Central (2011); 1 predecessor(s); target electors from it 100.0%; its electors retained 93.5%-94.7%; tier approximate_two_sided_90_only (electoral-population bounds, not ballots)","LAB incumbent ROBERTSON, Grant Murray recontested (Stage51 continuation)",candidate_change; boundary_change,no,,yes,Crosswalk shows the seat is not identical to its dominant predecessor (see boundary_evidence),,,,,,,,,,,,
nz-general-2014-electorate-61,2014,West Coast-Tasman,"O'CONNOR, Damien Peter (Labour Party, 2011)","PUGH, Maureen Helena","O'CONNOR, Damien Peter","BOOMERT, John Laurence (Money Free Party); HAGUE, Kevin Grant (Green Party); HOLLEY, Claire Margaret (Conservative); SALTER, Peter (Ban1080); WILKINSON, Steven Crawford George (Independent)","dominant predecessor West Coast-Tasman (2011); 1 predecessor(s); target electors from it 100.0%; its electors retained 100.0%; tier exact (electoral-population bounds, not ballots)","LAB incumbent O'CONNOR, Damien Peter recontested (Stage51 continuation)",candidate_change; boundary_change,no,,no,,,,,,,,,,,,,
nz-general-2014-electorate-62,2014,Whanganui,"BORROWS, Kerry James (National Party, 2011)","BORROWS, Kerry James","McDOUALL, Hamish Crichton","DAVIDSON, Alan Daniel (ACT New Zealand); MacINTYRE, Kim Grant (Conservative); SMITH, Heather Marion (Democrats for Social Credit); TUAINE, Nancy Te Urumanao (Māori Party)","dominant predecessor Whanganui (2011); 2 predecessor(s); target electors from it 88.4%-92.2%; its electors retained 93.8%-96.8%; tier not_two_sided_90 (electoral-population bounds, not ballots)","NAT incumbent BORROWS, Kerry James recontested (Stage51 continuation)",candidate_change; boundary_change,no,,yes,Crosswalk shows the seat is not identical to its dominant predecessor (see boundary_evidence),,,,,,,,,,,,
nz-general-2014-electorate-63,2014,Whangarei,"HEATLEY, Philip Reeve (National Party, 2011)","RETI, Shane Raymond","ELLIS, Siobhan Kelly","CURRIN, David Brett (Internet Party); DOHERTY, Paul William (Green Party); GRIEVE, Robin Barrie (ACT New Zealand); KAIPO, Anaru Joseph (Māori Party); KING, Leslie Raymond (Focus New Zealand); LEITCH, Christopher John (Democrats for Social Credit); NIGHTINGALE, Donald Roy (Conservative); PARAONE, Rewiti Pomare Kingi (New Zealand First Party)","dominant predecessor Whangarei (2011); 1 predecessor(s); target electors from it 100.0%; its electors retained 100.0%; tier exact (electoral-population bounds, not ballots)","NAT retirement: HEATLEY, Philip Reeve -> RETI, Shane Raymond",candidate_change; boundary_change,yes,Stage51 documented incumbent-party candidate change (see candidate_change_evidence),no,,,,,,,,,,,,,
nz-general-2014-electorate-64,2014,Wigram,"WOODS, Megan Cherie (Labour Party, 2011)","VARLEY, Karl Daniel","WOODS, Megan Cherie","GRIEVE, Shaun Hayden (ACT New Zealand); HANSEN, Christopher Michael (NZ Economic Euthenics Party); McCLINTOCK, Lois Marie (Internet Party); PETERS, Mark Jonathan (Conservative); PHILLIPS, Te Whe Ariki (Māori Party); RING, John Charles (Democrats for Social Credit); WESLEY, Richard Laurence (Green Party)","dominant predecessor Wigram (2011); 1 predecessor(s); target electors from it 100.0%; its electors retained 86.4%-88.8%; tier not_two_sided_90 (electoral-population bounds, not ballots)","LAB incumbent WOODS, Megan Cherie recontested (Stage51 continuation)",candidate_change; boundary_change,no,,yes,Crosswalk shows the seat is not identical to its dominant predecessor (see boundary_evidence),,,,,,,,,,,,
nz-general-2017-electorate-01,2017,Auckland Central,"KAYE, Nicola Laura (National Party, 2014)","KAYE, Nicola Laura","WHITE, Helen","EDWARDS, Frank Torrens (New Zealand First Party); GREENFIELD, Stephen (Conservative); X, Mika (The Opportunities Party (TOP)); JONES, Leslie Wilson (Climate First); ROCHE, Denise Maree (Green Party); VAN VELDEN, Brooke Olivia (ACT New Zealand)","dominant predecessor Auckland Central (2014); 1 predecessor(s); target electors from it 100.0%; its electors retained 100.0%; tier exact (electoral-population bounds, not ballots)","NAT incumbent KAYE, Nicola Laura recontested (Stage51 continuation)",candidate_change; boundary_change,no,,no,,,,,,,,,,,,,
nz-general-2017-electorate-02,2017,Bay of Plenty,"MULLER, Todd Michael (National Party, 2014)","MULLER, Todd Michael","CLARK, Angela Maree","CURTIS, Raewyn Marcelle (Māori Party); CARLEY, Bruce Leo Benedict (ACT New Zealand); GRAY, Lester (New Zealand First Party)","dominant predecessor Bay of Plenty (2014); 1 predecessor(s); target electors from it 100.0%; its electors retained 100.0%; tier exact (electoral-population bounds, not ballots)","NAT incumbent MULLER, Todd Michael recontested (Stage51 continuation)",candidate_change; boundary_change,no,,no,,,,,,,,,,,,,
nz-general-2017-electorate-03,2017,Botany,"ROSS, Jami-Lee Matenga (National Party, 2014)","ROSS, Jami-Lee Matenga","MAMEDOV, Tofik Shirzad Ogly","KANG, Wetex (Māori Party); LIGHT, Damian Francis (United Future); SINGH, Satnam (ACT New Zealand); ZHU, Changzhen (Julie) (Green Party)","dominant predecessor Botany (2014); 1 predecessor(s); target electors from it 100.0%; its electors retained 100.0%; tier exact (electoral-population bounds, not ballots)","NAT incumbent ROSS, Jami-Lee Matenga recontested (Stage51 continuation)",candidate_change; boundary_change,no,,no,,,,,,,,,,,,,
nz-general-2017-electorate-04,2017,Christchurch Central,"WAGNER, Nicola Joanne (National Party, 2014)","WAGNER, Nicola Joanne","WEBB, Duncan Alexander","GASKIN, Ian Camden (United Future); HILL, Douglas MacMillan (The Opportunities Party (TOP)); RICHARDSON, Peter Ian (Green Party); ROBINSON, Philip John (New Zealand First Party); HERBERT-SHUFFLEBOTHAM, Janine Anne (Aotearoa Legalise Cannabis Party)","dominant predecessor Christchurch Central (2014); 1 predecessor(s); target electors from it 100.0%; its electors retained 100.0%; tier exact (electoral-population bounds, not ballots)","NAT incumbent WAGNER, Nicola Joanne recontested (Stage51 continuation)",candidate_change; boundary_change,no,,no,,,,,,,,,,,,,
nz-general-2017-electorate-05,2017,Christchurch East,"WILLIAMS, Munokoa Poto (Labour Party, 2014)","HAYES, Joanne Kowhai","WILLIAMS, Munokoa Poto","BROSNAN, Christopher Michael (Conservative); LAMBERT, Paula (Aotearoa Legalise Cannabis Party); SHADBOLT, Melanie Jane (New Zealand First Party); SEVERIN, Toni Gae (ACT New Zealand); SWEET, Cathy (Green Party)","dominant predecessor Christchurch East (2014); 1 predecessor(s); target electors from it 100.0%; its electors retained 100.0%; tier exact (electoral-population bounds, not ballots)","LAB incumbent WILLIAMS, Munokoa Poto recontested (Stage51 continuation)",candidate_change; boundary_change,no,,no,,,,,,,,,,,,,
nz-general-2017-electorate-06,2017,Clutha-Southland,"BARCLAY, Todd Keith (National Party, 2014)","WALKER, Hamish Richard","CHAPMAN, Cherie Joy","ADAMS, Brian Alan (Ban1080); ASHTON, Stuart Lachlan (Conservative); GOLDSMITH, Rachael Louise (Green Party); PATTERSON, Mark William James (New Zealand First Party); STRINGER, Joseph Daniel (Independent)","dominant predecessor Clutha-Southland (2014); 1 predecessor(s); target electors from it 100.0%; its electors retained 100.0%; tier exact (electoral-population bounds, not ballots)","NAT retirement: BARCLAY, Todd Keith -> WALKER, Hamish Richard [scandal_context]",candidate_change; boundary_change; scandal,yes,Stage51 documented incumbent-party candidate change (see candidate_change_evidence),no,,yes,Stage51 tags: scandal_context,,,,,,,,,,
nz-general-2017-electorate-07,2017,Coromandel,"SIMPSON, Scott Anthony (National Party, 2014)","SIMPSON, Scott Anthony","BLOMFIELD, Nathaniel James","ANDREWS, Anne-Marie Jane (New Zealand First Party); GRAF, Clyde (Ban1080); SUMMERFIELD, Scott (Green Party)","dominant predecessor Coromandel (2014); 1 predecessor(s); target electors from it 100.0%; its electors retained 100.0%; tier exact (electoral-population bounds, not ballots)","NAT incumbent SIMPSON, Scott Anthony recontested (Stage51 continuation)",candidate_change; boundary_change,no,,no,,,,,,,,,,,,,
nz-general-2017-electorate-08,2017,Dunedin North,"CLARK, David Scott (Labour Party, 2014)","WOODHOUSE, Michael Allan","CLARK, David Scott","BOULD, Nicola Louise (Green Party); GRAAMANS, Adrian Daegal (Independent); GRAY, Abraham Grabriel (The Opportunities Party (TOP)); LUSBY, Stanley Richard (Independent); PURCHAS, Samuel Baird (ACT New Zealand); VOIGHT, Warren Raymond (New Zealand First Party)","dominant predecessor Dunedin North (2014); 1 predecessor(s); target electors from it 100.0%; its electors retained 100.0%; tier exact (electoral-population bounds, not ballots)","LAB incumbent CLARK, David Scott recontested (Stage51 continuation)",candidate_change; boundary_change,no,,no,,,,,,,,,,,,,
nz-general-2017-electorate-09,2017,Dunedin South,"CURRAN, Clare Elizabeth (Labour Party, 2014)","GREGORY, Matthew Paul","CURRAN, Clare Elizabeth","DOUGHTY, Daniel Scott (ACT New Zealand); MONTAGUE-GALLAGHER, Shane Anthony (Green Party); McDERMOTT, Adrian Gordon (Aotearoa Legalise Cannabis Party); RUSHTON, Kerry Maria (New Zealand First Party); SMITH, Lindsay James (The Opportunities Party (TOP))","dominant predecessor Dunedin South (2014); 1 predecessor(s); target electors from it 100.0%; its electors retained 100.0%; tier exact (electoral-population bounds, not ballots)","LAB incumbent CURRAN, Clare Elizabeth recontested (Stage51 continuation)",candidate_change; boundary_change,no,,no,,,,,,,,,,,,,
nz-general-2017-electorate-10,2017,East Coast,"TOLLEY, Anne Merrilyn (National Party, 2014)","TOLLEY, Anne","ALLAN, Kiri Lyndsay","HUGHES, Gareth Thomas Llewellyn (Green Party); IMMINK, Lesley Nerida (The Opportunities Party (TOP)); RATU, Tekawe Terence (Independent); TILLEY, Julian (New Zealand First Party); VERCOE, Rihi (Māori Party)","dominant predecessor East Coast (2014); 1 predecessor(s); target electors from it 100.0%; its electors retained 100.0%; tier exact (electoral-population bounds, not ballots)","NAT incumbent TOLLEY, Anne Merrilyn recontested (Stage51 continuation)",candidate_change; boundary_change,no,,no,,,,,,,,,,,,,
nz-general-2017-electorate-11,2017,East Coast Bays,"McCULLY, Murray Stuart (National Party, 2014)","STANFORD, Erica","CHEN, Naisi","BERRY, Stephen James (ACT New Zealand); MAYNE, Nicholas Robert (Green Party); MOORE, Teresa (The Opportunities Party (TOP)); RUPPELDT, Ilja (New Zealand First Party)","dominant predecessor East Coast Bays (2014); 1 predecessor(s); target electors from it 100.0%; its electors retained 100.0%; tier exact (electoral-population bounds, not ballots)","NAT retirement: McCULLY, Murray Stuart -> STANFORD, Erica",candidate_change; boundary_change,yes,Stage51 documented incumbent-party candidate change (see candidate_change_evidence),no,,,,,,,,,,,,,
nz-general-2017-electorate-12,2017,Epsom,"SEYMOUR, David Breen (ACT New Zealand, 2014)","GOLDSMITH, Paul","PARKER, David William","BAKER, Leighton (Conservative); COATES, Robert (Green Party); PAUL, Julian Jonathan Rangi (New Zealand First Party); SEYMOUR, David Breen (ACT New Zealand)","dominant predecessor Epsom (2014); 1 predecessor(s); target electors from it 100.0%; its electors retained 100.0%; tier exact (electoral-population bounds, not ballots)","Not covered by Stage51 (source-election winner was not National or Labour, or no ledger mapping)",boundary_change,,,no,,,,,,,,,,,,,
nz-general-2017-electorate-13,2017,Hamilton East,"BENNETT, David Allister (National Party, 2014)","BENNETT, David Allister","STRANGE, Jamie Ross","GIELEN, Jacobus Martin (Republic of New Zealand Party); McDOWALL, James Samuel (ACT New Zealand); PARAONE, Rewiti Pomare Kingi (New Zealand First Party); TAYLOR, Samantha Annie Elizabeth (Green Party)","dominant predecessor Hamilton East (2014); 1 predecessor(s); target electors from it 100.0%; its electors retained 100.0%; tier exact (electoral-population bounds, not ballots)","NAT incumbent BENNETT, David Allister recontested (Stage51 continuation)",candidate_change; boundary_change,no,,no,,,,,,,,,,,,,
nz-general-2017-electorate-14,2017,Hamilton West,"MACINDOE, Timothy Harley (National Party, 2014)","MACINDOE, Timothy Harley","SHARMA, Gaurav Mrinal","POKERE-PHILLIPS, Donna (The Opportunities Party (TOP)); SAMUJH, Boris Puran Ram (Māori Party); STRATFORD, Roger Andrew (Independent); TODD, Quentin Gregory (United Future); TOMAR, Vin (Independent); WIHONGI, Shayne Mark (New Zealand First Party); WRIGLEY, Joanne Mary (Green Party)","dominant predecessor Hamilton West (2014); 1 predecessor(s); target electors from it 100.0%; its electors retained 100.0%; tier exact (electoral-population bounds, not ballots)","NAT incumbent MACINDOE, Timothy Harley recontested (Stage51 continuation)",candidate_change; boundary_change,no,,no,,,,,,,,,,,,,
nz-general-2017-electorate-15,2017,Helensville,"KEY, John Phillip (National Party, 2014)","PENK, Christopher Aidan","TAOGAGA, Kurtis George Tafua'upolu Apelu Tuimaseve","EVANS, Alexander Mark (ACT New Zealand); HOLT, Hayley Doreen (Green Party); PETERSON, Helen Jane (New Zealand First Party); WHYTE, Brendan Richard (Conservative)","dominant predecessor Helensville (2014); 1 predecessor(s); target electors from it 100.0%; its electors retained 100.0%; tier exact (electoral-population bounds, not ballots)","NAT resignation_before_election: KEY, John Phillip -> PENK, Christopher Aidan [prime_minister]",candidate_change; boundary_change,yes,Stage51 documented incumbent-party candidate change (see candidate_change_evidence),no,,,,,,,,,,,,,
nz-general-2017-electorate-16,2017,Hunua,"BAYLY, Andrew Henry (National Party, 2014)","BAYLY, Andrew","KAUR, Baljit","CUMMINGS, Ian James (Independent); McCABE, Phillip Harold (Green Party); REEVES, Jon (New Zealand First Party); SMITH, Anthony James (ACT New Zealand)","dominant predecessor Hunua (2014); 1 predecessor(s); target electors from it 100.0%; its electors retained 100.0%; tier exact (electoral-population bounds, not ballots)","NAT incumbent BAYLY, Andrew Henry recontested (Stage51 continuation)",candidate_change; boundary_change,no,,no,,,,,,,,,,,,,
nz-general-2017-electorate-17,2017,Hutt South,"MALLARD, Trevor Colin (Labour Party, 2014)","BISHOP, Christopher","ANDERSEN, Virginia Ruby","BEARMAN-RIEDEL, Wilfred Arthur (NZ Outdoors Party); FOX, Dorothy Frances (Independent); GUPTA, Alok (New Zealand First Party); HORROCKS, Virginia Jacqueline Ormond (Green Party); PARKINS, Andrew John (ACT New Zealand); WARWICK, Richard Terence (The Opportunities Party (TOP))","dominant predecessor Hutt South (2014); 1 predecessor(s); target electors from it 100.0%; its electors retained 100.0%; tier exact (electoral-population bounds, not ballots)","LAB retirement: MALLARD, Trevor Colin -> ANDERSEN, Virginia Ruby [list_only]",candidate_change; boundary_change,yes,Stage51 documented incumbent-party candidate change (see candidate_change_evidence),no,,,,,,,,,,,,,
nz-general-2017-electorate-18,2017,Ilam,"BROWNLEE, Gerard Anthony (National Party, 2014)","BROWNLEE, Gerard Anthony","RIMELL, Anthony Peter","FRANCIS, Martin Thomas (Independent); FRAUENSTEIN, Martin Victor (Conservative); GILBERT, Paul (ACT New Zealand); LEE, David (Green Party); MANJI, Raf Alfred (Independent)","dominant predecessor Ilam (2014); 1 predecessor(s); target electors from it 100.0%; its electors retained 100.0%; tier exact (electoral-population bounds, not ballots)","NAT incumbent BROWNLEE, Gerard Anthony recontested (Stage51 continuation)",candidate_change; boundary_change,no,,no,,,,,,,,,,,,,
nz-general-2017-electorate-19,2017,Invercargill,"DOWIE, Sarah Maree (National Party, 2014)","DOWIE, Sarah Maree","CRAIG, Elizabeth Dorothy","BOND, Ria Iris Daphne (New Zealand First Party); SURENDRAN, Rochelle Monique (Green Party)","dominant predecessor Invercargill (2014); 1 predecessor(s); target electors from it 100.0%; its electors retained 100.0%; tier exact (electoral-population bounds, not ballots)","NAT incumbent DOWIE, Sarah Maree recontested (Stage51 continuation)",candidate_change; boundary_change,no,,no,,,,,,,,,,,,,
nz-general-2017-electorate-20,2017,Kaikōura,"SMITH, Stuart Tayler (National Party, 2014)","SMITH, Stuart Tayler","WALKER, Janette Florence","ARBUCKLE, Jamie Arthur (New Zealand First Party); EVANS, Richard Warwick (ACT New Zealand); FOSTER, John Truman (United Future); GREENSLADE, David (Conservative); McCASKEY, John Stuart James (Democrats for Social Credit); McCUBBIN, Richard Anthony (Green Party); OSMASTON, Charlotte Isabel (Money Free Party)","dominant predecessor Kaikōura (2014); 1 predecessor(s); target electors from it 100.0%; its electors retained 100.0%; tier exact (electoral-population bounds, not ballots)","NAT incumbent SMITH, Stuart Tayler recontested (Stage51 continuation)",candidate_change; boundary_change,no,,no,,,,,,,,,,,,,
nz-general-2017-electorate-21,2017,Kelston,"SEPULONI, Carmel Jean (Labour Party, 2014)","BEERAM, Bala Venu Gopal Reddy","SEPULONI, Carmel Jean","PALA, Ainul Nisha (New Zealand First Party); KNOTT, Warren Bernard (Conservative); LYE, Jeffrey Eric (Aotearoa Legalise Cannabis Party); SMITH, Nicola Rose (Green Party); WHITLOCK, Jannie Cinnamon (Māori Party)","dominant predecessor Kelston (2014); 1 predecessor(s); target electors from it 100.0%; its electors retained 100.0%; tier exact (electoral-population bounds, not ballots)","LAB incumbent SEPULONI, Carmel Jean recontested (Stage51 continuation)",candidate_change; boundary_change,no,,no,,,,,,,,,,,,,
nz-general-2017-electorate-22,2017,Mana,"FAAFOI, Kristopher (Labour Party, 2014)","MURRELL, Euon Graham","FAAFOI, Kristopher","GOODE, Richard Simon (NAP); LOGIE, Heather Janet (Green Party); MARSHALL, Gordon Clint (Independent); NG, Shan Shan (ACT New Zealand); SHEFFIELD-CRANSTOUN, Kelleigh (United Future)","dominant predecessor Mana (2014); 1 predecessor(s); target electors from it 100.0%; its electors retained 100.0%; tier exact (electoral-population bounds, not ballots)","LAB incumbent FAAFOI, Kristopher recontested (Stage51 continuation)",candidate_change; boundary_change,no,,no,,,,,,,,,,,,,
nz-general-2017-electorate-23,2017,Māngere,"SIO, Sua William (Labour Party, 2014)","LOHENI, Akenese Loreta","SIO, Sua Viliamu","COGGAN, Felicity Jane (Communist League); DYETT, Elaine Marie (Green Party); PAPALI'I, James Philip (MANA); PARORO, Mataroa (New Zealand First Party); STITT, Kevin Eric (Conservative); TOFILAU-TEVAGA, Esther (Māori Party)","dominant predecessor Māngere (2014); 1 predecessor(s); target electors from it 100.0%; its electors retained 100.0%; tier exact (electoral-population bounds, not ballots)","LAB incumbent SIO, Sua William recontested (Stage51 continuation)",candidate_change; boundary_change,no,,no,,,,,,,,,,,,,
nz-general-2017-electorate-24,2017,Manukau East,"SALESA, Jennifer Teresia (Labour Party, 2014)","BAKSHI, Kanwaljit Singh","SALESA, Jennifer Teresia","ESERA, Saipele (Māori Party); FLESHER, William (New Zealand First Party); JOHNSTON, Edward George Tanu Faleauto (The Opportunities Party (TOP)); RICHMOND, Tamatoa (Independent); SINGH, Bhupinder (ACT New Zealand); SINGH, Raj (Green Party)","dominant predecessor Manukau East (2014); 1 predecessor(s); target electors from it 100.0%; its electors retained 100.0%; tier exact (electoral-population bounds, not ballots)","LAB incumbent SALESA, Jennifer Teresia recontested (Stage51 continuation)",candidate_change; boundary_change,no,,no,,,,,,,,,,,,,
nz-general-2017-electorate-25,2017,Manurewa,"WALL, Louisa Hareruia (Labour Party, 2014)","BUNGARD, Katrina","WALL, Louisa Hareruia","HALL, John Harold (New Zealand First Party); HOHAIA, Kim-Sara Hope (Māori Party); IKILEI, Elliot Ewen Pasione (Conservative); TUIONO, Teanau (Green Party)","dominant predecessor Manurewa (2014); 1 predecessor(s); target electors from it 100.0%; its electors retained 100.0%; tier exact (electoral-population bounds, not ballots)","LAB incumbent WALL, Louisa Hareruia recontested (Stage51 continuation)",candidate_change; boundary_change,no,,no,,,,,,,,,,,,,
nz-general-2017-electorate-26,2017,Maungakiekie,"LOTU-IIGA, Peseta Samuelu Masunu (National Party, 2014)","LEE, Denise Adrienne","RADHAKRISHNAN, Priyanca","LUA, Manase (Māori Party); MAHON, Kenneth David (New Zealand First Party); PAULL, Derrick (NZ Outdoors Party); SWARBRICK, Chlöe Charlotte (Green Party); TUCKER, Michael Andrew (Communist League)","dominant predecessor Maungakiekie (2014); 1 predecessor(s); target electors from it 100.0%; its electors retained 100.0%; tier exact (electoral-population bounds, not ballots)","NAT retirement: LOTU-IIGA, Peseta Samuelu Masunu -> LEE, Denise Adrienne",candidate_change; boundary_change,yes,Stage51 documented incumbent-party candidate change (see candidate_change_evidence),no,,,,,,,,,,,,,
nz-general-2017-electorate-27,2017,Mt Albert,"SHEARER, David James (Labour Party, 2014)","LEE, Melissa Ji-Yun","ARDERN, Jacinda Kate Laurell","GENTER, Julie Anne (Green Party); JOHNSON, Jeffrey Alan (Conservative); LITTLEJOHN, Andrew McGregor (New Zealand First Party); STOCKMAN, Bruce (Independent); THURSTON, Daniel George (The Opportunities Party (TOP)); VAN DEN HEUVEL, Anthony Joseph James (Human Rights Party)","dominant predecessor Mt Albert (2014); 1 predecessor(s); target electors from it 100.0%; its electors retained 100.0%; tier exact (electoral-population bounds, not ballots)","LAB by_election_succession: SHEARER, David James -> ARDERN, Jacinda Kate Laurell [international_appointment, resignation_mid_term]",candidate_change; boundary_change,yes,Stage51 documented incumbent-party candidate change (see candidate_change_evidence),no,,,,,,,,,,,,,
nz-general-2017-electorate-28,2017,Mt Roskill,"GOFF, Philip Bruce (Labour Party, 2014)","PARMAR, Kushmiita Parmjeet Kaur","WOOD, Michael Philip","BINDRA, Mahesh (New Zealand First Party); DAVIE, Kathryn Mary (Conservative); IZADEEN, Bishrul Hafi Ameer (Independent); KIRIA, Tutaeeva John (Māori Party); LEITCH, Andrew Simon (Democrats for Social Credit); MENENDEZ MARCH, Ricardo (Green Party); ULYATT, Clinton Mark (The Opportunities Party (TOP))","dominant predecessor Mt Roskill (2014); 1 predecessor(s); target electors from it 100.0%; its electors retained 100.0%; tier exact (electoral-population bounds, not ballots)","LAB by_election_succession: GOFF, Philip Bruce -> WOOD, Michael Philip [local_government_office, resignation_mid_term]",candidate_change; boundary_change,yes,Stage51 documented incumbent-party candidate change (see candidate_change_evidence),no,,,,,,,,,,,,,
nz-general-2017-electorate-29,2017,Napier,"NASH, Stuart Alexander (Labour Party, 2014)","ELLIOTT, David Shawn","NASH, Stuart Alexander","DAY, Laurence John William (Conservative); MARSTERS, Maryanne (Māori Party); MATTHYS, Jan Karel Cornelis (Democrats for Social Credit); RUSDEN, Damon (Green Party)","dominant predecessor Napier (2014); 1 predecessor(s); target electors from it 100.0%; its electors retained 100.0%; tier exact (electoral-population bounds, not ballots)","LAB incumbent NASH, Stuart Alexander recontested (Stage51 continuation)",candidate_change; boundary_change,no,,no,,,,,,,,,,,,,
nz-general-2017-electorate-30,2017,Nelson,"SMITH, Nick (National Party, 2014)","SMITH, Nick","BOYACK-MAYER, Rachel Elizabeth","GUTSCHLAG, Simon Nigel (Conservative); HAYNES, David Anthony (NZ Outdoors Party); HUFFLETT, Paul Charles (ACT New Zealand); LAWREY, Matthew (Green Party); OSMASTON, Richard Francis (Money Free Party); SARA, Susan Margaret (New Zealand First Party)","dominant predecessor Nelson (2014); 1 predecessor(s); target electors from it 100.0%; its electors retained 100.0%; tier exact (electoral-population bounds, not ballots)","NAT incumbent SMITH, Nick recontested (Stage51 continuation)",candidate_change; boundary_change,no,,no,,,,,,,,,,,,,
nz-general-2017-electorate-31,2017,New Lynn,"CUNLIFFE, David Richard (Labour Party, 2014)","GARCIA, Paulo Reyes","RUSSELL, Deborah Faye","CHAN, Man Fai Peter (New Zealand First Party); DAVIE, Paul Clifford (Conservative); HUBSCHER, John Mervin (United Future); MacARTHUR, Scott Andrew (Democrats for Social Credit); TAMU, Leilani Leafaitulagi Grace (Green Party); WELLS, Richard John (ACT New Zealand); WILLIAMS, Karen (Māori Party)","dominant predecessor New Lynn (2014); 1 predecessor(s); target electors from it 100.0%; its electors retained 100.0%; tier exact (electoral-population bounds, not ballots)","LAB resignation_before_election: CUNLIFFE, David Richard -> RUSSELL, Deborah Faye [announced_retirement]",candidate_change; boundary_change,yes,Stage51 documented incumbent-party candidate change (see candidate_change_evidence),no,,,,,,,,,,,,,
nz-general-2017-electorate-32,2017,New Plymouth,"YOUNG, Jonathan Edgar Joseph (National Party, 2014)","YOUNG, Jonathan Edgar Joseph","HADDOCK, Corie Jon","BRAMHALL, Stuart Jeanne (Green Party); CARLSON, Anneka Joyce (ACT New Zealand); CHONG, Murray Brian (New Zealand First Party); LAWRENCE, Basil (Independent)","dominant predecessor New Plymouth (2014); 1 predecessor(s); target electors from it 100.0%; its electors retained 100.0%; tier exact (electoral-population bounds, not ballots)","NAT incumbent YOUNG, Jonathan Edgar Joseph recontested (Stage51 continuation)",candidate_change; boundary_change,no,,no,,,,,,,,,,,,,
nz-general-2017-electorate-33,2017,North Shore,"BARRY, Margaret Mary (National Party, 2014)","BARRY, Margaret Mary","UDANGA, Romeo","CLEMENTS, Miriam Jenny Helen (The Logic Party); HUBBARD, Joshua Lee (New Zealand First Party); ISBISTER, Matthew Robert (The Opportunities Party (TOP)); KEARNEY, Nicholas Norman (ACT New Zealand)","dominant predecessor North Shore (2014); 1 predecessor(s); target electors from it 100.0%; its electors retained 100.0%; tier exact (electoral-population bounds, not ballots)","NAT incumbent BARRY, Margaret Mary recontested (Stage51 continuation)",candidate_change; boundary_change,no,,no,,,,,,,,,,,,,
nz-general-2017-electorate-34,2017,Northcote,"COLEMAN, Jonathan David (National Party, 2014)","COLEMAN, Jonathan","HALBERT, Shanan Kiritea","CHEEL, Patricia (Democrats for Social Credit); JAUNG, Rebekah (Green Party); BEEHRE, Kym Elizabeth (New Zealand First Party); KRONFELD, Timothy Paul (ACT New Zealand)","dominant predecessor Northcote (2014); 1 predecessor(s); target electors from it 100.0%; its electors retained 100.0%; tier exact (electoral-population bounds, not ballots)","NAT incumbent COLEMAN, Jonathan David recontested (Stage51 continuation)",candidate_change; boundary_change,no,,no,,,,,,,,,,,,,
nz-general-2017-electorate-35,2017,Northland,"SABIN, Michael Lewis (National Party, 2014)","KING, Ronald Matthew","PRIME, Willow-Jean","HUGHES, Peter Michael (Green Party); NELSON, Craig Michael (ACT New Zealand); PETERS, Winston Raymond (New Zealand First Party); TAYLOR, Melanie Jane (Conservative)","dominant predecessor Northland (2014); 1 predecessor(s); target electors from it 100.0%; its electors retained 100.0%; tier exact (electoral-population bounds, not ballots)","NAT by_election_party_change: SABIN, Michael Lewis -> KING, Ronald Matthew [resignation_mid_term, seat_changed_party_mid_term, unusual_third_party_environment]",candidate_change; boundary_change,yes,Stage51 documented incumbent-party candidate change (see candidate_change_evidence),no,,,,,,,,,,,,,
nz-general-2017-electorate-36,2017,Ōhāriu,"DUNNE, Peter Francis (United Future, 2014)","HUDSON, Brett John","O'CONNOR, Gregory Eamon","CLOSE, Lisa Susan (New Zealand First Party); DOUBE, Jessica Jane (The Opportunities Party (TOP)); MOORE, Andrew James (ACT New Zealand); NADAKUITAVUKI, Baleikasavu Gunumaibau (United Future); WOODLEY, Tane Hohepa (Green Party)","dominant predecessor Ōhāriu (2014); 1 predecessor(s); target electors from it 100.0%; its electors retained 100.0%; tier exact (electoral-population bounds, not ballots)","Not covered by Stage51 (source-election winner was not National or Labour, or no ledger mapping)",boundary_change,,,no,,,,,,,,,,,,,
nz-general-2017-electorate-37,2017,Ōtaki,"GUY, Allen Nathan (National Party, 2014)","GUY, Allen Nathan","McCANN, Robert Eric","FERGUSON, Samuel David (Green Party); GRATTAN, Wayne Desmond (ACT New Zealand); JENNINGS, Samuel John Robert (Independent); RUDZKI, Romuald Edward (New Zealand First Party); TUKAPUA, Piri-Hira Josephine (The Opportunities Party (TOP))","dominant predecessor Ōtaki (2014); 1 predecessor(s); target electors from it 100.0%; its electors retained 100.0%; tier exact (electoral-population bounds, not ballots)","NAT incumbent GUY, Allen Nathan recontested (Stage51 continuation)",candidate_change; boundary_change,no,,no,,,,,,,,,,,,,
nz-general-2017-electorate-38,2017,Pakuranga,"WILLIAMSON, Maurice Donald (National Party, 2014)","BROWN, Simeon Peter","KIRKER, Barry Eric","HUNT, Guy (Green Party); KELLY, Suzanne Maree (New Zealand First Party); STODDART-SMITH, Carrie Sandra Leigh (Māori Party)","dominant predecessor Pakuranga (2014); 1 predecessor(s); target electors from it 100.0%; its electors retained 100.0%; tier exact (electoral-population bounds, not ballots)","NAT retirement: WILLIAMSON, Maurice Donald -> BROWN, Simeon Peter",candidate_change; boundary_change,yes,Stage51 documented incumbent-party candidate change (see candidate_change_evidence),no,,,,,,,,,,,,,
nz-general-2017-electorate-39,2017,Palmerston North,"LEES-GALLOWAY, Iain Francis (Labour Party, 2014)","PIERCE, Adrienne Lynette","LEES-GALLOWAY, Iain Francis","ANDREW, Scott (Money Free Party); BALL, Darroch Leicester (New Zealand First Party); NASH, Thomas (Green Party)","dominant predecessor Palmerston North (2014); 1 predecessor(s); target electors from it 100.0%; its electors retained 100.0%; tier exact (electoral-population bounds, not ballots)","LAB incumbent LEES-GALLOWAY, Iain Francis recontested (Stage51 continuation)",candidate_change; boundary_change,no,,no,,,,,,,,,,,,,
nz-general-2017-electorate-40,2017,Papakura,"COLLINS, Judith Anne (National Party, 2014)","COLLINS, Judith Anne","PABLA, Jesse","BHANA, Raewyn (Māori Party); GREENING, Tiri Toa ote Rangi Cornelius Thomas (New Zealand First Party)","dominant predecessor Papakura (2014); 1 predecessor(s); target electors from it 100.0%; its electors retained 100.0%; tier exact (electoral-population bounds, not ballots)","NAT incumbent COLLINS, Judith Anne recontested (Stage51 continuation)",candidate_change; boundary_change,no,,no,,,,,,,,,,,,,
nz-general-2017-electorate-41,2017,Port Hills,"DYSON, Ruth Suzanne (Labour Party, 2014)","KORAKO, Tutehounuku","DYSON, Ruth Suzanne","FOX, David Owen (ACT New Zealand); GRIBBEN, Gary James (Democrats for Social Credit); O'ROURKE, Denis John (New Zealand First Party); SAGE, Eugenie (Green Party)","dominant predecessor Port Hills (2014); 1 predecessor(s); target electors from it 100.0%; its electors retained 100.0%; tier exact (electoral-population bounds, not ballots)","LAB incumbent DYSON, Ruth Suzanne recontested (Stage51 continuation)",candidate_change; boundary_change,no,,no,,,,,,,,,,,,,
nz-general-2017-electorate-42,2017,Rangitata,"GOODHEW, Joanne Gay (National Party, 2014)","FALLOON, Andrew Hamilton","LUXTON, Jo-Anne Marie","CORBETT, Thomas Frederick (ACT New Zealand); MATHERS, Mojo Celeste (Green Party); WILSON, Oliver (The Opportunities Party (TOP))","dominant predecessor Rangitata (2014); 1 predecessor(s); target electors from it 100.0%; its electors retained 100.0%; tier exact (electoral-population bounds, not ballots)","NAT retirement: GOODHEW, Joanne Gay -> FALLOON, Andrew Hamilton [dropped_from_cabinet]",candidate_change; boundary_change,yes,Stage51 documented incumbent-party candidate change (see candidate_change_evidence),no,,,,,,,,,,,,,
nz-general-2017-electorate-43,2017,Rangitīkei,"McKELVIE, Ian Robert Flockhart (National Party, 2014)","McKELVIE, Ian Robert Flockhart","WARREN, Heather Anne","BACKHOUSE, Cedric Anthony Alexander (Conservative); McCANDLESS, Robin Campbell (Green Party); STEVENSON, Robert Gregory (New Zealand First Party); WILSON, Neil John (ACT New Zealand)","dominant predecessor Rangitīkei (2014); 1 predecessor(s); target electors from it 100.0%; its electors retained 100.0%; tier exact (electoral-population bounds, not ballots)","NAT incumbent McKELVIE, Ian Robert Flockhart recontested (Stage51 continuation)",candidate_change; boundary_change,no,,no,,,,,,,,,,,,,
nz-general-2017-electorate-44,2017,Rimutaka,"HIPKINS, Christopher John (Labour Party, 2014)","O'FALLON, Carolyn Elizabeth","HIPKINS, Christopher John","GRAND-MEYER, Stefan (Green Party); LYNCH, Philip Michael (Conservative); MEIKLE, Talani Cavelle (New Zealand First Party); O'SULLIVAN, Graeme Arthur (ACT New Zealand)","dominant predecessor Rimutaka (2014); 1 predecessor(s); target electors from it 100.0%; its electors retained 100.0%; tier exact (electoral-population bounds, not ballots)","LAB incumbent HIPKINS, Christopher John recontested (Stage51 continuation)",candidate_change; boundary_change,no,,no,,,,,,,,,,,,,
nz-general-2017-electorate-45,2017,Rodney,"MITCHELL, Mark Patrick (National Party, 2014)","MITCHELL, Mark Patrick","LUBECK, Maria Josina Elisabeth","BURNARD, Harrison James Dermott (Green Party); MARTIN, Tracey Anne (New Zealand First Party); OWENS, Brittany Grace (The Opportunities Party (TOP))","dominant predecessor Rodney (2014); 1 predecessor(s); target electors from it 100.0%; its electors retained 100.0%; tier exact (electoral-population bounds, not ballots)","NAT incumbent MITCHELL, Mark Patrick recontested (Stage51 continuation)",candidate_change; boundary_change,no,,no,,,,,,,,,,,,,
nz-general-2017-electorate-46,2017,Rongotai,"KING, Annette Faye (Labour Party, 2014)","FINLAYSON, Christopher Francis","EAGLE, Tahere Paul","CROSSEN, Teall (Green Party); MILLS, Geoffrey John (New Zealand First Party); PLUNKET, Paddy Lesley (The Opportunities Party (TOP)); SMYTHE, Simon Colin (NAP); SOLE, Christopher James (ACT New Zealand); WELSH, Bruce Alexander (Conservative)","dominant predecessor Rongotai (2014); 1 predecessor(s); target electors from it 100.0%; its electors retained 100.0%; tier exact (electoral-population bounds, not ballots)","LAB retirement: KING, Annette Faye -> EAGLE, Tahere Paul",candidate_change; boundary_change,yes,Stage51 documented incumbent-party candidate change (see candidate_change_evidence),no,,,,,,,,,,,,,
nz-general-2017-electorate-47,2017,Rotorua,"McCLAY, Todd Michael (National Party, 2014)","McCLAY, Todd Michael","SANDFORD, Ben","BIDDLE, Wendy Joan Aroha (Māori Party); HODGKINSON, Rachel Ann (Independent); GILLIES, Richard Sinclair (Green Party); PATTERSON, Owen Jack (Conservative); TABUTEAU, Fletcher Hoporona (New Zealand First Party)","dominant predecessor Rotorua (2014); 1 predecessor(s); target electors from it 100.0%; its electors retained 100.0%; tier exact (electoral-population bounds, not ballots)","NAT incumbent McCLAY, Todd Michael recontested (Stage51 continuation)",candidate_change; boundary_change,no,,no,,,,,,,,,,,,,
nz-general-2017-electorate-48,2017,Selwyn,"ADAMS, Amy Juliet (National Party, 2014)","ADAMS, Amy Juliet","CONDON, Tony Martin","DAVIDSON, Brian Matthew (ACT New Zealand); HORN, Chrys Marie Isabelle (Green Party); PALMER, Lindy Michelle (New Zealand First Party); SNOYINK, Nicola (The Opportunities Party (TOP))","dominant predecessor Selwyn (2014); 1 predecessor(s); target electors from it 100.0%; its electors retained 100.0%; tier exact (electoral-population bounds, not ballots)","NAT incumbent ADAMS, Amy Juliet recontested (Stage51 continuation)",candidate_change; boundary_change,no,,no,,,,,,,,,,,,,
nz-general-2017-electorate-49,2017,Tāmaki,"O'CONNOR, Simon (National Party, 2014)","O'CONNOR, Simon David","McDONALD, Samuel James","BRIGHT, Penelope Mary (Independent); LECKINGER, Richard (Green Party); MARCROFT, Jennifer Lyn (New Zealand First Party); MILNE, Michael John (ACT New Zealand); PEPA, Mele (Māori Party)","dominant predecessor Tāmaki (2014); 1 predecessor(s); target electors from it 100.0%; its electors retained 100.0%; tier exact (electoral-population bounds, not ballots)","NAT incumbent O'CONNOR, Simon recontested (Stage51 continuation)",candidate_change; boundary_change,no,,no,,,,,,,,,,,,,
nz-general-2017-electorate-50,2017,Taranaki-King Country,"KURIGER, Barbara Joan (National Party, 2014)","KURIGER, Barbara Joan","HUMPHREY, Hilary Jane Hammonds","MOORE, Robert Bruce (Green Party); THOMSON, Allan George Robin (Conservative)","dominant predecessor Taranaki-King Country (2014); 1 predecessor(s); target electors from it 100.0%; its electors retained 100.0%; tier exact (electoral-population bounds, not ballots)","NAT incumbent KURIGER, Barbara Joan recontested (Stage51 continuation)",candidate_change; boundary_change,no,,no,,,,,,,,,,,,,
nz-general-2017-electorate-51,2017,Taupō,"UPSTON, Louise Claire (National Party, 2014)","UPSTON, Louise Claire","AL-BUSTANJI, Ala' Mahmoud Salameh","SANDILANDS, Julie (Green Party); SHUKER, Denis William (Conservative); SIMMONS, Alan Frank (NZ Outdoors Party)","dominant predecessor Taupō (2014); 1 predecessor(s); target electors from it 100.0%; its electors retained 100.0%; tier exact (electoral-population bounds, not ballots)","NAT incumbent UPSTON, Louise Claire recontested (Stage51 continuation)",candidate_change; boundary_change,no,,no,,,,,,,,,,,,,
nz-general-2017-electorate-52,2017,Tauranga,"BRIDGES, Simon Joseph (National Party, 2014)","BRIDGES, Simon Joseph","TINETTI, Janette Rose","BORELL, Joseph James (Māori Party); HODGE, Emma-Leigh (Green Party); JOBSIS, Jason Mark (Democrats for Social Credit); BLACKTOPP, Russell Kane (Independent); LAMARE, Yvette Nora (Independent); MITCHELL, Clayton Robert Henry (New Zealand First Party); PEDERSEN, Stuart John (ACT New Zealand); RICKARD, Benjamin John Cranswick (United Future); ROBB, Hugh Elliot (Independent)","dominant predecessor Tauranga (2014); 1 predecessor(s); target electors from it 100.0%; its electors retained 100.0%; tier exact (electoral-population bounds, not ballots)","NAT incumbent BRIDGES, Simon Joseph recontested (Stage51 continuation)",candidate_change; boundary_change,no,,no,,,,,,,,,,,,,
nz-general-2017-electorate-53,2017,Te Atatū,"TWYFORD, Philip Stoner (Labour Party, 2014)","NGARO, Alfred","TWYFORD, Philip Stoner","FLETCHER, Stephen James (ACT New Zealand); GHAHRAMAN, Golriz (Green Party); JOHNSON, Marilyn Dawn (Conservative); SCHUSTER, Motootua (Independent); WILSON, David Ashley (New Zealand First Party)","dominant predecessor Te Atatū (2014); 1 predecessor(s); target electors from it 100.0%; its electors retained 100.0%; tier exact (electoral-population bounds, not ballots)","LAB incumbent TWYFORD, Philip Stoner recontested (Stage51 continuation)",candidate_change; boundary_change,no,,no,,,,,,,,,,,,,
nz-general-2017-electorate-54,2017,Tukituki,"FOSS, Craig (National Party, 2014)","YULE, Lawrence Arden","LORCK, Anna Louise","KAIRAU, Joseph William (New Zealand First Party); LARKINS, Roger David (Conservative); PERLEY, Christopher John Keith (Green Party); RYAN, Richard Francis (Democrats for Social Credit); TOSH, Allister David (Future Youth Party)","dominant predecessor Tukituki (2014); 1 predecessor(s); target electors from it 100.0%; its electors retained 100.0%; tier exact (electoral-population bounds, not ballots)","NAT retirement: FOSS, Craig -> YULE, Lawrence Arden",candidate_change; boundary_change,yes,Stage51 documented incumbent-party candidate change (see candidate_change_evidence),no,,,,,,,,,,,,,
nz-general-2017-electorate-55,2017,Upper Harbour,"BENNETT, Paula Lee (National Party, 2014)","BENNETT, Paula Lee","AN, Jin","GOODHUE, James Michael (Green Party); HAYCOCK, Bruce Kim (ACT New Zealand); JOHNSTON, Jane Ellen (New Zealand First Party)","dominant predecessor Upper Harbour (2014); 1 predecessor(s); target electors from it 100.0%; its electors retained 100.0%; tier exact (electoral-population bounds, not ballots)","NAT incumbent BENNETT, Paula Lee recontested (Stage51 continuation)",candidate_change; boundary_change,no,,no,,,,,,,,,,,,,
nz-general-2017-electorate-56,2017,Waikato,"TISCH, William Lindsay (National Party, 2014)","van de MOLEN, Timothy John","LOADER, Brooke Jennifer","HUSBAND, Stuart Thomas (New Zealand First Party); STEVENSON, Philippa (Green Party)","dominant predecessor Waikato (2014); 1 predecessor(s); target electors from it 100.0%; its electors retained 100.0%; tier exact (electoral-population bounds, not ballots)","NAT retirement: TISCH, William Lindsay -> van de MOLEN, Timothy John",candidate_change; boundary_change,yes,Stage51 documented incumbent-party candidate change (see candidate_change_evidence),no,,,,,,,,,,,,,
nz-general-2017-electorate-57,2017,Waimakariri,"DOOCEY, Matthew Maurice (National Party, 2014)","DOOCEY, Matthew Maurice","ROSEWARNE, Daniel Peter","ADCOCK-WHITE, Peter Dominic (Democrats for Social Credit); BERRY, Nicola Jane (Green Party); GLENJARMAN, Nicola Phyllis Carol (The Opportunities Party (TOP)); HAWKINS, Stuart Matthew (ACT New Zealand); PRICE, Benjamin Daniel (Conservative); PROSSER, Richard Ivor (New Zealand First Party); RERITI-CROFTS, Aroha Hohipera (Māori Party); WIRINGI, Destiny (Independent)","dominant predecessor Waimakariri (2014); 1 predecessor(s); target electors from it 100.0%; its electors retained 100.0%; tier exact (electoral-population bounds, not ballots)","NAT incumbent DOOCEY, Matthew Maurice recontested (Stage51 continuation)",candidate_change; boundary_change,no,,no,,,,,,,,,,,,,
nz-general-2017-electorate-58,2017,Wairarapa,"SCOTT, Alastair Oliver (National Party, 2014)","SCOTT, Alastair Oliver","McANULTY, Kieran Michael","GREENSLADE, Roger Murray (ACT New Zealand); HAROLD, James Brett (Independent); HART, John Stuart (Green Party); MARK, Ron Stanley (New Zealand First Party)","dominant predecessor Wairarapa (2014); 1 predecessor(s); target electors from it 100.0%; its electors retained 100.0%; tier exact (electoral-population bounds, not ballots)","NAT incumbent SCOTT, Alastair Oliver recontested (Stage51 continuation)",candidate_change; boundary_change,no,,no,,,,,,,,,,,,,
nz-general-2017-electorate-59,2017,Waitaki,"DEAN, Jacqueline Isobel (National Party, 2014)","DEAN, Jacqueline Isobel","ALLAN, Zélie Mary","FAMILTON, Alexander William (New Zealand First Party); LUM, Tse Main Raymond (Conservative); NEILL, Kevin Joseph (The Opportunities Party (TOP)); VAN WIEREN, Hessel Christiaan (Democrats for Social Credit); WALL, Patrick Andrew (Green Party)","dominant predecessor Waitaki (2014); 1 predecessor(s); target electors from it 100.0%; its electors retained 100.0%; tier exact (electoral-population bounds, not ballots)","NAT incumbent DEAN, Jacqueline Isobel recontested (Stage51 continuation)",candidate_change; boundary_change,no,,no,,,,,,,,,,,,,
nz-general-2017-electorate-60,2017,Wellington Central,"ROBERTSON, Grant Murray (Labour Party, 2014)","WILLIS, Nicola Valentine","ROBERTSON, Grant Murray","FOSTER, Andrew John Whitfield (New Zealand First Party); IDDAMALGODA, Gayaal Vincent Anthony (Independent); ROBINSON, Peter Franklin (Independent); SHAW, James Peter Edward (Green Party); SIMMONS, Geoffrey Leonard (The Opportunities Party (TOP)); WARREN, Michael John (ACT New Zealand); WESSEX, Roberta (NAP)","dominant predecessor Wellington Central (2014); 1 predecessor(s); target electors from it 100.0%; its electors retained 100.0%; tier exact (electoral-population bounds, not ballots)","LAB incumbent ROBERTSON, Grant Murray recontested (Stage51 continuation)",candidate_change; boundary_change,no,,no,,,,,,,,,,,,,
nz-general-2017-electorate-61,2017,West Coast-Tasman,"O'CONNOR, Damien Peter (Labour Party, 2014)","PUGH, Maureen Helena","O'CONNOR, Damien Peter","ANDERSON, Liam Peter (Money Free Party); COLLIN, John (Jack) Edward (Democrats for Social Credit); FARRELLY, Jacqueline Ann (New Zealand First Party); FULTON, Kate Frances (Green Party); HOLLEY, Claire Margaret (GOdsownNZ); MARKLAND, Zeb Joseph (ACT New Zealand); SALTER, Peter (Ban1080); WILKINSON, Steven Crawford George (Independent)","dominant predecessor West Coast-Tasman (2014); 1 predecessor(s); target electors from it 100.0%; its electors retained 100.0%; tier exact (electoral-population bounds, not ballots)","LAB incumbent O'CONNOR, Damien Peter recontested (Stage51 continuation)",candidate_change; boundary_change,no,,no,,,,,,,,,,,,,
nz-general-2017-electorate-62,2017,Whanganui,"BORROWS, Kerry James (National Party, 2014)","HIPANGO, Harete Makere","LEWIS, Stephanie Ann","DAVIDSON, Alan Daniel (ACT New Zealand); PATRICK, Nicola Jane (Green Party); SKIPWORTH, Reginald Herbert (New Zealand First Party)","dominant predecessor Whanganui (2014); 1 predecessor(s); target electors from it 100.0%; its electors retained 100.0%; tier exact (electoral-population bounds, not ballots)","NAT retirement: BORROWS, Kerry James -> HIPANGO, Harete Makere",candidate_change; boundary_change,yes,Stage51 documented incumbent-party candidate change (see candidate_change_evidence),no,,,,,,,,,,,,,
nz-general-2017-electorate-63,2017,Whangarei,"RETI, Shane Raymond (National Party, 2014)","RETI, Shane Raymond","SAVAGE, Tony John","GRIEVE, Robin Barrie (ACT New Zealand); HOLWELL, Ashley James (Green Party); JONES, Shane Geoffrey (New Zealand First Party); LEITCH, Christopher John (Democrats for Social Credit); MINHINNICK, Marie Anne (Independent); TAYLOR, James Alfred (Conservative)","dominant predecessor Whangarei (2014); 1 predecessor(s); target electors from it 100.0%; its electors retained 100.0%; tier exact (electoral-population bounds, not ballots)","NAT incumbent RETI, Shane Raymond recontested (Stage51 continuation)",candidate_change; boundary_change,no,,no,,,,,,,,,,,,,
nz-general-2017-electorate-64,2017,Wigram,"WOODS, Megan Cherie (Labour Party, 2014)","HIATT, David Cameron","WOODS, Megan Cherie","APANUI, Tane John (New Zealand First Party); HANSEN, Christopher Michael (NZ Economic Euthenics Party); KNIGHTS, Ruth Susan (ACT New Zealand); McTAGUE, Geoffrey William (Independent); RING, John (Democrats for Social Credit); WESLEY, Richard Laurence (Green Party)","dominant predecessor Wigram (2014); 1 predecessor(s); target electors from it 100.0%; its electors retained 100.0%; tier exact (electoral-population bounds, not ballots)","LAB incumbent WOODS, Megan Cherie recontested (Stage51 continuation)",candidate_change; boundary_change,no,,no,,,,,,,,,,,,,
nz-general-2020-electorate-01,2020,Auckland Central,"KAYE, Nicola Laura (National Party, 2017)","MELLOW-SANDFORD, Emma Jane","WHITE, Helen","DELAMERE, Tuariki John Edward (The Opportunities Party (TOP)); HOFFMAN DERVAN, Dominic (TEA Party); LOVE, Joshua Nathanuel (Independent); MARCROFT, Jennifer Lyn (New Zealand First Party); POOLE, Felix Thomas (ACT New Zealand); SADLER, Chris Tekiripute (Independent); STITT, Kevin Eric (New Conservative); SWARBRICK, Chlöe Charlotte (Green Party); TAVA, Vernon Ivan (Sustainable New Zealand Party)","dominant predecessor Auckland Central (2017); 1 predecessor(s); target electors from it 100.0%; its electors retained 100.0%; tier exact (electoral-population bounds, not ballots)","NAT retirement: KAYE, Nicola Laura -> MELLOW-SANDFORD, Emma Jane",candidate_change; boundary_change,yes,Stage51 documented incumbent-party candidate change (see candidate_change_evidence),no,,,,,,,,,,,,,
nz-general-2020-electorate-02,2020,Banks Peninsula,"DYSON, Ruth Suzanne (Labour Party, 2017)","CHU, Catherine","McLELLAN, Tracey Lee","ATKINSON, Benjamin Luke (The Opportunities Party (TOP)); FOX, David Owen (ACT New Zealand); HONISS, Caleb (New Conservative); O'ROURKE, Denis John (New Zealand First Party); SAGE, Eugenie (Green Party); WILLIAMS, Ruth Elizabeth (Advance NZ)","dominant predecessor Port Hills (2017); 2 predecessor(s); target electors from it 90.0%-90.9%; its electors retained 92.7%-93.0%; tier approximate_two_sided_90_only (electoral-population bounds, not ballots)","LAB retirement: DYSON, Ruth Suzanne -> McLELLAN, Tracey Lee [boundary_change_successor_seat]",candidate_change; boundary_change,yes,Stage51 documented incumbent-party candidate change (see candidate_change_evidence),yes,Crosswalk shows the seat is not identical to its dominant predecessor (see boundary_evidence),,,,,,,,,,,,
nz-general-2020-electorate-03,2020,Bay of Plenty,"MULLER, Todd Michael (National Party, 2017)","MULLER, Todd","CLARK, Angela Maree","CARLEY, Bruce Leo Benedict (ACT New Zealand); COKER, Christopher Hamish (Aotearoa Legalise Cannabis Party); COLMORE, Margaret Louise (New Conservative); DEVERY, Sharon Joanna (ONE Party); HUGGINS, Peter Michael (Green Party); JENKINS, Christopher James (The Opportunities Party (TOP)); LAWRENCE, Tricia Jane (New Zealand First Party); MONCUR, Angela (Advance NZ)","dominant predecessor Bay of Plenty (2017); 1 predecessor(s); target electors from it 100.0%; its electors retained 90.1%-90.5%; tier approximate_two_sided_90_only (electoral-population bounds, not ballots)","NAT incumbent MULLER, Todd Michael recontested (Stage51 continuation)",candidate_change; boundary_change,no,,yes,Crosswalk shows the seat is not identical to its dominant predecessor (see boundary_evidence),,,,,,,,,,,,
nz-general-2020-electorate-04,2020,Botany,"ROSS, Jami-Lee Matenga (National Party, 2017)","LUXON, Christopher","CHEN, Naisi","DE BOER, Dirk Willem (New Conservative); FLEMING, Peter William (Sustainable New Zealand Party); SMITH, Damien Francis (ACT New Zealand)","dominant predecessor Botany (2017); 1 predecessor(s); target electors from it 100.0%; its electors retained 100.0%; tier exact (electoral-population bounds, not ballots)","NAT party_change: ROSS, Jami-Lee Matenga -> LUXON, Christopher [expelled_from_party, independent_mid_term, withdrew_from_electorate_contest]",candidate_change; boundary_change; scandal,yes,Stage51 documented incumbent-party candidate change (see candidate_change_evidence),no,,yes,Stage51 tags: expelled_from_party,,,,,,,,,,
nz-general-2020-electorate-05,2020,Christchurch Central,"WEBB, Duncan Alexander (Labour Party, 2017)","STEPHENS, Dale Aotea","WEBB, Duncan Alexander","ARNEIL, Mark Russell (New Zealand First Party); BRITNELL, Michael Allan (Aotearoa Legalise Cannabis Party); CHURCH, Carole Maree (Advance NZ); HORN, Chrys Marie Isabelle (Green Party); JOHNSON, Abigail Kate (ACT New Zealand); LAURIE, Hayden (Independent); PRICE, Benjamin Daniel (New Conservative); WEBB, Kenneth George (ONE Party)","dominant predecessor Christchurch Central (2017); 1 predecessor(s); target electors from it 100.0%; its electors retained 100.0%; tier exact (electoral-population bounds, not ballots)","LAB incumbent WEBB, Duncan Alexander recontested (Stage51 continuation)",candidate_change; boundary_change,no,,no,,,,,,,,,,,,,
nz-general-2020-electorate-06,2020,Christchurch East,"WILLIAMS, Munokoa Poto (Labour Party, 2017)","PLATT, Lincoln","WILLIAMS, Munokoa Poto","BERRY, Nicola Jane (Green Party); EASON, Paula Maree (ONE Party); HOUGHTON, Helen (New Conservative); LAMBERT, Paula (Aotearoa Legalise Cannabis Party); McCARTHY, Charlotte Miria (NZ Outdoors Party); McCONNELL, Glen Samuel (Advance NZ); SEVERIN, Toni Gae (ACT New Zealand)","dominant predecessor Christchurch East (2017); 2 predecessor(s); target electors from it 97.4%-97.6%; its electors retained 100.0%; tier approximate_two_sided_95 (electoral-population bounds, not ballots)","LAB incumbent WILLIAMS, Munokoa Poto recontested (Stage51 continuation)",candidate_change; boundary_change,no,,yes,Crosswalk shows the seat is not identical to its dominant predecessor (see boundary_evidence),,,,,,,,,,,,
nz-general-2020-electorate-07,2020,Coromandel,"SIMPSON, Scott Anthony (National Party, 2017)","SIMPSON, Scott Anthony","BLOMFIELD, Nathaniel James","BRLJEVICH, Philip Anthony (Advance NZ); EGLETON, Michael John (New Conservative); GREALEY, Pamela Margaret (Green Party); HART, Steven Lawrence (NZ Outdoors Party); HUNTER, Robert Graham (The Opportunities Party (TOP)); OLSEN, David Edward (ACT New Zealand); WESSEX, Roberta (NAP)","dominant predecessor Coromandel (2017); 2 predecessor(s); target electors from it 89.0%-89.5%; its electors retained 85.8%-86.8%; tier not_two_sided_90 (electoral-population bounds, not ballots)","NAT incumbent SIMPSON, Scott Anthony recontested (Stage51 continuation)",candidate_change; boundary_change,no,,yes,Crosswalk shows the seat is not identical to its dominant predecessor (see boundary_evidence),,,,,,,,,,,,
nz-general-2020-electorate-08,2020,Dunedin,"CLARK, David Scott (Labour Party, 2017)","WOODHOUSE, Michael Allan","CLARK, David Scott","ANJAIYA-WINDER, Zariah Shaleen (Social Credit); BRAZIL, Jack Mackie (Green Party); GRIFFITH, Robert Paul Dewi (New Zealand First Party); KING, Solomon Matthew (New Conservative); PETERS, Benjamin Arthur (The Opportunities Party (TOP)); STEELE-MACINTOSH, Callum Anthony (ACT New Zealand)","dominant predecessor Dunedin North (2017); 2 predecessor(s); target electors from it 87.6%-88.3%; its electors retained 95.6%-96.1%; tier not_two_sided_90 (electoral-population bounds, not ballots)","LAB incumbent CLARK, David Scott recontested (Stage51 continuation)",candidate_change; boundary_change,no,,yes,Crosswalk shows the seat is not identical to its dominant predecessor (see boundary_evidence),,,,,,,,,,,,
nz-general-2020-electorate-09,2020,East Coast,"TOLLEY, Anne (National Party, 2017)","TAPSELL, Tania","ALLAN, Kiri Lyndsay","AKUHATA-BROWN, Meredith Jane Waimaria (Green Party); BROWN, Jennie Elizabeth Michelle (Advance NZ); KING, Veronica Diane (ONE Party); NICKERSON, Helena Elizabeth (New Conservative); WEBB, Blake Neil (ACT New Zealand)","dominant predecessor East Coast (2017); 1 predecessor(s); target electors from it 100.0%; its electors retained 100.0%; tier exact (electoral-population bounds, not ballots)","NAT retirement: TOLLEY, Anne -> TAPSELL, Tania [list_only_then_retirement]",candidate_change; boundary_change,yes,Stage51 documented incumbent-party candidate change (see candidate_change_evidence),no,,,,,,,,,,,,,
nz-general-2020-electorate-10,2020,East Coast Bays,"STANFORD, Erica (National Party, 2017)","STANFORD, Erica Louise","HERNANDEZ, Monina","JONES, Daniel Frank (Green Party); KOEKEMOER, Marius Denyse (NZ Outdoors Party); KRUGER, Susanna Susara (TEA Party); McCOOK, Michael John (ACT New Zealand); WEBSTER, Matthew James (New Conservative)","dominant predecessor East Coast Bays (2017); 1 predecessor(s); target electors from it 100.0%; its electors retained 100.0%; tier exact (electoral-population bounds, not ballots)","NAT incumbent STANFORD, Erica recontested (Stage51 continuation)",candidate_change; boundary_change,no,,no,,,,,,,,,,,,,
nz-general-2020-electorate-11,2020,Epsom,"SEYMOUR, David Breen (ACT New Zealand, 2017)","GOLDSMITH, Paul Jonathan","BELICH, Camilla Vera Feslier","AARON, Faith-Joy (Advance NZ); AVENDANO CHRISTIE, Adriana Catalina Ruth (The Opportunities Party (TOP)); HARRIS, Finnlay Clifford Jack (NAP); JIANG, Yiqian (TEA Party); MacDONALD, Kyle Alexander (Green Party); PROCHAZKA, Maia (NZ Outdoors Party); SEYMOUR, David Breen (ACT New Zealand); SUTTON, Arthur Norman (New Conservative); WITHERS, Shannon Daniel (Sustainable New Zealand Party)","dominant predecessor Epsom (2017); 1 predecessor(s); target electors from it 100.0%; its electors retained 100.0%; tier exact (electoral-population bounds, not ballots)","Not covered by Stage51 (source-election winner was not National or Labour, or no ledger mapping)",boundary_change,,,no,,,,,,,,,,,,,
nz-general-2020-electorate-12,2020,Hamilton East,"BENNETT, David Allister (National Party, 2017)","BENNETT, David Allister","STRANGE, Jamie Ross","BHOOI, Rimu Lawrence (Green Party); COLEMAN, Matthew (Independent); GIELEN, Jacobus Martin (Republic of New Zealand Party); HEDGE DEEDMAN-HEDGE, Myah (ACT New Zealand); HENRY, Sigrid (Advance NZ); HUSBAND, Stuart Thomas (New Zealand First Party); MANDERS, Julie Anne-Marie (New Conservative); MURPHY, Destry Rongopai (Vision New Zealand); POCOCK, Naomi Jane (The Opportunities Party (TOP))","dominant predecessor Hamilton East (2017); 1 predecessor(s); target electors from it 100.0%; its electors retained 100.0%; tier exact (electoral-population bounds, not ballots)","NAT incumbent BENNETT, David Allister recontested (Stage51 continuation)",candidate_change; boundary_change,no,,no,,,,,,,,,,,,,
nz-general-2020-electorate-13,2020,Hamilton West,"MACINDOE, Timothy Harley (National Party, 2017)","MACINDOE, Timothy Harley","SHARMA, Gaurav","CARGO, Hayden Sean (The Opportunities Party (TOP)); DU PLOOY, Rudolph Arnoldus (New Conservative); HETA, Hoani Rongopai (ONE Party); MANSFIELD, Chloe May Lavinia (NZ Outdoors Party); ORMSBY-KINGI, Cherie Eileen (Advance NZ); WELDON, Roger Jack (ACT New Zealand)","dominant predecessor Hamilton West (2017); 1 predecessor(s); target electors from it 100.0%; its electors retained 96.5%-96.6%; tier approximate_two_sided_95 (electoral-population bounds, not ballots)","NAT incumbent MACINDOE, Timothy Harley recontested (Stage51 continuation)",candidate_change; boundary_change,no,,yes,Crosswalk shows the seat is not identical to its dominant predecessor (see boundary_evidence),,,,,,,,,,,,
nz-general-2020-electorate-14,2020,Hutt South,"BISHOP, Christopher (National Party, 2017)","BISHOP, Christopher","ANDERSEN, Virginia Ruby","BEARMAN-RIEDEL, Wilfred (NZ Outdoors Party); BINDRA, Mahesh (New Zealand First Party); DAKEN, Michaela Anne Byrne (Advance NZ); EARP, Roger (New Conservative); McINTOSH, Richard James (Green Party); PARKINS, Andrew John (ACT New Zealand); SHANLY, Edward John (ONE Party); WINIATA, Paris James (Vision New Zealand); WYLIE-VAN EERD, Benjamin James (The Opportunities Party (TOP))","dominant predecessor Hutt South (2017); 1 predecessor(s); target electors from it 100.0%; its electors retained 100.0%; tier exact (electoral-population bounds, not ballots)","NAT incumbent BISHOP, Christopher recontested (Stage51 continuation)",candidate_change; boundary_change,no,,no,,,,,,,,,,,,,
nz-general-2020-electorate-15,2020,Ilam,"BROWNLEE, Gerard Anthony (National Party, 2017)","BROWNLEE, Gerard Anthony","PALLETT, Sarah Jean","BENNETT, David John (Green Party); GILBERT, Paul de Vallenger (ACT New Zealand); JENSEN-WARREN, Heidi Joanne (NZ Outdoors Party); PENGELLY, Toni Deborah (Advance NZ); WALMISLEY, Simon Robert (New Conservative)","dominant predecessor Ilam (2017); 3 predecessor(s); target electors from it 90.9%-91.2%; its electors retained 100.0%; tier approximate_two_sided_90_only (electoral-population bounds, not ballots)","NAT incumbent BROWNLEE, Gerard Anthony recontested (Stage51 continuation)",candidate_change; boundary_change,no,,yes,Crosswalk shows the seat is not identical to its dominant predecessor (see boundary_evidence),,,,,,,,,,,,
nz-general-2020-electorate-16,2020,Invercargill,"DOWIE, Sarah Maree (National Party, 2017)","SIMMONDS, Penelope Elsie","CRAIG, Elizabeth Dorothy","AROHA, Winsome (Social Credit); FRANCIS, Rochelle Monique (Green Party); GUNN, Joshua George (New Zealand First Party); HAYDEN, Zy Maceahno (Independent); HONISS, Joshua (New Conservative); ROHLOFF, Kurt Helmuth (Advance NZ); WALKER, Basil Walter (Independent); WEST, Jacqueline (ONE Party)","dominant predecessor Invercargill (2017); 2 predecessor(s); target electors from it 93.9%-94.7%; its electors retained 100.0%; tier approximate_two_sided_90_only (electoral-population bounds, not ballots)","NAT retirement: DOWIE, Sarah Maree -> SIMMONDS, Penelope Elsie [initially_reselected, scandal_context]",candidate_change; boundary_change; scandal,yes,Stage51 documented incumbent-party candidate change (see candidate_change_evidence),yes,Crosswalk shows the seat is not identical to its dominant predecessor (see boundary_evidence),yes,Stage51 tags: scandal_context,,,,,,,,,,
nz-general-2020-electorate-17,2020,Kaikōura,"SMITH, Stuart Tayler (National Party, 2017)","SMITH, Stuart Tayler","FLIGHT, Matthew Ronald Keith","ARBUCKLE, Jamie Arthur (New Zealand First Party); BHAVIK, Prince (Money Free Party); EVANS, Richard Warwick (ACT New Zealand); GREENSLADE, David John (New Conservative); HOWARD, Thomas Edward (Independent); McCASKEY, John Stuart James (Social Credit); McCUBBIN, Richard (Green Party); MOORE, John Donald (ONE Party); MORGAN, Darlene Moana (NZ Outdoors Party); ROMANA, Lisa Claire (Advance NZ)","dominant predecessor Kaikoura (2017); 1 predecessor(s); target electors from it 100.0%; its electors retained 100.0%; tier exact (electoral-population bounds, not ballots)","NAT incumbent SMITH, Stuart Tayler recontested (Stage51 continuation)",candidate_change; boundary_change,no,,no,,,,,,,,,,,,,
nz-general-2020-electorate-18,2020,Kaipara ki Mahurangi,"PENK, Christopher Aidan (National Party, 2017)","PENK, Christopher Aidan","LUBECK, Maria Josina Elisabeth","BERRY, Pauline Margaret (New Conservative); BROWN, Antonio Zephyr (Green Party); FORD, David Anthony Robert (Independent); HOULBROOKE, Beth Patricia (ACT New Zealand); NEYLON, Callan Ace (Social Credit); REEVES, Richard John (ONE Party); STEELE, Brenda Marie (New Zealand First Party)","dominant predecessor Helensville (2017); 4 predecessor(s); target electors from it 54.8%-56.9%; its electors retained 54.2%-56.2%; tier not_two_sided_90 (electoral-population bounds, not ballots)","NAT incumbent PENK, Christopher Aidan recontested (Stage51 continuation)",candidate_change; boundary_change,no,,yes,Crosswalk shows the seat is not identical to its dominant predecessor (see boundary_evidence),,,,,,,,,,,,
nz-general-2020-electorate-19,2020,Kelston,"SEPULONI, Carmel Jean (Labour Party, 2017)","BEERAM, Bala Venu Gopal Reddy","SEPULONI, Carmel Jean","BRETT, Kevin William (Trump New Zealand Party); FRASER, Jessamine Alana (Green Party); JOBSIS, Jason Mark (Social Credit); KUMEROA, Maureen Te Riina Te Kamu (Advance NZ); LAVAKA TANGIPA, Faye Feaomoemanu (ONE Party); LYE, Jeff Eric (Aotearoa Legalise Cannabis Party); NISHA PALA, Ainul (New Zealand First Party); PERCIVAL, Matthew Paul (ACT New Zealand); TILDSLEY, Leao (New Conservative)","dominant predecessor Kelston (2017); 1 predecessor(s); target electors from it 100.0%; its electors retained 100.0%; tier exact (electoral-population bounds, not ballots)","LAB incumbent SEPULONI, Carmel Jean recontested (Stage51 continuation)",candidate_change; boundary_change,no,,no,,,,,,,,,,,,,
nz-general-2020-electorate-20,2020,Mana,"FAAFOI, Kristopher (Labour Party, 2017)","HAYES, Joanne Kowhai","EDMONDS, Barbara Rachael Fati Palepa","BARRY, Roy Sidney (New Conservative); GOODE, Richard Simon (NAP); HARAWIRA, Stephanie (ONE Party); ILES, Michael Arthur (Attica); JORONEN (NEE CARTWRIGHT), Helen Rebecca Louise (Integrity New Zealand); LOGIE, Heather Janet (Green Party); MARSHALL, Gordon Clint (Independent); PONDER, Edward (Advance NZ); WALKER, Michael John (Progressive Aotearoa New Zealand)","dominant predecessor Mana (2017); 1 predecessor(s); target electors from it 100.0%; its electors retained 100.0%; tier exact (electoral-population bounds, not ballots)","LAB retirement: FAAFOI, Kristopher -> EDMONDS, Barbara Rachael Fati Palepa [list_only]",candidate_change; boundary_change,yes,Stage51 documented incumbent-party candidate change (see candidate_change_evidence),no,,,,,,,,,,,,,
nz-general-2020-electorate-21,2020,Māngere,"SIO, Sua Viliamu (Labour Party, 2017)","LOHENI, Akenese Loretta","SIO, Aupito Toesulusulu Tofae Sua William","ALAILIMA, Fuiavailili (New Conservative); CROWTHER, Grant David (Social Credit); JONES, Leslie Wilson (Climate First); NOOROA, Wayne Tetou (Independent); SYKES, Peter Brian (Green Party)","dominant predecessor Mangere (2017); 1 predecessor(s); target electors from it 100.0%; its electors retained 100.0%; tier exact (electoral-population bounds, not ballots)","LAB incumbent SIO, Sua Viliamu recontested (Stage51 continuation)",candidate_change; boundary_change,no,,no,,,,,,,,,,,,,
nz-general-2020-electorate-22,2020,Manurewa,"WALL, Louisa Hareruia (Labour Party, 2017)","SAMARAKONE, Nuwanthie Tryone","WILLIAMS, Arena","BERNARDO, Wella (TEA Party); HALL, John Harold (New Zealand First Party); JACKSON, Houahemotu Linder (Advance NZ); LINAKER, Luella Benita (Independent); PAHULU, Motekiai (New Conservative); SINGH, Rattan (ONE Party); VANO, Lourdes Faith Auhura Parehuia (Green Party); VERMUNT, Annalucia Maria (Communist League); WILCOX, Sonny (Vision New Zealand)","dominant predecessor Manurewa (2017); 2 predecessor(s); target electors from it 74.3%-75.1%; its electors retained 69.9%-70.7%; tier not_two_sided_90 (electoral-population bounds, not ballots)","LAB retirement: WALL, Louisa Hareruia -> WILLIAMS, Arena [list_only, withdrew_from_selection]",candidate_change; boundary_change,yes,Stage51 documented incumbent-party candidate change (see candidate_change_evidence),yes,Crosswalk shows the seat is not identical to its dominant predecessor (see boundary_evidence),,,,,,,,,,,,
nz-general-2020-electorate-23,2020,Maungakiekie,"LEE, Denise Adrienne (National Party, 2017)","LEE, Denise","RADHAKRISHNAN, Priyanca","FERGUSSON, Thomas Wilson (ACT New Zealand); HOLDER, Philip Alleyne (New Conservative); MENENDEZ MARCH, Ricardo (Green Party)","dominant predecessor Maungakiekie (2017); 2 predecessor(s); target electors from it 79.2%-79.9%; its electors retained 72.3%-73.5%; tier not_two_sided_90 (electoral-population bounds, not ballots)","NAT incumbent LEE, Denise Adrienne recontested (Stage51 continuation)",candidate_change; boundary_change,no,,yes,Crosswalk shows the seat is not identical to its dominant predecessor (see boundary_evidence),,,,,,,,,,,,
nz-general-2020-electorate-24,2020,Mt Albert,"ARDERN, Jacinda Kate Laurell (Labour Party, 2017)","LEE, Melissa Ji-Yun","ARDERN, Jacinda","LORD, Cameron Geoffrey Turville (The Opportunities Party (TOP)); REURICH, Daniel (New Conservative); VAN DEN HEUVEL, Anthony Joseph James (Human Rights Party); WIJOHN, Luke Leon Taitoa (Green Party)","dominant predecessor Mt Albert (2017); 1 predecessor(s); target electors from it 100.0%; its electors retained 100.0%; tier exact (electoral-population bounds, not ballots)","LAB incumbent ARDERN, Jacinda Kate Laurell recontested (Stage51 continuation)",candidate_change; boundary_change,no,,no,,,,,,,,,,,,,
nz-general-2020-electorate-25,2020,Mt Roskill,"WOOD, Michael Philip (Labour Party, 2017)","PARMAR, Kushmiita Parmjeet Kaur","WOOD, Michael Philip","CHOKSI, Vishal (TEA Party); FREDERIKSON, Warwick George (Voice of the People); GHAHRAMAN, Golriz (Green Party); HALL, Clifford Thomas (Social Credit); HOOD, Alister John (New Conservative); JOHNSTON, Christopher Mark (ACT New Zealand); PEHI, Charlene Roxanne (ONE Party); SHARMA, Anil Kumar (Advance NZ)","dominant predecessor Mt Roskill (2017); 2 predecessor(s); target electors from it 77.5%-78.2%; its electors retained 79.9%-80.6%; tier not_two_sided_90 (electoral-population bounds, not ballots)","LAB incumbent WOOD, Michael Philip recontested (Stage51 continuation)",candidate_change; boundary_change,no,,yes,Crosswalk shows the seat is not identical to its dominant predecessor (see boundary_evidence),,,,,,,,,,,,
nz-general-2020-electorate-26,2020,Napier,"NASH, Stuart Alexander (Labour Party, 2017)","NIMON, Katrina","NASH, Stuart Alexander","BURNSIDE, Deborah Yvette (New Conservative); CROW, James Zachariah (Green Party); GASKIN, Ian Camden (Independent); KENDALL, Judith Dale (ACT New Zealand); SMITH, John Clive (Independent)","dominant predecessor Napier (2017); 1 predecessor(s); target electors from it 100.0%; its electors retained 100.0%; tier exact (electoral-population bounds, not ballots)","LAB incumbent NASH, Stuart Alexander recontested (Stage51 continuation)",candidate_change; boundary_change,no,,no,,,,,,,,,,,,,
nz-general-2020-electorate-27,2020,Nelson,"SMITH, Nick (National Party, 2017)","SMITH, Nicolas Rex","BOYACK-MAYER, Rachel Elizabeth","BAILLIE, Christopher John (ACT New Zealand); CLAASSENS, Deon Hofmeyr (ONE Party); DYER, Bruce Douglas (Progressive Aotearoa New Zealand); GREY, Susan Jane (NZ Outdoors Party); GUTSCHLAG, Simon Nigel (New Conservative); HARRIS, Benjamin Duncan (Advance NZ); POTTINGER, Mathew William (The Opportunities Party (TOP)); STALLARD, Aaron Richard (Green Party)","dominant predecessor Nelson (2017); 1 predecessor(s); target electors from it 100.0%; its electors retained 96.7%-96.9%; tier approximate_two_sided_95 (electoral-population bounds, not ballots)","NAT incumbent SMITH, Nick recontested (Stage51 continuation)",candidate_change; boundary_change,no,,yes,Crosswalk shows the seat is not identical to its dominant predecessor (see boundary_evidence),,,,,,,,,,,,
nz-general-2020-electorate-28,2020,New Lynn,"RUSSELL, Deborah Faye (Labour Party, 2017)","WHYTE, Lisa","RUSSELL, Deborah Faye","ABEL, Stephen George Bremner (Green Party); BLANCHFIELD, Shawn Michael (ACT New Zealand); DAVIE, Paul Clifford (Voice of the People); ER, Lisa Elizabeth Anne (Social Credit); GORE, Robert Mathew (New Zealand First Party); MALIK, Khurram Shahid (ONE Party); O'BRIEN, Victoria Mei-sien (New Conservative); OLIVER, Stephen Thomas (Advance NZ); PATEL, Smitaben (TEA Party)","dominant predecessor New Lynn (2017); 2 predecessor(s); target electors from it 72.7%-74.0%; its electors retained 76.6%-77.5%; tier not_two_sided_90 (electoral-population bounds, not ballots)","LAB incumbent RUSSELL, Deborah Faye recontested (Stage51 continuation)",candidate_change; boundary_change,no,,yes,Crosswalk shows the seat is not identical to its dominant predecessor (see boundary_evidence),,,,,,,,,,,,
nz-general-2020-electorate-29,2020,New Plymouth,"YOUNG, Jonathan Edgar Joseph (National Party, 2017)","YOUNG, Jonathan Edgar Joseph","BENNETT, Glen Thomas","BLACKTOPP, Russell Kane (Independent); CHONG, Murray Brian (New Conservative); LAUDERDALE, Kathleen (Social Credit); THURSTON, Daniel George (The Opportunities Party (TOP)); WOOD, Rowena (Advance NZ); XIAO, Wen (ACT New Zealand)","dominant predecessor New Plymouth (2017); 1 predecessor(s); target electors from it 100.0%; its electors retained 100.0%; tier exact (electoral-population bounds, not ballots)","NAT incumbent YOUNG, Jonathan Edgar Joseph recontested (Stage51 continuation)",candidate_change; boundary_change,no,,no,,,,,,,,,,,,,
nz-general-2020-electorate-30,2020,North Shore,"BARRY, Margaret Mary (National Party, 2017)","WATTS, Simon Glen","UDANGA, Romeo","BREWER, Michael Gordon (New Conservative); DICK, Susan Euphemia (NZ Outdoors Party); HUUSKO, Mari Hannele (Sustainable New Zealand Party); KEARNEY, Nicholas Norman (ACT New Zealand); NAVOT, Shai (The Opportunities Party (TOP)); OSBORN, Megan Elspeth (Advance NZ); RAWLINGS, Elizabeth Jennifer (Green Party)","dominant predecessor North Shore (2017); 1 predecessor(s); target electors from it 100.0%; its electors retained 100.0%; tier exact (electoral-population bounds, not ballots)","NAT retirement: BARRY, Margaret Mary -> WATTS, Simon Glen",candidate_change; boundary_change,yes,Stage51 documented incumbent-party candidate change (see candidate_change_evidence),no,,,,,,,,,,,,,
nz-general-2020-electorate-31,2020,Northcote,"COLEMAN, Jonathan (National Party, 2017)","BIDOIS, Daniel Michael","HALBERT, Shanan","DYET, William Richard McInnes (New Conservative); FAIRLEY, Natasha Josephine (Green Party); KRONFELD, Timothy Paul (ACT New Zealand); READ, Bevan Harding (Sustainable New Zealand Party); USMANI, Lynn Donna (NZ Outdoors Party)","dominant predecessor Northcote (2017); 1 predecessor(s); target electors from it 100.0%; its electors retained 100.0%; tier exact (electoral-population bounds, not ballots)","NAT by_election_succession: COLEMAN, Jonathan -> BIDOIS, Daniel Michael [resignation_mid_term]",candidate_change; boundary_change,yes,Stage51 documented incumbent-party candidate change (see candidate_change_evidence),no,,,,,,,,,,,,,
nz-general-2020-electorate-32,2020,Northland,"KING, Ronald Matthew (National Party, 2017)","KING, Ronald Matthew","PRIME, Willow-Jean","BARFOOTE, Trevor James (New Conservative); CAMERON, Mark Stuart (ACT New Zealand); FLUTEY, Brad Raymond (Social Credit); JONES, Shane Geoffrey (New Zealand First Party); MARSH, Helen Gordon (The Opportunities Party (TOP)); MITCALFE, Michele Andra (NZ Outdoors Party); MITCHELL, Nathan John (Advance NZ); SHAW, Michael William (Independent); TANA HOFF-NIELSEN, Darleen Sheree (Green Party); XIAO, Yuhui (Harmony)","dominant predecessor Northland (2017); 2 predecessor(s); target electors from it 95.5%-95.7%; its electors retained 92.6%-93.0%; tier approximate_two_sided_90_only (electoral-population bounds, not ballots)","NAT incumbent KING, Ronald Matthew recontested (Stage51 continuation)",candidate_change; boundary_change,no,,yes,Crosswalk shows the seat is not identical to its dominant predecessor (see boundary_evidence),,,,,,,,,,,,
nz-general-2020-electorate-33,2020,Ōhāriu,"O'CONNOR, Gregory Eamon (Labour Party, 2017)","HUDSON, Brett John","O'CONNOR, Gregory Eamon","CAWOOD, Allan Bernard (ONE Party); FITZPATRICK, Sean Daniel Thomas (ACT New Zealand); HAMMOND, Jessica Jane (The Opportunities Party (TOP)); LYNCH, Philip Michael (New Conservative); MARTIN, Tracey (New Zealand First Party); RANTA, John Eric (Green Party); SMITH, Jolene Georgina (Advance NZ); WALSH, Liam Patrick (NAP)","dominant predecessor Ohariu (2017); 1 predecessor(s); target electors from it 100.0%; its electors retained 100.0%; tier exact (electoral-population bounds, not ballots)","LAB incumbent O'CONNOR, Gregory Eamon recontested (Stage51 continuation)",candidate_change; boundary_change,no,,no,,,,,,,,,,,,,
nz-general-2020-electorate-34,2020,Ōtaki,"GUY, Allen Nathan (National Party, 2017)","COSTLEY, Timothy John","NGOBI, Terisa Telesia","FRAUENSTEIN, Martin Victor (New Conservative); GRATTAN, Wayne Desmond (ACT New Zealand); KAY, Michael Douglas (Attica); LONG, Bernard John (Green Party); SEALA, Pisa (ONE Party); VICKERS, Amanda Michelle (Social Credit)","dominant predecessor Otaki (2017); 1 predecessor(s); target electors from it 100.0%; its electors retained 100.0%; tier exact (electoral-population bounds, not ballots)","NAT retirement: GUY, Allen Nathan -> COSTLEY, Timothy John",candidate_change; boundary_change,yes,Stage51 documented incumbent-party candidate change (see candidate_change_evidence),no,,,,,,,,,,,,,
nz-general-2020-electorate-35,2020,Pakuranga,"BROWN, Simeon Peter (National Party, 2017)","BROWN, Simeon Peter","HENRY, Nerissa Carley","POON, Mo Yee (ACT New Zealand); SAMPSON, Ian Ronald (New Conservative); WOOD, Rachel Dominique Natasha (Sustainable New Zealand Party); XU-NAN, Lawrence Xi (Green Party)","dominant predecessor Pakuranga (2017); 1 predecessor(s); target electors from it 100.0%; its electors retained 100.0%; tier exact (electoral-population bounds, not ballots)","NAT incumbent BROWN, Simeon Peter recontested (Stage51 continuation)",candidate_change; boundary_change,no,,no,,,,,,,,,,,,,
nz-general-2020-electorate-36,2020,Palmerston North,"LEES-GALLOWAY, Iain Francis (Labour Party, 2017)","WOOD, William","UTIKERE, Tangi William Edward","BALL, Darroch Leicester (New Zealand First Party); LYON, Sharon Patricia (Advance NZ); PHILLIPS, Jack Allan Murray (ACT New Zealand); POPPELWELL, David Louis (New Conservative); TUIONO, Teanau (Green Party)","dominant predecessor Palmerston North (2017); 1 predecessor(s); target electors from it 100.0%; its electors retained 100.0%; tier exact (electoral-population bounds, not ballots)","LAB retirement: LEES-GALLOWAY, Iain Francis -> UTIKERE, Tangi William Edward [dismissed_as_minister]",candidate_change; boundary_change,yes,Stage51 documented incumbent-party candidate change (see candidate_change_evidence),no,,,,,,,,,,,,,
nz-general-2020-electorate-37,2020,Panmure-Ōtāhuhu,"SALESA, Jennifer Teresia (Labour Party, 2017)","BAKSHI, Kanwaljit Singh","SALESA, Jennifer","BRIDGE, Phillip Stewart William (NZ Outdoors Party); BROWN, Patrick (Communist League); JOHNSTON, Edward George Tanu Faleauto (New Conservative); JONES, Bryn Walby (Advance NZ); SIMIONA, Mark Tau (Green Party)","dominant predecessor Manukau East (2017); 2 predecessor(s); target electors from it 72.1%-73.4%; its electors retained 73.9%-74.8%; tier not_two_sided_90 (electoral-population bounds, not ballots)","LAB incumbent SALESA, Jennifer Teresia recontested (Stage51 continuation)",candidate_change; boundary_change,no,,yes,Crosswalk shows the seat is not identical to its dominant predecessor (see boundary_evidence),,,,,,,,,,,,
nz-general-2020-electorate-38,2020,Papakura,"COLLINS, Judith Anne (National Party, 2017)","COLLINS, Judith Anne","KANONGATA'A-SUISUIKI, Anahila Lose","ARVIDSON, David Stanley (New Conservative); COWIE, Susan Joyce (Green Party); MONDS, Robert Daniel (New Zealand First Party); POMARE, Vikki-Lee Levi (Advance NZ); SMITH, Teena (NZ Outdoors Party); WHITEHEAD, Bruce Craig (ACT New Zealand)","dominant predecessor Papakura (2017); 2 predecessor(s); target electors from it 66.4%-67.9%; its electors retained 55.2%-56.5%; tier not_two_sided_90 (electoral-population bounds, not ballots)","NAT incumbent COLLINS, Judith Anne recontested (Stage51 continuation)",candidate_change; boundary_change,no,,yes,Crosswalk shows the seat is not identical to its dominant predecessor (see boundary_evidence),,,,,,,,,,,,
nz-general-2020-electorate-39,2020,Port Waikato,"BAYLY, Andrew (National Party, 2017)","BAYLY, Andrew Henry","KAUR, Baljit","BALL, Mark Robert (HeartlandNZ); CUMMINGS, Ian James (Independent); JOHNSON, Ian William (ONE Party); KING, David Frederick (ACT New Zealand); MACGREGOR, Jamie Ian (Advance NZ); PAK, Nicholas Michael (Independent); RUTHERFURD, Lucille (NZ Outdoors Party); SENN, Steven George (New Conservative); WILSON, William Robert (Green Party)","dominant predecessor Hunua (2017); 2 predecessor(s); target electors from it 65.9%-67.7%; its electors retained 55.0%-56.7%; tier not_two_sided_90 (electoral-population bounds, not ballots)","NAT incumbent BAYLY, Andrew recontested (Stage51 continuation)",candidate_change; boundary_change,no,,yes,Crosswalk shows the seat is not identical to its dominant predecessor (see boundary_evidence),,,,,,,,,,,,
nz-general-2020-electorate-40,2020,Rangitata,"FALLOON, Andrew Hamilton (National Party, 2017)","HANDS, Megan Leah","LUXTON, Jo-Anne Marie","ASHTON, Stuart Lachlan (New Conservative); FAVEL, Brannon Alistair (Social Credit); HUTTON, Hamish Geoffry Inglis (ACT New Zealand); KELYNACK, Grant William (NZ Outdoors Party); LIGTENBERG, Gerdina Henrica Adriana Maria (Green Party); RAE, James Daniel (NAP); WILSON, Rawinia Tau Aroha (Advance NZ)","dominant predecessor Rangitata (2017); 2 predecessor(s); target electors from it 95.0%-95.3%; its electors retained 100.0%; tier approximate_two_sided_95 (electoral-population bounds, not ballots)","NAT resignation_before_election: FALLOON, Andrew Hamilton -> HANDS, Megan Leah [scandal_context]",candidate_change; boundary_change; scandal,yes,Stage51 documented incumbent-party candidate change (see candidate_change_evidence),yes,Crosswalk shows the seat is not identical to its dominant predecessor (see boundary_evidence),yes,Stage51 tags: scandal_context,,,,,,,,,,
nz-general-2020-electorate-41,2020,Rangitīkei,"McKELVIE, Ian Robert Flockhart (National Party, 2017)","McKELVIE, Ian Robert Flockhart","PEKE-MASON, Soraya","CRIBB, Ricky (Advance NZ); LEUNG WAI, Reuben Basil Saul (New Conservative); TILLEY, Alison Hale (Green Party); WILSON, Neil John (ACT New Zealand); WOOLLAMS, Antony James Aumonier (New Zealand First Party)","dominant predecessor Rangitikei (2017); 1 predecessor(s); target electors from it 100.0%; its electors retained 100.0%; tier exact (electoral-population bounds, not ballots)","NAT incumbent McKELVIE, Ian Robert Flockhart recontested (Stage51 continuation)",candidate_change; boundary_change,no,,no,,,,,,,,,,,,,
nz-general-2020-electorate-42,2020,Remutaka,"HIPKINS, Christopher John (Labour Party, 2017)","CROFSKEY, Mark Baden","HIPKINS, Christopher John","EIJGENRAAM, Frank Alexander (ONE Party); MEIKLE, Talani Cavelle (New Zealand First Party); NORTON, Christopher Bruce (Green Party); OPTLAND, Hendrik Johannes (New Conservative); O'SULLIVAN, Graeme Arthur (ACT New Zealand); STACE, Michael Alexander (Advance NZ)","dominant predecessor Rimutaka (2017); 1 predecessor(s); target electors from it 100.0%; its electors retained 100.0%; tier exact (electoral-population bounds, not ballots)","LAB incumbent HIPKINS, Christopher John recontested (Stage51 continuation)",candidate_change; boundary_change,no,,no,,,,,,,,,,,,,
nz-general-2020-electorate-43,2020,Rongotai,"EAGLE, Tahere Paul (Labour Party, 2017)","PATTERSON, David John","EAGLE, Tahere Paul","ARNEIL, Taylor Russell (New Zealand First Party); CROSSEN, Teall Elizabeth (Green Party); McDONALD, Donald Stuart (Independent); McKEE, Nicole Raima (ACT New Zealand); MIHAKA, Troy Tahi (Integrity New Zealand); SIMMONS, Geoffrey Leonard (The Opportunities Party (TOP)); WELSH, Bruce Alexander (New Conservative)","dominant predecessor Rongotai (2017); 1 predecessor(s); target electors from it 100.0%; its electors retained 100.0%; tier exact (electoral-population bounds, not ballots)","LAB incumbent EAGLE, Tahere Paul recontested (Stage51 continuation)",candidate_change; boundary_change,no,,no,,,,,,,,,,,,,
nz-general-2020-electorate-44,2020,Rotorua,"McCLAY, Todd Michael (National Party, 2017)","McCLAY, Todd Michael","MAHON, Claire Frances","KIRKWOOD, Peter Gwilym (ACT New Zealand); SOLOMON, Alan Tāne (New Conservative); SPARKE, Kaya Rose (Green Party); TABUTEAU, Fletcher Hoporona (New Zealand First Party); VERCOE, Karri-Ann Alisa (ONE Party); WARD, Kiri (Advance NZ)","dominant predecessor Rotorua (2017); 1 predecessor(s); target electors from it 100.0%; its electors retained 100.0%; tier exact (electoral-population bounds, not ballots)","NAT incumbent McCLAY, Todd Michael recontested (Stage51 continuation)",candidate_change; boundary_change,no,,no,,,,,,,,,,,,,
nz-general-2020-electorate-45,2020,Selwyn,"ADAMS, Amy Juliet (National Party, 2017)","GRIGG, Nicola Anna","DAVIDSON, Reuben John","ARMSTRONG, Stuart Grant (ACT New Zealand); LARASON, Jerome Walter Jr (Advance NZ); LYELL, Bronwyn Joy (New Conservative); O'DONNELL, Abe Lewis Smith (Green Party); PAYNE, Calvin Antony (Independent)","dominant predecessor Selwyn (2017); 1 predecessor(s); target electors from it 100.0%; its electors retained 81.0%-82.0%; tier not_two_sided_90 (electoral-population bounds, not ballots)","NAT retirement: ADAMS, Amy Juliet -> GRIGG, Nicola Anna [reversal_before_final_announcement]",candidate_change; boundary_change,yes,Stage51 documented incumbent-party candidate change (see candidate_change_evidence),yes,Crosswalk shows the seat is not identical to its dominant predecessor (see boundary_evidence),,,,,,,,,,,,
nz-general-2020-electorate-46,2020,Southland,"WALKER, Hamish Richard (National Party, 2017)","MOONEY, Joseph","MITCHELL, John Frederick","DACKER, Elisabeth Roimata (Social Credit); KENNEDY, David John (Green Party); MEYER, Fiona Joy (New Conservative); ROWLANDS, Joel (The Opportunities Party (TOP)); TERRILL, Judith Anne (ONE Party); WILSON, Robert Douglas (Advance NZ)","dominant predecessor Clutha-Southland (2017); 2 predecessor(s); target electors from it 83.5%-84.5%; its electors retained 76.5%-78.4%; tier not_two_sided_90 (electoral-population bounds, not ballots)","NAT retirement: WALKER, Hamish Richard -> MOONEY, Joseph [boundary_change_successor_seat, scandal_context]",candidate_change; boundary_change; scandal,yes,Stage51 documented incumbent-party candidate change (see candidate_change_evidence),yes,Crosswalk shows the seat is not identical to its dominant predecessor (see boundary_evidence),yes,Stage51 tags: scandal_context,,,,,,,,,,
nz-general-2020-electorate-47,2020,Taieri,"CURRAN, Clare Elizabeth (Labour Party, 2017)","KERNAGHAN, Liam Michael","LEARY, Ingrid Marieke","ANDREWS, Robert Duncan (ACT New Zealand); KELLEHER, Allison (New Conservative); LEQUEUX, Olivier Georges Roger (Independent); PATTERSON, Mark William James (New Zealand First Party); ROBERTS, Frederick (Advance NZ); SMITH, Stanley Roy (ONE Party); VOIGHT, Warren Raymond (Social Credit); WEBBER, David Wayne (Independent); WILLIS, Scott Matthew (Green Party)","dominant predecessor Dunedin South (2017); 2 predecessor(s); target electors from it 80.5%-82.0%; its electors retained 86.3%-87.2%; tier not_two_sided_90 (electoral-population bounds, not ballots)","LAB retirement: CURRAN, Clare Elizabeth -> LEARY, Ingrid Marieke [boundary_change_successor_seat]",candidate_change; boundary_change,yes,Stage51 documented incumbent-party candidate change (see candidate_change_evidence),yes,Crosswalk shows the seat is not identical to its dominant predecessor (see boundary_evidence),,,,,,,,,,,,
nz-general-2020-electorate-48,2020,Takanini,"COLLINS, Judith Anne (National Party, 2017)","NAKHLE, Rima Jillian","ASI TUIATAGA LEAVASA, Neru","GEORGE, Ngatai (Vision New Zealand); HONG, Cheng Chen (TEA Party); IKILEI, Elliot Ewen Pasione (New Conservative); KAGATHRA, Mitesh Harkant (Advance NZ); McCORMICK, Michael Andrew (ACT New Zealand)","dominant predecessor Papakura (2017); 3 predecessor(s); target electors from it 48.8%-50.2%; its electors retained 43.5%-44.8%; tier not_two_sided_90 (electoral-population bounds, not ballots)","Not covered by Stage51 (source-election winner was not National or Labour, or no ledger mapping)",boundary_change,,,yes,Crosswalk shows the seat is not identical to its dominant predecessor (see boundary_evidence),,,,,,,,,,,,
nz-general-2020-electorate-49,2020,Tāmaki,"O'CONNOR, Simon David (National Party, 2017)","O'CONNOR, Simon","BROWN, Shirin","BOYS, Sylvia Jane (Green Party); CLARIDGE, Carmel Nancy (ACT New Zealand); SOMMER, Paul Christian (New Conservative); TEPOU, Sarai (Advance NZ)","dominant predecessor Tamaki (2017); 1 predecessor(s); target electors from it 100.0%; its electors retained 100.0%; tier exact (electoral-population bounds, not ballots)","NAT incumbent O'CONNOR, Simon David recontested (Stage51 continuation)",candidate_change; boundary_change,no,,no,,,,,,,,,,,,,
nz-general-2020-electorate-50,2020,Taranaki-King Country,"KURIGER, Barbara Joan (National Party, 2017)","KURIGER, Barbara Joan","ROBERTS, Angela Susan","GREY, Christopher Shane (NZ Outdoors Party); MILES, Brent Roderick (ACT New Zealand); SMITH, Lee Anne (New Conservative)","dominant predecessor Taranaki-King Country (2017); 1 predecessor(s); target electors from it 100.0%; its electors retained 100.0%; tier exact (electoral-population bounds, not ballots)","NAT incumbent KURIGER, Barbara Joan recontested (Stage51 continuation)",candidate_change; boundary_change,no,,no,,,,,,,,,,,,,
nz-general-2020-electorate-51,2020,Taupō,"UPSTON, Louise Claire (National Party, 2017)","UPSTON, Louise Claire","AL-BUSTANJI, Ala'","COFFIN, Gary Michael (ONE Party); DOWNARD, Micheal Patrick (NZ Outdoors Party); FREEMAN, David Randall (ACT New Zealand); GLENDINING, Danna Mary (Green Party); JAMES, Antoinette Rachel (Advance NZ); QUINN, Jan-Marie (New Conservative)","dominant predecessor Taupo (2017); 2 predecessor(s); target electors from it 99.8%-99.8%; its electors retained 96.8%-97.0%; tier approximate_two_sided_95 (electoral-population bounds, not ballots)","NAT incumbent UPSTON, Louise Claire recontested (Stage51 continuation)",candidate_change; boundary_change,no,,yes,Crosswalk shows the seat is not identical to its dominant predecessor (see boundary_evidence),,,,,,,,,,,,
nz-general-2020-electorate-52,2020,Tauranga,"BRIDGES, Simon Joseph (National Party, 2017)","BRIDGES, Simon","TINETTI, Janette Rose","CAIE, Andrew Stephen (The Opportunities Party (TOP)); CAPAMAGIAN, James William Douglas (Independent); COLE, Joshua Jarad (Green Party); CROSA, Daniel Armando (Advance NZ); HARVEY, Erika Lyn (New Zealand First Party); HIGNETT, Paul Anthony (New Conservative); LAMARE, Yvette Nora (Independent); LIVINGSTON-POOLEY, Tracy Jane (NZ Outdoors Party); LUXTON, Cameron Gib (ACT New Zealand)","dominant predecessor Tauranga (2017); 1 predecessor(s); target electors from it 100.0%; its electors retained 100.0%; tier exact (electoral-population bounds, not ballots)","NAT incumbent BRIDGES, Simon Joseph recontested (Stage51 continuation)",candidate_change; boundary_change,no,,no,,,,,,,,,,,,,
nz-general-2020-electorate-53,2020,Te Atatū,"TWYFORD, Philip Stoner (Labour Party, 2017)","NGARO, Alf Metuakore","TWYFORD, Philip Stoner","AMOAH, Frank (TEA Party); COURT, Simon Thomas (ACT New Zealand); HINDMAN, Scott James (Green Party); MONK, Brendon John (The Opportunities Party (TOP)); PASEKA, Okusitino Isitolo (New Conservative)","dominant predecessor Te Atatu (2017); 1 predecessor(s); target electors from it 100.0%; its electors retained 100.0%; tier exact (electoral-population bounds, not ballots)","LAB incumbent TWYFORD, Philip Stoner recontested (Stage51 continuation)",candidate_change; boundary_change,no,,no,,,,,,,,,,,,,
nz-general-2020-electorate-54,2020,Tukituki,"YULE, Lawrence Arden (National Party, 2017)","YULE, Lawrence Arden","LORCK, Anna Louise","DAFFERN, Elizabeth Janine (ACT New Zealand); McMINN-COLLARD, Nicholas Geoffrey (New Conservative); MANNING, Romana Lea (Aotearoa Legalise Cannabis Party); PERLEY, Christopher John Keith (Green Party); PETERSON, Carl James (Advance NZ); PETROWSKI, Melanie Lorraine (ONE Party); TOSH, Allister David (Future Youth Party)","dominant predecessor Tukituki (2017); 1 predecessor(s); target electors from it 100.0%; its electors retained 100.0%; tier exact (electoral-population bounds, not ballots)","NAT incumbent YULE, Lawrence Arden recontested (Stage51 continuation)",candidate_change; boundary_change,no,,no,,,,,,,,,,,,,
nz-general-2020-electorate-55,2020,Upper Harbour,"BENNETT, Paula Lee (National Party, 2017)","BEZZANT, Jacob Max","WALTERS, Vanushi","CHHOUR, Karen Louise (ACT New Zealand); GIORZA, Catherine Veronica (NZ Outdoors Party); NICHOLLS, Ryan George (Green Party); SOARES, Bernadette Lourdes (New Conservative); TAN, Winson (TEA Party); THOMAS, Dion Robert Wayne (Sustainable New Zealand Party); VAUGHAN, Peter John (Advance NZ)","dominant predecessor Upper Harbour (2017); 1 predecessor(s); target electors from it 100.0%; its electors retained 94.1%-94.3%; tier approximate_two_sided_90_only (electoral-population bounds, not ballots)","NAT retirement: BENNETT, Paula Lee -> BEZZANT, Jacob Max [list_only_then_retirement]",candidate_change; boundary_change,yes,Stage51 documented incumbent-party candidate change (see candidate_change_evidence),yes,Crosswalk shows the seat is not identical to its dominant predecessor (see boundary_evidence),,,,,,,,,,,,
nz-general-2020-electorate-56,2020,Waikato,"van de MOLEN, Timothy John (National Party, 2017)","VAN DE MOLEN, Timothy John","LEONI, Kerrin","ANSELL, Caleb John (New Conservative); McDOWALL, James Samuel (ACT New Zealand)","dominant predecessor Waikato (2017); 4 predecessor(s); target electors from it 78.0%-79.4%; its electors retained 70.2%-71.7%; tier not_two_sided_90 (electoral-population bounds, not ballots)","NAT incumbent van de MOLEN, Timothy John recontested (Stage51 continuation)",candidate_change; boundary_change,no,,yes,Crosswalk shows the seat is not identical to its dominant predecessor (see boundary_evidence),,,,,,,,,,,,
nz-general-2020-electorate-57,2020,Waimakariri,"DOOCEY, Matthew Maurice (National Party, 2017)","DOOCEY, Matthew Maurice","ROSEWARNE, Daniel Peter","BAKER, Leighton James (New Conservative); DAVIES, James John (ACT New Zealand); HYNDMAN, John (Sustainable New Zealand Party); McISAAC, Lawrence William Russell (Social Credit); RICHARDSON, Anthea Rochelle (Advance NZ); SADLER, Bjorn Michael Serge (Independent)","dominant predecessor Waimakariri (2017); 1 predecessor(s); target electors from it 100.0%; its electors retained 100.0%; tier exact (electoral-population bounds, not ballots)","NAT incumbent DOOCEY, Matthew Maurice recontested (Stage51 continuation)",candidate_change; boundary_change,no,,no,,,,,,,,,,,,,
nz-general-2020-electorate-58,2020,Wairarapa,"SCOTT, Alastair Oliver (National Party, 2017)","BUTTERICK, Michael David","McANULTY, Kieran Michael","BUTTERWORTH, Warren Langley (New Conservative); GRAY, Nigel Antony (Advance NZ); GREENSLADE, Roger Murray (ACT New Zealand); HAEATA, Aileen Myra (Independent); MARK, Ron Stanley (New Zealand First Party); WADE-BROWN, Celia Margaret (Green Party)","dominant predecessor Wairarapa (2017); 1 predecessor(s); target electors from it 100.0%; its electors retained 100.0%; tier exact (electoral-population bounds, not ballots)","NAT retirement: SCOTT, Alastair Oliver -> BUTTERICK, Michael David",candidate_change; boundary_change,yes,Stage51 documented incumbent-party candidate change (see candidate_change_evidence),no,,,,,,,,,,,,,
nz-general-2020-electorate-59,2020,Waitaki,"DEAN, Jacqueline Isobel (National Party, 2017)","DEAN, Jacqueline Isobel","WAIREPO, Liam Storm","ALLAN, Troy David (New Conservative); BEAMISH, Sean Michael (ACT New Zealand); KIURU, Sampsa Petri (Green Party); MOWAT-GAINSFORD, Brian Clifford (Sustainable New Zealand Party); ODERING, Anthony Vickers (New Zealand First Party); PENNYCOOK, Heather Meri (Advance NZ); SHAND, Daniel James (Independent)","dominant predecessor Waitaki (2017); 2 predecessor(s); target electors from it 95.9%-96.3%; its electors retained 85.3%-86.1%; tier not_two_sided_90 (electoral-population bounds, not ballots)","NAT incumbent DEAN, Jacqueline Isobel recontested (Stage51 continuation)",candidate_change; boundary_change,no,,yes,Crosswalk shows the seat is not identical to its dominant predecessor (see boundary_evidence),,,,,,,,,,,,
nz-general-2020-electorate-60,2020,Wellington Central,"ROBERTSON, Grant Murray (Labour Party, 2017)","WILLIS, Nicola Valentine","ROBERTSON, Grant Murray","APPLEBY, Michael George (Aotearoa Legalise Cannabis Party); BRUCE, Robert (NZ Outdoors Party); GRAY, Abraham Gabriel (The Opportunities Party (TOP)); GREALLY, Roseanne Mary (Advance NZ); RICHARDSON, Jesse (Independent); RICHFIELD, Liam James (New Conservative); SHAW, James Peter Edward (Green Party); SUNDERLAND, Gina Dolores (ONE Party); van VELDEN, Brooke Olivia (ACT New Zealand)","dominant predecessor Wellington Central (2017); 1 predecessor(s); target electors from it 100.0%; its electors retained 100.0%; tier exact (electoral-population bounds, not ballots)","LAB incumbent ROBERTSON, Grant Murray recontested (Stage51 continuation)",candidate_change; boundary_change,no,,no,,,,,,,,,,,,,
nz-general-2020-electorate-61,2020,West Coast-Tasman,"O'CONNOR, Damien Peter (Labour Party, 2017)","PUGH, Maureen Helena","O'CONNOR, Damien Peter","AITKEN, Cory Alexander (Independent); BARKLEY, Karl (New Conservative); COLLIN, John Edward (Social Credit); EWEN, Richard Peter (Independent); FARRELLY, Jacqueline Ann (New Zealand First Party); FITZSIMON, Anne (Advance NZ); GARDNER, William Stuart (ACT New Zealand); KING, Luke Fabian (NZ Outdoors Party); OSMASTON, Richard (Money Free Party); RICHARDS, Stephen Thomas (Green Party)","dominant predecessor West Coast-Tasman (2017); 2 predecessor(s); target electors from it 96.6%-96.7%; its electors retained 100.0%; tier approximate_two_sided_95 (electoral-population bounds, not ballots)","LAB incumbent O'CONNOR, Damien Peter recontested (Stage51 continuation)",candidate_change; boundary_change,no,,yes,Crosswalk shows the seat is not identical to its dominant predecessor (see boundary_evidence),,,,,,,,,,,,
nz-general-2020-electorate-62,2020,Whanganui,"HIPANGO, Harete Makere (National Party, 2017)","HIPANGO, Harete","LEWIS CARR, Stephanie","CLAY, Alan Victor (Green Party); KIEFT, Hillary Ann (Independent); MARSHALL, Jonathan Kevin Philip (New Conservative); SMITH, Heather Marion (Social Credit); WEBER, Charlotte (Advance NZ)","dominant predecessor Whanganui (2017); 1 predecessor(s); target electors from it 100.0%; its electors retained 100.0%; tier exact (electoral-population bounds, not ballots)","NAT incumbent HIPANGO, Harete Makere recontested (Stage51 continuation)",candidate_change; boundary_change,no,,no,,,,,,,,,,,,,
nz-general-2020-electorate-63,2020,Whangaparāoa,"MITCHELL, Mark Patrick (National Party, 2017)","MITCHELL, Mark Patrick","FERGUSON, Lorayne Frances","CHEEL, Patricia (NZ Outdoors Party); DAVIES, John Whyndham (Sustainable New Zealand Party); FLAY, Kathryn Grace (Advance NZ); GRACE, Paul Russel (ACT New Zealand); MACKENZIE, Fiona (New Conservative)","dominant predecessor Rodney (2017); 2 predecessor(s); target electors from it 82.1%-82.6%; its electors retained 72.6%-73.9%; tier not_two_sided_90 (electoral-population bounds, not ballots)","NAT incumbent MITCHELL, Mark Patrick recontested (Stage51 continuation)",candidate_change; boundary_change,no,,yes,Crosswalk shows the seat is not identical to its dominant predecessor (see boundary_evidence),,,,,,,,,,,,
nz-general-2020-electorate-64,2020,Whangārei,"RETI, Shane Raymond (National Party, 2017)","RETI, Shane","HENDERSON, Lorenza Emily Preston","ARMSTRONG, Moea (Green Party); CAMPBELL, Kerry Alex (New Conservative); de JONGE, Jennifer Marie (Aotearoa Legalise Cannabis Party); LEITCH, Christopher John (Social Credit); SEYMOUR, David Andrew (ACT New Zealand); SWORDS, Ciara Rose (The Opportunities Party (TOP)); WATTS, Daniel Ross (ONE Party); WETERE, Christopher Alexander Mohi (Advance NZ); WILSON, David Ashley (New Zealand First Party)","dominant predecessor Whangarei (2017); 1 predecessor(s); target electors from it 100.0%; its electors retained 95.6%-95.8%; tier approximate_two_sided_95 (electoral-population bounds, not ballots)","NAT incumbent RETI, Shane Raymond recontested (Stage51 continuation)",candidate_change; boundary_change,no,,yes,Crosswalk shows the seat is not identical to its dominant predecessor (see boundary_evidence),,,,,,,,,,,,
nz-general-2020-electorate-65,2020,Wigram,"WOODS, Megan Cherie (Labour Party, 2017)","CAMPBELL, Hamish George","WOODS, Megan Cherie","ALLINGTON, Douglas John (Advance NZ); HANSEN, Christopher Michael (NZ Economic Euthenics Party); LANDRETH, Deane Phillip (Social Credit); McCONWAY, Miles Jacin (ACT New Zealand); McLAUGHLIN, Linda Elvira (ONE Party); McTAGUE, Geoffrey William (Independent); NUTTALL, Averil Clare (New Conservative); WESLEY, Richard Laurence (Green Party)","dominant predecessor Wigram (2017); 3 predecessor(s); target electors from it 89.8%-90.1%; its electors retained 91.9%-92.1%; tier not_two_sided_90 (electoral-population bounds, not ballots)","LAB incumbent WOODS, Megan Cherie recontested (Stage51 continuation)",candidate_change; boundary_change,no,,yes,Crosswalk shows the seat is not identical to its dominant predecessor (see boundary_evidence),,,,,,,,,,,,
nz-general-2023-electorate-01,2023,Auckland Central,"SWARBRICK, Chlöe Charlotte (Green Party, 2020)","MURALIDHAR, Mahesh","SIMS, Oscar Campbell","COKER, Christopher Hamish (Aotearoa Legalise Cannabis Party); DAVIE, Paul Clifford (Rock the Vote NZ); KANE, Madeleine (Animal Justice Party); LIU, Andi Shen (Independent); POOLE, Felix Thomas (ACT New Zealand); SLOCUM, Guy (New Nation Party); SWARBRICK, Chlöe Charlotte (Green Party); SYCAMORE, Damian Peter Melhuish (The Opportunities Party (TOP))","dominant predecessor Auckland Central (2020); 1 predecessor(s); target electors from it 100.0%; its electors retained 100.0%; tier exact (electoral-population bounds, not ballots)","Not covered by Stage51 (source-election winner was not National or Labour, or no ledger mapping)",boundary_change,,,no,,,,,,,,,,,,,
nz-general-2023-electorate-02,2023,Banks Peninsula,"McLELLAN, Tracey Lee (Labour Party, 2020)","WEENINK, Vanessa","McLELLAN, Tracey Lee","ALLINGTON, Douglas (DemocracyNZ); JEET, Paran (Animal Justice Party); KERSLAKE, Lindsay (New Zealand First Party); MEAD, Lisa Marie (NewZeal); PHAM, Ngoc-Lan Thi (Green Party); TRASK, Laura Barbara (ACT New Zealand); WAKEMAN, Peter Keith (Independent)","dominant predecessor Banks Peninsula (2020); 1 predecessor(s); target electors from it 100.0%; its electors retained 100.0%; tier exact (electoral-population bounds, not ballots)","LAB incumbent McLELLAN, Tracey Lee recontested (Stage51 continuation)",candidate_change; boundary_change,no,,no,,,,,,,,,,,,,
nz-general-2023-electorate-03,2023,Bay of Plenty,"MULLER, Todd (National Party, 2020)","RUTHERFORD, Tom","TAIKATO, Pare","GILLESPIE, Wendy (Leighton Baker Party); GRATTAN, Caitlin (Animal Justice Party); LUXTON, Cameron Gib (ACT New Zealand); MACMILLAN, Matthew (Green Party); MURFITT, Kirsten Marie (New Zealand First Party); WAHED, Md Zakaria (Independent)","dominant predecessor Bay of Plenty (2020); 1 predecessor(s); target electors from it 100.0%; its electors retained 100.0%; tier exact (electoral-population bounds, not ballots)","NAT retirement: MULLER, Todd -> RUTHERFORD, Tom",candidate_change; boundary_change,yes,Stage51 documented incumbent-party candidate change (see candidate_change_evidence),no,,,,,,,,,,,,,
nz-general-2023-electorate-04,2023,Botany,"LUXON, Christopher (National Party, 2020)","LUXON, Christopher","SINGH, Kharag","ARMSTRONG, John (New Zealand Loyal); BURNS, Bo (ACT New Zealand); DE BOER, Dieuwe (New Conservatives); McNEIL, Robert John (Animal Justice Party)","dominant predecessor Botany (2020); 1 predecessor(s); target electors from it 100.0%; its electors retained 100.0%; tier exact (electoral-population bounds, not ballots)","NAT incumbent LUXON, Christopher recontested (Stage51 continuation)",candidate_change; boundary_change,no,,no,,,,,,,,,,,,,
nz-general-2023-electorate-05,2023,Christchurch Central,"WEBB, Duncan Alexander (Labour Party, 2020)","STEPHENS, Dale Aotea","WEBB, Duncan","ARNEIL, Mark Russell (New Zealand First Party); BRITNELL, Michael Allan (Aotearoa Legalise Cannabis Party); CARTER, Kahurangi (Green Party); FISKEN, Matthew Hunter (ACT New Zealand); JACKSON, Sarah (Animal Justice Party)","dominant predecessor Christchurch Central (2020); 1 predecessor(s); target electors from it 100.0%; its electors retained 100.0%; tier exact (electoral-population bounds, not ballots)","LAB incumbent WEBB, Duncan Alexander recontested (Stage51 continuation)",candidate_change; boundary_change,no,,no,,,,,,,,,,,,,
nz-general-2023-electorate-06,2023,Christchurch East,"WILLIAMS, Munokoa Poto (Labour Party, 2020)","STOCK, Matthew","DAVIDSON, Reuben John","AHMED, Sahra (Green Party); HOUGHTON, Helen (New Conservatives); LAMBERT, Paula (Aotearoa Legalise Cannabis Party); PARK, Seung-Choon (Independent); SEVERIN, Toni (ACT New Zealand); WERETA, Danette Elizabeth Claire (Animal Justice Party); WIREMU, Shane (New Zealand First Party)","dominant predecessor Christchurch East (2020); 1 predecessor(s); target electors from it 100.0%; its electors retained 100.0%; tier exact (electoral-population bounds, not ballots)","LAB retirement: WILLIAMS, Munokoa Poto -> DAVIDSON, Reuben John",candidate_change; boundary_change,yes,Stage51 documented incumbent-party candidate change (see candidate_change_evidence),no,,,,,,,,,,,,,
nz-general-2023-electorate-07,2023,Coromandel,"SIMPSON, Scott Anthony (National Party, 2020)","SIMPSON, Scott","RILEY, Beryl","ANSELL, Caleb John (New Zealand First Party); COBB, Raymond Lawrence (New Zealand Loyal); GREALEY, Pamela (Green Party); TEPOU, Sarai (NZ Outdoors & Freedom Party); VERBURG, Joanna (ACT New Zealand)","dominant predecessor Coromandel (2020); 1 predecessor(s); target electors from it 100.0%; its electors retained 100.0%; tier exact (electoral-population bounds, not ballots)","NAT incumbent SIMPSON, Scott Anthony recontested (Stage51 continuation)",candidate_change; boundary_change,no,,no,,,,,,,,,,,,,
nz-general-2023-electorate-08,2023,Dunedin,"CLARK, David Scott (Labour Party, 2020)","WOODHOUSE, Michael Allan","BROOKING, Rachel","ELDER, Cyndee Marie (New Conservatives); HERNANDEZ, Francisco Bagkus (Green Party); LANGEVELD, Keegan John (New Zealand First Party); LAWTON, Stephen John (New Zealand Loyal); McDERMOTT, Adrian Gordon (Aotearoa Legalise Cannabis Party); NEWMAN, Timothy (ACT New Zealand); O'MALLEY, James Paul (Independent); PETERS, Benjamin Arthur (The Opportunities Party (TOP)); TAYLOR, Pamela (Independent)","dominant predecessor Dunedin (2020); 1 predecessor(s); target electors from it 100.0%; its electors retained 100.0%; tier exact (electoral-population bounds, not ballots)","LAB retirement: CLARK, David Scott -> BROOKING, Rachel",candidate_change; boundary_change,yes,Stage51 documented incumbent-party candidate change (see candidate_change_evidence),no,,,,,,,,,,,,,
nz-general-2023-electorate-09,2023,East Coast,"ALLAN, Kiri Lyndsay (Labour Party, 2020)","KIRKPATRICK, Dana Margot","COFFEY, Tamati","CARACAS, Monaco Quemara Tezinho (Independent); DICKSON, Gordon John (Independent); FLAVELL, Fallyn Rebecca (Te Pāti Māori); HOWE, Michael (ACT New Zealand); PACKER, Leighton (Vision New Zealand); RICHARDS, Donald (Independent); ROBINSON, Christopher Michael (DemocracyNZ); SINCLAIR, Craig Tristan (New Zealand First Party); WALKER, Jordan (Green Party)","dominant predecessor East Coast (2020); 1 predecessor(s); target electors from it 100.0%; its electors retained 100.0%; tier exact (electoral-population bounds, not ballots)","LAB retirement: ALLAN, Kiri Lyndsay -> COFFEY, Tamati [late_withdrawal, successor_selected_late]",candidate_change; boundary_change,yes,Stage51 documented incumbent-party candidate change (see candidate_change_evidence),no,,,,,,,,,,,,,
nz-general-2023-electorate-10,2023,East Coast Bays,"STANFORD, Erica Louise (National Party, 2020)","STANFORD, Erica","CHEN, Naisi","ADAMS, Paul Gavin (NewZeal); DYET, William Richard (New Zealand Loyal); McCOOK, Michael John (ACT New Zealand)","dominant predecessor East Coast Bays (2020); 1 predecessor(s); target electors from it 100.0%; its electors retained 100.0%; tier exact (electoral-population bounds, not ballots)","NAT incumbent STANFORD, Erica Louise recontested (Stage51 continuation)",candidate_change; boundary_change,no,,no,,,,,,,,,,,,,
nz-general-2023-electorate-11,2023,Epsom,"SEYMOUR, David Breen (ACT New Zealand, 2020)","GOLDSMITH, Paul Jonathan","BELICH, Camilla Vera Feslier","ROTHERAY, Audrey Margaret (New Zealand Loyal); SEYMOUR, David Breen (ACT New Zealand); SU, Nina (The Opportunities Party (TOP)); UNKOVICH, Tanya (New Zealand First Party); XU-NAN, Lawrence Xi (Green Party)","dominant predecessor Epsom (2020); 1 predecessor(s); target electors from it 100.0%; its electors retained 100.0%; tier exact (electoral-population bounds, not ballots)","Not covered by Stage51 (source-election winner was not National or Labour, or no ledger mapping)",boundary_change,,,no,,,,,,,,,,,,,
nz-general-2023-electorate-12,2023,Hamilton East,"STRANGE, Jamie Ross (Labour Party, 2020)","HAMILTON, Ryan Alexander","DANSEY, Georgie","BAN, Tanya Joan (New Zealand Loyal); CARRINGTON, Lily (Animal Justice Party); CORKIN, Alexander James (The Opportunities Party (TOP)); COUPER, Nathan Lee (New World Order McCann Party); GIELEN, Jacobus Martin (Republic of New Zealand Party); KNAAP, Russelle Sonya (New Zealand First Party); PARKER, Kim Awatea (Te Pāti Māori); PARMAR, Himanshu (ACT New Zealand)","dominant predecessor Hamilton East (2020); 1 predecessor(s); target electors from it 100.0%; its electors retained 100.0%; tier exact (electoral-population bounds, not ballots)","LAB retirement: STRANGE, Jamie Ross -> DANSEY, Georgie",candidate_change; boundary_change,yes,Stage51 documented incumbent-party candidate change (see candidate_change_evidence),no,,,,,,,,,,,,,
nz-general-2023-electorate-13,2023,Hamilton West,"SHARMA, Gaurav (Labour Party, 2020)","POTAKA, Tama William","WILLIAMSON, Myra Elsie Jane Bell","DOYLE, Benjamin Cody (Green Party); DU PLOOY, Rudolph Arnoldus (Vision New Zealand); POCOCK, Naomi Jane (The Opportunities Party (TOP)); STEVENSON, Susan Frances (ACT New Zealand); STONE, Kevin (New Zealand First Party); WILSON, Melanie (Animal Justice Party)","dominant predecessor Hamilton West (2020); 1 predecessor(s); target electors from it 100.0%; its electors retained 100.0%; tier exact (electoral-population bounds, not ballots)","LAB by_election_party_change: SHARMA, Gaurav -> WILLIAMSON, Myra Elsie Jane Bell [expelled_from_party, resignation_mid_term, seat_changed_party_mid_term]",candidate_change; boundary_change; scandal,yes,Stage51 documented incumbent-party candidate change (see candidate_change_evidence),no,,yes,Stage51 tags: expelled_from_party,,,,,,,,,,
nz-general-2023-electorate-14,2023,Hutt South,"ANDERSEN, Virginia Ruby (Labour Party, 2020)","BISHOP, Christopher","ANDERSEN, Virginia Ruby","BLAKE, Jordan (New Zealand Loyal); DONOGHUE, Lee (New Zealand First Party); JENNINGS, Neelusha (Green Party); PARKINS, Andrew John (ACT New Zealand); RANGITUTIA, Max (Vision New Zealand); WYLIE-VAN EERD, Benjamin James (The Opportunities Party (TOP))","dominant predecessor Hutt South (2020); 1 predecessor(s); target electors from it 100.0%; its electors retained 100.0%; tier exact (electoral-population bounds, not ballots)","LAB incumbent ANDERSEN, Virginia Ruby recontested (Stage51 continuation)",candidate_change; boundary_change,no,,no,,,,,,,,,,,,,
nz-general-2023-electorate-15,2023,Ilam,"PALLETT, Sarah Jean (Labour Party, 2020)","CAMPBELL, Hamish George","PALLETT, Sarah Jean","BRITNELL, Irinka (Aotearoa Legalise Cannabis Party); DAVIDSON, Michael John (Green Party); MANJI, Raf (The Opportunities Party (TOP)); O'BRIEN, Christopher Michael (New Conservatives); O'CONNELL, Juanita Rosa Maree (DemocracyNZ)","dominant predecessor Ilam (2020); 1 predecessor(s); target electors from it 100.0%; its electors retained 100.0%; tier exact (electoral-population bounds, not ballots)","LAB incumbent PALLETT, Sarah Jean recontested (Stage51 continuation)",candidate_change; boundary_change,no,,no,,,,,,,,,,,,,
nz-general-2023-electorate-16,2023,Invercargill,"SIMMONDS, Penelope Elsie (National Party, 2020)","SIMMONDS, Penelope Elsie","CRAIG, Elizabeth","DONALDSON, Scott Ian (ACT New Zealand); KOWALEWSKI, David John (New Zealand Loyal); O'CONNELL, Kevin Patrick (Aotearoa Legalise Cannabis Party); TERRILL, Judith Anne (Vision New Zealand)","dominant predecessor Invercargill (2020); 1 predecessor(s); target electors from it 100.0%; its electors retained 100.0%; tier exact (electoral-population bounds, not ballots)","NAT incumbent SIMMONDS, Penelope Elsie recontested (Stage51 continuation)",candidate_change; boundary_change,no,,no,,,,,,,,,,,,,
nz-general-2023-electorate-17,2023,Kaikōura,"SMITH, Stuart Tayler (National Party, 2020)","SMITH, Stuart Tayler","DEWHIRST, Emma Marie","ARBUCKLE, Jamie Arthur (New Zealand First Party); BROWN, Shaun Keith (Money Free Party NZ); CAMPBELL, Sandra (DemocracyNZ); COLELLO, Natalie Maria (New Zealand Loyal); GREENSLADE, David John (New Conservatives); GRIFFITHS, Keith William (ACT New Zealand); HOWARD, Thomas Edward (Ted) (Independent); McCASKEY, John (Independent); McCUBBIN, Richard Anthony (Green Party)","dominant predecessor Kaikōura (2020); 1 predecessor(s); target electors from it 100.0%; its electors retained 100.0%; tier exact (electoral-population bounds, not ballots)","NAT incumbent SMITH, Stuart Tayler recontested (Stage51 continuation)",candidate_change; boundary_change,no,,no,,,,,,,,,,,,,
nz-general-2023-electorate-18,2023,Kaipara ki Mahurangi,"PENK, Christopher Aidan (National Party, 2020)","PENK, Christopher Aidan","WISHART, Guy","BAILEY, Stephen Brent (ACT New Zealand); BREWER, Sarah (DemocracyNZ); BROWN, Antonio Zephyr (Green Party); MARCROFT, Jennifer Lyn (New Zealand First Party)","dominant predecessor Kaipara ki Mahurangi (2020); 1 predecessor(s); target electors from it 100.0%; its electors retained 100.0%; tier exact (electoral-population bounds, not ballots)","NAT incumbent PENK, Christopher Aidan recontested (Stage51 continuation)",candidate_change; boundary_change,no,,no,,,,,,,,,,,,,
nz-general-2023-electorate-19,2023,Kelston,"SEPULONI, Carmel Jean (Labour Party, 2020)","MANUKIA, Ruby","SEPULONI, Carmel Jean","CURRAN, Jacob Kevin (ACT New Zealand); DEGIA-PALA, Anne (New Zealand First Party); GHAHRAMAN, Golriz (Green Party); HAREMA, Jacqueline Hokimate (Te Pāti Māori); HOOD, Alister (New Conservatives); TILDSLEY, Leao (DemocracyNZ)","dominant predecessor Kelston (2020); 1 predecessor(s); target electors from it 100.0%; its electors retained 100.0%; tier exact (electoral-population bounds, not ballots)","LAB incumbent SEPULONI, Carmel Jean recontested (Stage51 continuation)",candidate_change; boundary_change,no,,no,,,,,,,,,,,,,
nz-general-2023-electorate-20,2023,Mana,"EDMONDS, Barbara Rachael Fati Palepa (Labour Party, 2020)","HUGHES, Frances","EDMONDS, Barbara Rachael Fati Palepa","BHARGAVA, Kush (Protect and Prosper New Zealand); BROWN, Lily (ACT New Zealand); DAO-MCLAY, Gina Quynh (Green Party); FOSTER, Andrew (Andy) (New Zealand First Party); GOODE, Richard (NAP); TEMPERTON, Lisa (New Zealand Loyal)","dominant predecessor Mana (2020); 1 predecessor(s); target electors from it 100.0%; its electors retained 100.0%; tier exact (electoral-population bounds, not ballots)","LAB incumbent EDMONDS, Barbara Rachael Fati Palepa recontested (Stage51 continuation)",candidate_change; boundary_change,no,,no,,,,,,,,,,,,,
nz-general-2023-electorate-21,2023,Māngere,"SIO, Aupito Toesulusulu Tofae Sua William (Labour Party, 2020)","BOURKE, Rosemary Tarshi","SOSENE, Lemauga Lydia","ALAILIMA, Fuiavailili (Vision New Zealand); JOSEPH, Pothen (ACT New Zealand); PETERS, Hilda (Te Pāti Māori); STANLEY, Brooke Fiafia (Independent); SYKES, Peter Brian (Green Party)","dominant predecessor Māngere (2020); 1 predecessor(s); target electors from it 100.0%; its electors retained 100.0%; tier exact (electoral-population bounds, not ballots)","LAB retirement: SIO, Aupito Toesulusulu Tofae Sua William -> SOSENE, Lemauga Lydia [pacific_matai_title_name_variants]",candidate_change; boundary_change,yes,Stage51 documented incumbent-party candidate change (see candidate_change_evidence),no,,,,,,,,,,,,,
nz-general-2023-electorate-22,2023,Manurewa,"WILLIAMS, Arena (Labour Party, 2020)","KILARI, Siva Sekhara Naidu","WILLIAMS, Arena","MCLEAN, Rangi (Te Pāti Māori); WARREN, Caine (Vision New Zealand)","dominant predecessor Manurewa (2020); 1 predecessor(s); target electors from it 100.0%; its electors retained 100.0%; tier exact (electoral-population bounds, not ballots)","LAB incumbent WILLIAMS, Arena recontested (Stage51 continuation)",candidate_change; boundary_change,no,,no,,,,,,,,,,,,,
nz-general-2023-electorate-23,2023,Maungakiekie,"RADHAKRISHNAN, Priyanca (Labour Party, 2020)","FLEMING, Gregory Wray","RADHAKRISHNAN, Priyanca","BRIDGE, Phillip Stewart William (Independent); CHUAH, Eric Boon Leong (Rock the Vote NZ); HOGG, Andrew (New Zealand First Party); ONISHCHENKO, Margarita (ACT New Zealand); SAMANT, Dr. Sapna (Green Party)","dominant predecessor Maungakiekie (2020); 1 predecessor(s); target electors from it 100.0%; its electors retained 100.0%; tier exact (electoral-population bounds, not ballots)","LAB incumbent RADHAKRISHNAN, Priyanca recontested (Stage51 continuation)",candidate_change; boundary_change,no,,no,,,,,,,,,,,,,
nz-general-2023-electorate-24,2023,Mt Albert,"ARDERN, Jacinda (Labour Party, 2020)","LEE, Melissa","WHITE, Helen","MENENDEZ MARCH, Ricardo (Green Party); MURPHY, Oliver James (ACT New Zealand); NAUFAHU, Douglas Tupou Toutai Sandhurst Viliami Tesimoni (Independent); SWORDS, Ciara (The Opportunities Party (TOP)); VANDEN HEUVEL, Anthony Joseph James (Human Rights Party)","dominant predecessor Mt Albert (2020); 1 predecessor(s); target electors from it 100.0%; its electors retained 100.0%; tier exact (electoral-population bounds, not ballots)","LAB resignation_before_election: ARDERN, Jacinda -> WHITE, Helen [announced_retirement, prime_minister]",candidate_change; boundary_change,yes,Stage51 documented incumbent-party candidate change (see candidate_change_evidence),no,,,,,,,,,,,,,
nz-general-2023-electorate-25,2023,Mt Roskill,"WOOD, Michael Philip (Labour Party, 2020)","CHEUNG, Chun Ho Carlos","WOOD, Michael Philip","CHOPRA, Rahul (ACT New Zealand); SANIS WALGAMPOLA, Suveen (Green Party)","dominant predecessor Mt Roskill (2020); 1 predecessor(s); target electors from it 100.0%; its electors retained 100.0%; tier exact (electoral-population bounds, not ballots)","LAB incumbent WOOD, Michael Philip recontested (Stage51 continuation)",candidate_change; boundary_change,no,,no,,,,,,,,,,,,,
nz-general-2023-electorate-26,2023,Napier,"NASH, Stuart Alexander (Labour Party, 2020)","NIMON, Katrina Margaret","HUTCHINSON, Mark","DICKEY, Julienne (Green Party); LANGFORD, Martin (DemocracyNZ); MILEWSKI, Pawel Michal (ACT New Zealand); SMITH, John Clive (Independent); TURNBULL, Laurie (New Zealand First Party)","dominant predecessor Napier (2020); 1 predecessor(s); target electors from it 100.0%; its electors retained 100.0%; tier exact (electoral-population bounds, not ballots)","LAB retirement: NASH, Stuart Alexander -> HUTCHINSON, Mark [dismissed_as_minister]",candidate_change; boundary_change,yes,Stage51 documented incumbent-party candidate change (see candidate_change_evidence),no,,,,,,,,,,,,,
nz-general-2023-electorate-27,2023,Nelson,"BOYACK-MAYER, Rachel Elizabeth (Labour Party, 2020)","CAMERON, Blair","BOYACK-MAYER, Rachel Elizabeth","BAILLIE, Christopher John (ACT New Zealand); DYER, Bruce (Progressive Aotearoa New Zealand); HOBBS, Herbert John (Green Party); VAUGHAN, Peter John (New Zealand Loyal)","dominant predecessor Nelson (2020); 1 predecessor(s); target electors from it 100.0%; its electors retained 100.0%; tier exact (electoral-population bounds, not ballots)","LAB incumbent BOYACK-MAYER, Rachel Elizabeth recontested (Stage51 continuation)",candidate_change; boundary_change,no,,no,,,,,,,,,,,,,
nz-general-2023-electorate-28,2023,New Lynn,"RUSSELL, Deborah Faye (Labour Party, 2020)","GARCIA, Paulo Reyes","RUSSELL, Deborah Faye","ABEL, Stephen George Bremner (Green Party); ALVAREZ DE LUGO COLMENARES, Juan Jose (ACT New Zealand); MANN, Phineas (Vision New Zealand); OLIVER, Stephen Thomas (New Zealand Loyal)","dominant predecessor New Lynn (2020); 1 predecessor(s); target electors from it 100.0%; its electors retained 100.0%; tier exact (electoral-population bounds, not ballots)","LAB incumbent RUSSELL, Deborah Faye recontested (Stage51 continuation)",candidate_change; boundary_change,no,,no,,,,,,,,,,,,,
nz-general-2023-electorate-29,2023,New Plymouth,"BENNETT, Glen Thomas (Labour Party, 2020)","MacLEOD, David Nigel","BENNETT, Glen Thomas","McGECHAN, Bruce (ACT New Zealand); ROBINSON, Gregory (New Nation Party); WATKINS, Hamish (Animal Justice Party); WILLETTS, Warren John (New Zealand Loyal)","dominant predecessor New Plymouth (2020); 1 predecessor(s); target electors from it 100.0%; its electors retained 100.0%; tier exact (electoral-population bounds, not ballots)","LAB incumbent BENNETT, Glen Thomas recontested (Stage51 continuation)",candidate_change; boundary_change,no,,no,,,,,,,,,,,,,
nz-general-2023-electorate-30,2023,North Shore,"WATTS, Simon Glen (National Party, 2020)","WATTS, Simon Glen","HAMPTON, George","BASKETT, Pat (Green Party); GRAY, Abraham Gabriel (The Opportunities Party (TOP)); YALLOP, Anna Marie (ACT New Zealand)","dominant predecessor North Shore (2020); 1 predecessor(s); target electors from it 100.0%; its electors retained 100.0%; tier exact (electoral-population bounds, not ballots)","NAT incumbent WATTS, Simon Glen recontested (Stage51 continuation)",candidate_change; boundary_change,no,,no,,,,,,,,,,,,,
nz-general-2023-electorate-31,2023,Northcote,"HALBERT, Shanan (Labour Party, 2020)","BIDOIS, Daniel Michael","HALBERT, Shanan","DONALDSON, Mark Andrew (Vision New Zealand); FOLEY, Leo George (ACT New Zealand); SHAW, Andrew (Green Party); WARREN, Michelle (New Zealand First Party)","dominant predecessor Northcote (2020); 1 predecessor(s); target electors from it 100.0%; its electors retained 100.0%; tier exact (electoral-population bounds, not ballots)","LAB incumbent HALBERT, Shanan recontested (Stage51 continuation)",candidate_change; boundary_change,no,,no,,,,,,,,,,,,,
nz-general-2023-electorate-32,2023,Northland,"PRIME, Willow-Jean (Labour Party, 2020)","McCALLUM, Grant Lewis","PRIME, Willow-Jean","CAMERON, Mark Stuart (ACT New Zealand); FEYEN, Michael (New Zealand Loyal); FINLAYSON, Michael John (Northland Party); JONES, Shane (New Zealand First Party); KING, Ronald Matthew (DemocracyNZ); LYE, Jeffrey Eric (Aotearoa Legalise Cannabis Party); PENNEY, Reina Tuai (Green Party)","dominant predecessor Northland (2020); 1 predecessor(s); target electors from it 100.0%; its electors retained 100.0%; tier exact (electoral-population bounds, not ballots)","LAB incumbent PRIME, Willow-Jean recontested (Stage51 continuation)",candidate_change; boundary_change,no,,no,,,,,,,,,,,,,
nz-general-2023-electorate-33,2023,Ōhāriu,"O'CONNOR, Gregory Eamon (Labour Party, 2020)","WILLIS, Nicola","O'CONNOR, Gregory Eamon","DAY, Paul Gregory George Stradbroke (ACT New Zealand); HAMMOND, Jessica Jane (The Opportunities Party (TOP)); JENKINS, Martin (Protect and Prosper New Zealand); LIM, Patrick (Vision New Zealand); RODGERS, Stephanie (Green Party)","dominant predecessor Ōhāriu (2020); 1 predecessor(s); target electors from it 100.0%; its electors retained 100.0%; tier exact (electoral-population bounds, not ballots)","LAB incumbent O'CONNOR, Gregory Eamon recontested (Stage51 continuation)",candidate_change; boundary_change,no,,no,,,,,,,,,,,,,
nz-general-2023-electorate-34,2023,Ōtaki,"NGOBI, Terisa Telesia (Labour Party, 2020)","COSTLEY, Timothy John","NGOBI, Terisa","MUHAMMAD JAWAD, Wajahat Ali (Green Party); RUSH, Sean Edward (ACT New Zealand); TEN-HAVE, Bryan Gerard (New Zealand Loyal); WESSEX, Roberta (NAP)","dominant predecessor Ōtaki (2020); 1 predecessor(s); target electors from it 100.0%; its electors retained 100.0%; tier exact (electoral-population bounds, not ballots)","LAB incumbent NGOBI, Terisa Telesia recontested (Stage51 continuation)",candidate_change; boundary_change,no,,no,,,,,,,,,,,,,
nz-general-2023-electorate-35,2023,Pakuranga,"BROWN, Simeon Peter (National Party, 2020)","BROWN, Simeon Peter","HENRY, Nerissa","ALCOCK, John Ronald (Rock the Vote NZ); HANCOCK, Nicholas (Animal Justice Party); PARMAR, Kushmiita Parmjeet Kaur (ACT New Zealand); SCOTHERN, Philip (New Zealand Loyal)","dominant predecessor Pakuranga (2020); 1 predecessor(s); target electors from it 100.0%; its electors retained 100.0%; tier exact (electoral-population bounds, not ballots)","NAT incumbent BROWN, Simeon Peter recontested (Stage51 continuation)",candidate_change; boundary_change,no,,no,,,,,,,,,,,,,
nz-general-2023-electorate-36,2023,Palmerston North,"UTIKERE, Tangi William Edward (Labour Party, 2020)","BANSAL, Ankit","UTIKERE, Tangi William Edward","BEGG, Robert Douglas (Animal Justice Party); GRANT, Dean (New Zealand Loyal); HARNETT, Michael Colin (ACT New Zealand); TUIONO, Teanau (Green Party)","dominant predecessor Palmerston North (2020); 1 predecessor(s); target electors from it 100.0%; its electors retained 100.0%; tier exact (electoral-population bounds, not ballots)","LAB incumbent UTIKERE, Tangi William Edward recontested (Stage51 continuation)",candidate_change; boundary_change,no,,no,,,,,,,,,,,,,
nz-general-2023-electorate-37,2023,Panmure-Ōtāhuhu,"SALESA, Jennifer (Labour Party, 2020)","RANDHAWA, Navtej Singh","SALESA, Jennifer","COLLINS, Fa'anānā Efeso (Green Party); MODKOVA, Antonia Krassimirova (ACT New Zealand); MOKARAKA, Karl (Vision New Zealand); ROBB, James (Workers Now)","dominant predecessor Panmure-Ōtāhuhu (2020); 1 predecessor(s); target electors from it 100.0%; its electors retained 100.0%; tier exact (electoral-population bounds, not ballots)","LAB incumbent SALESA, Jennifer recontested (Stage51 continuation)",candidate_change; boundary_change,no,,no,,,,,,,,,,,,,
nz-general-2023-electorate-38,2023,Papakura,"COLLINS, Judith Anne (National Party, 2020)","COLLINS, Judith Anne","KANONGATA'A, Anahila Lose","HARVEY, Katherine Jane (Vision New Zealand); KERR, Karin (Independent); KOUKA, Donna (New Zealand Loyal); McCORMICK, Michael Andrew (ACT New Zealand); MONDS, Robert Daniel (New Zealand First Party)","dominant predecessor Papakura (2020); 1 predecessor(s); target electors from it 100.0%; its electors retained 100.0%; tier exact (electoral-population bounds, not ballots)","NAT incumbent COLLINS, Judith Anne recontested (Stage51 continuation)",candidate_change; boundary_change,no,,no,,,,,,,,,,,,,
nz-general-2023-electorate-40,2023,Rangitata,"LUXTON, Jo-Anne Marie (Labour Party, 2020)","MEAGER, James Rawiri","LUXTON, Jo-Anne Marie","BALLANTYNE, Robert Andrew (New Zealand First Party); CLARKSON, Michael David (Rock the Vote NZ); GILCHRIST, Barbara (Green Party); SHEARER, Wayne (New Zealand Loyal); THOMAS, Karl Raymond (New Conservatives); Van AMERSFOORT, Adolf Pieter (New Nation Party)","dominant predecessor Rangitata (2020); 1 predecessor(s); target electors from it 100.0%; its electors retained 100.0%; tier exact (electoral-population bounds, not ballots)","LAB incumbent LUXTON, Jo-Anne Marie recontested (Stage51 continuation)",candidate_change; boundary_change,no,,no,,,,,,,,,,,,,
nz-general-2023-electorate-41,2023,Rangitīkei,"McKELVIE, Ian Robert Flockhart (National Party, 2020)","REDMAYNE, Susan (Suze) Emma Dossor","BUTT, Zulfiqar","HOGGARD, Andrew John (ACT New Zealand); LONG, Bernard John (Green Party); VERMEULEN, Wilhelmina Jannetje (New Zealand First Party)","dominant predecessor Rangitīkei (2020); 1 predecessor(s); target electors from it 100.0%; its electors retained 100.0%; tier exact (electoral-population bounds, not ballots)","NAT retirement: McKELVIE, Ian Robert Flockhart -> REDMAYNE, Susan (Suze) Emma Dossor",candidate_change; boundary_change,yes,Stage51 documented incumbent-party candidate change (see candidate_change_evidence),no,,,,,,,,,,,,,
nz-general-2023-electorate-42,2023,Remutaka,"HIPKINS, Christopher John (Labour Party, 2020)","CHATTERTON, Emma May","HIPKINS, Christopher John","HURLE, Michael Stennett (ACT New Zealand); NORTON, Christopher Bruce (Green Party); PITIROI, Anthony (NewZeal); ROBERTSON, Heker Tony (Vision New Zealand)","dominant predecessor Remutaka (2020); 1 predecessor(s); target electors from it 100.0%; its electors retained 100.0%; tier exact (electoral-population bounds, not ballots)","LAB incumbent HIPKINS, Christopher John recontested (Stage51 continuation)",candidate_change; boundary_change,no,,no,,,,,,,,,,,,,
nz-general-2023-electorate-43,2023,Rongotai,"EAGLE, Tahere Paul (Labour Party, 2020)","MUTHU, Karunanidhi","FITZSIMONS, Fleur Ann","EMET, Atom (Animal Justice Party); GENTER, Julie Anne (Green Party); McDONALD, Donald S (Independent); McKEE, Nicole Raima (ACT New Zealand); MILLS, Geoffrey John (New Zealand First Party); ROA, Deanna Merania (Vision New Zealand); WELSH, Bruce (New Conservatives)","dominant predecessor Rongotai (2020); 1 predecessor(s); target electors from it 100.0%; its electors retained 100.0%; tier exact (electoral-population bounds, not ballots)","LAB retirement: EAGLE, Tahere Paul -> FITZSIMONS, Fleur Ann",candidate_change; boundary_change,yes,Stage51 documented incumbent-party candidate change (see candidate_change_evidence),no,,,,,,,,,,,,,
nz-general-2023-electorate-44,2023,Rotorua,"McCLAY, Todd Michael (National Party, 2020)","McCLAY, Todd Michael","SANDFORD, Ben","NAERA, Jonathan Tokitahi Croft (Independent); RAUKAWA-TAIT, Mary Gayle (Te Pāti Māori); ROZEBOOM, Marten (ACT New Zealand); VERCOE, Karri-Ann Alisa (NewZeal)","dominant predecessor Rotorua (2020); 1 predecessor(s); target electors from it 100.0%; its electors retained 100.0%; tier exact (electoral-population bounds, not ballots)","NAT incumbent McCLAY, Todd Michael recontested (Stage51 continuation)",candidate_change; boundary_change,no,,no,,,,,,,,,,,,,
nz-general-2023-electorate-45,2023,Selwyn,"GRIGG, Nicola Anna (National Party, 2020)","GRIGG, Nicola Anna","JONES, Luke","COULTER, Abraham Jesse (New Conservatives); COURTNEY, Logan (New Zealand Loyal); HARVEY, Ben William (ACT New Zealand)","dominant predecessor Selwyn (2020); 1 predecessor(s); target electors from it 100.0%; its electors retained 100.0%; tier exact (electoral-population bounds, not ballots)","NAT incumbent GRIGG, Nicola Anna recontested (Stage51 continuation)",candidate_change; boundary_change,no,,no,,,,,,,,,,,,,
nz-general-2023-electorate-46,2023,Southland,"MOONEY, Joseph (National Party, 2020)","MOONEY, Joseph","McCALLUM, Simon James Robertson","EVANS, Logan (New Zealand Loyal); GRUMBALL, Anntwinette Maree (Aotearoa Legalise Cannabis Party); KENNEDY, David John (Green Party); MACLEAN, Naomi (Vision New Zealand); STEPHENSON, Todd Michael (ACT New Zealand)","dominant predecessor Southland (2020); 1 predecessor(s); target electors from it 100.0%; its electors retained 100.0%; tier exact (electoral-population bounds, not ballots)","NAT incumbent MOONEY, Joseph recontested (Stage51 continuation)",candidate_change; boundary_change,no,,no,,,,,,,,,,,,,
nz-general-2023-electorate-47,2023,Taieri,"LEARY, Ingrid Marieke (Labour Party, 2020)","FRENCH, Matthew","LEARY, Ingrid","DONG, Changrong (Independent); GARDNER, Robert James McKinlay (Independent); MEFFAN, Burto Bruno (ACT New Zealand); PATTERSON, Mark (New Zealand First Party); ROBERTS, Frederick (New Zealand Loyal); WEBBER, David (Independent); WILLIS, Scott Matthew (Green Party)","dominant predecessor Taieri (2020); 1 predecessor(s); target electors from it 100.0%; its electors retained 100.0%; tier exact (electoral-population bounds, not ballots)","LAB incumbent LEARY, Ingrid Marieke recontested (Stage51 continuation)",candidate_change; boundary_change,no,,no,,,,,,,,,,,,,
nz-general-2023-electorate-48,2023,Takanini,"ASI TUIATAGA LEAVASA, Neru (Labour Party, 2020)","NAKHLE, Rima Jillian","LEAVASA, Anae Neru","AH CHEE, Raeburn Paul (ACT New Zealand); TULLOCH, Lynley Kim (Animal Justice Party)","dominant predecessor Takanini (2020); 1 predecessor(s); target electors from it 100.0%; its electors retained 100.0%; tier exact (electoral-population bounds, not ballots)","LAB incumbent ASI TUIATAGA LEAVASA, Neru recontested (Stage51 continuation)",candidate_change; boundary_change,no,,no,,,,,,,,,,,,,
nz-general-2023-electorate-49,2023,Tāmaki,"O'CONNOR, Simon (National Party, 2020)","O'CONNOR, Simon","SOLOMONE, Fesaitu Sarote","PERRATT, Anne (New Zealand Loyal); VAN VELDEN, Brooke (ACT New Zealand)","dominant predecessor Tāmaki (2020); 1 predecessor(s); target electors from it 100.0%; its electors retained 100.0%; tier exact (electoral-population bounds, not ballots)","NAT incumbent O'CONNOR, Simon recontested (Stage51 continuation)",candidate_change; boundary_change,no,,no,,,,,,,,,,,,,
nz-general-2023-electorate-50,2023,Taranaki-King Country,"KURIGER, Barbara Joan (National Party, 2020)","KURIGER, Barbara Joan","ROBERTS, Angela","BURR, William Bruce (Independent); RAISON, Daryl Morice William (Vision New Zealand)","dominant predecessor Taranaki-King Country (2020); 1 predecessor(s); target electors from it 100.0%; its electors retained 100.0%; tier exact (electoral-population bounds, not ballots)","NAT incumbent KURIGER, Barbara Joan recontested (Stage51 continuation)",candidate_change; boundary_change,no,,no,,,,,,,,,,,,,
nz-general-2023-electorate-51,2023,Taupō,"UPSTON, Louise Claire (National Party, 2020)","UPSTON, Louise","AL-BUSTANJI, Ala' Mahmoud Salameh","COZENS, Zane (ACT New Zealand); O'CONNOR PATENA, George (Green Party); PEHI, Natalie Lynette (New Zealand First Party); WILSON, Gordon Ross (New Zealand Loyal)","dominant predecessor Taupō (2020); 1 predecessor(s); target electors from it 100.0%; its electors retained 100.0%; tier exact (electoral-population bounds, not ballots)","NAT incumbent UPSTON, Louise Claire recontested (Stage51 continuation)",candidate_change; boundary_change,no,,no,,,,,,,,,,,,,
nz-general-2023-electorate-52,2023,Tauranga,"BRIDGES, Simon (National Party, 2020)","UFFINDELL, Samuel Julian","TINETTI, Janette","BALDOCK, Larry (Independent); CROOKS, Justin Charles Fraser (Green Party); HARVEY, Erika (New Zealand First Party); LANGRIDGE, Jonathan Mark (New Conservatives); SAMUELS, Leon Wharewehe (Vision New Zealand); STOKMAN, Chelsea Jordan (Animal Justice Party); SYDNEY, Mikaere Taingahue (Te Pāti Māori); YOUNG, Christine Elizabeth (ACT New Zealand)","dominant predecessor Tauranga (2020); 1 predecessor(s); target electors from it 100.0%; its electors retained 100.0%; tier exact (electoral-population bounds, not ballots)","NAT by_election_succession: BRIDGES, Simon -> UFFINDELL, Samuel Julian [resignation_mid_term]",candidate_change; boundary_change,yes,Stage51 documented incumbent-party candidate change (see candidate_change_evidence),no,,,,,,,,,,,,,
nz-general-2023-electorate-53,2023,Te Atatū,"TWYFORD, Philip Stoner (Labour Party, 2020)","NICHOLAS, Angee","TWYFORD, Philip Stoner","COURT, Simon Thomas (ACT New Zealand); NEUMANN, Friederike Zooey (Green Party); PHILLIPS, Melanie Ann (Independent); TAMIHERE, John Henry (Te Pāti Māori)","dominant predecessor Te Atatū (2020); 1 predecessor(s); target electors from it 100.0%; its electors retained 100.0%; tier exact (electoral-population bounds, not ballots)","LAB incumbent TWYFORD, Philip Stoner recontested (Stage51 continuation)",candidate_change; boundary_change,no,,no,,,,,,,,,,,,,
nz-general-2023-electorate-54,2023,Tukituki,"LORCK, Anna Louise (Labour Party, 2020)","WEDD, Catherine","LORCK, Anna","DOUGLAS, Robert George (ACT New Zealand); HULMAN, Rob (New Zealand Loyal); MANNING, Romana (Marnz) (Aotearoa Legalise Cannabis Party); NGAHUKA, Michael Dane Joseph (Vision New Zealand); PETROWSKI, Melanie Lorraine (Independent); PONK, Michael (Independent); RATCLIFFE, Nicholas (Green Party); TOSH, Allister David (Future Youth Party)","dominant predecessor Tukituki (2020); 1 predecessor(s); target electors from it 100.0%; its electors retained 100.0%; tier exact (electoral-population bounds, not ballots)","LAB incumbent LORCK, Anna Louise recontested (Stage51 continuation)",candidate_change; boundary_change,no,,no,,,,,,,,,,,,,
nz-general-2023-electorate-55,2023,Upper Harbour,"WALTERS, Vanushi (Labour Party, 2020)","BREWER, Cameron Eric","WALTERS, Vanushi Sitanjali","CHHOUR, Karen Louise (ACT New Zealand); CORBETT, Anthony James (New Zealand Sovereignty Party); DOYLE, Timothea Rose (Green Party); NAVOT, Shai (The Opportunities Party (TOP)); NEWMAN, Christopher (New Zealand Loyal); SOARES, Bernadette (Vision New Zealand); WILSON, David Ashley (New Zealand First Party)","dominant predecessor Upper Harbour (2020); 1 predecessor(s); target electors from it 100.0%; its electors retained 100.0%; tier exact (electoral-population bounds, not ballots)","LAB incumbent WALTERS, Vanushi recontested (Stage51 continuation)",candidate_change; boundary_change,no,,no,,,,,,,,,,,,,
nz-general-2023-electorate-56,2023,Waikato,"VAN DE MOLEN, Timothy John (National Party, 2020)","VAN DE MOLEN, Timothy John","TOKO, Jamie","DORNAN, Lois Emere (Vision New Zealand); HUSBAND, Stuart Thomas (New Zealand First Party); OWEN, Megan (The Opportunities Party (TOP))","dominant predecessor Waikato (2020); 1 predecessor(s); target electors from it 100.0%; its electors retained 100.0%; tier exact (electoral-population bounds, not ballots)","NAT incumbent VAN DE MOLEN, Timothy John recontested (Stage51 continuation)",candidate_change; boundary_change,no,,no,,,,,,,,,,,,,
nz-general-2023-electorate-57,2023,Waimakariri,"DOOCEY, Matthew Maurice (National Party, 2020)","DOOCEY, Matthew Maurice","ROSEWARNE, Daniel Peter","BAKER, Leighton (Leighton Baker Party); CAMPBELL, Ross Eric (ACT New Zealand); MALCOLM, Gordon (DemocracyNZ)","dominant predecessor Waimakariri (2020); 1 predecessor(s); target electors from it 100.0%; its electors retained 100.0%; tier exact (electoral-population bounds, not ballots)","NAT incumbent DOOCEY, Matthew Maurice recontested (Stage51 continuation)",candidate_change; boundary_change,no,,no,,,,,,,,,,,,,
nz-general-2023-electorate-58,2023,Wairarapa,"McANULTY, Kieran Michael (Labour Party, 2020)","BUTTERICK, Michael","McANULTY, Kieran Michael","ARNOTT, Peter Rex (New Zealand Loyal); CASEY, Simon Francis (ACT New Zealand); GARDNER, Jared Warren (Independent); WADE-BROWN, Celia (Green Party); WAIKARE, Te Whakapono (Te Pāti Māori)","dominant predecessor Wairarapa (2020); 1 predecessor(s); target electors from it 100.0%; its electors retained 100.0%; tier exact (electoral-population bounds, not ballots)","LAB incumbent McANULTY, Kieran Michael recontested (Stage51 continuation)",candidate_change; boundary_change,no,,no,,,,,,,,,,,,,
nz-general-2023-electorate-59,2023,Waitaki,"DEAN, Jacqueline Isobel (National Party, 2020)","ANDERSON, Miles John","REILLE, Ethan","BAILEY, Raymond Samuel (New Zealand Loyal); BEAMISH, Sean Michael (ACT New Zealand); HANSEN, Pleasance (Green Party); ODERING, Anthony Vickers (New Zealand First Party); SHAND, Daniel (Independent); SMALL, Roger (DemocracyNZ)","dominant predecessor Waitaki (2020); 1 predecessor(s); target electors from it 100.0%; its electors retained 100.0%; tier exact (electoral-population bounds, not ballots)","NAT retirement: DEAN, Jacqueline Isobel -> ANDERSON, Miles John",candidate_change; boundary_change,yes,Stage51 documented incumbent-party candidate change (see candidate_change_evidence),no,,,,,,,,,,,,,
nz-general-2023-electorate-60,2023,Wellington Central,"ROBERTSON, Grant Murray (Labour Party, 2020)","SHEERAN, Scott","OMER, Ibrahim","ALBERT, Natalia (The Opportunities Party (TOP)); APPLEBY, Michael George (Aotearoa Legalise Cannabis Party); ARNEIL, Taylor Russell (New Zealand First Party); BAINS, Bherminder Singh (Independent); FRANKS, Don (Workers Now); GEIRINGER, Karl Thomas (Independent); GORDON, Christopher David (Animal Justice Party); LIM, Meg (Vision New Zealand); PAUL, Tamatha-Kaye Erin (Green Party)","dominant predecessor Wellington Central (2020); 1 predecessor(s); target electors from it 100.0%; its electors retained 100.0%; tier exact (electoral-population bounds, not ballots)","LAB retirement: ROBERTSON, Grant Murray -> OMER, Ibrahim [list_only]",candidate_change; boundary_change,yes,Stage51 documented incumbent-party candidate change (see candidate_change_evidence),no,,,,,,,,,,,,,
nz-general-2023-electorate-61,2023,West Coast-Tasman,"O'CONNOR, Damien Peter (Labour Party, 2020)","PUGH, Maureen Helena","O'CONNOR, Damien","FARRELLY, Jacqueline Ann (New Zealand First Party); GREY, Susan Jane (NZ Outdoors & Freedom Party); LILLEY, Kelly Helena (ACT New Zealand); MARINKOVICH, Sebastian (New Zealand Loyal); OSMASTON, Richard Francis (Money Free Party NZ); PHELPS, Patrick (Independent); RICHARDS, Stephen Thomas (Green Party)","dominant predecessor West Coast-Tasman (2020); 1 predecessor(s); target electors from it 100.0%; its electors retained 100.0%; tier exact (electoral-population bounds, not ballots)","LAB incumbent O'CONNOR, Damien Peter recontested (Stage51 continuation)",candidate_change; boundary_change,no,,no,,,,,,,,,,,,,
nz-general-2023-electorate-62,2023,Whanganui,"LEWIS CARR, Stephanie (Labour Party, 2020)","BATES, Carl Michael","LEWIS CARR, Stephanie Ann","ARNOLD, William James (New Zealand First Party); DREDGE, Craig (ACT New Zealand); KYLE, Sandra (Animal Justice Party); SANSON, Marion (Green Party)","dominant predecessor Whanganui (2020); 1 predecessor(s); target electors from it 100.0%; its electors retained 100.0%; tier exact (electoral-population bounds, not ballots)","LAB incumbent LEWIS CARR, Stephanie recontested (Stage51 continuation)",candidate_change; boundary_change,no,,no,,,,,,,,,,,,,
nz-general-2023-electorate-63,2023,Whangaparāoa,"MITCHELL, Mark Patrick (National Party, 2020)","MITCHELL, Mark","MULLER PALLARÈS, Estefania Ailsa","ANGELO, Simon (ACT New Zealand); LAYBOURN, Craig (DemocracyNZ); NEWMAN, Lorraine Yvonne (Green Party); WILSON, Jeanette (New Zealand Loyal)","dominant predecessor Whangaparāoa (2020); 1 predecessor(s); target electors from it 100.0%; its electors retained 100.0%; tier exact (electoral-population bounds, not ballots)","NAT incumbent MITCHELL, Mark Patrick recontested (Stage51 continuation)",candidate_change; boundary_change,no,,no,,,,,,,,,,,,,
nz-general-2023-electorate-64,2023,Whangārei,"HENDERSON, Lorenza Emily Preston (Labour Party, 2020)","RETI, Shane Raymond","CLARK, Angela Maree","ANDREWS, Janita (New Zealand Loyal); BAZELEY, Rick (Green Party); BENNEY, Gavin John (New Zealand First Party); BRETHERTON, Susan Jane (ACT New Zealand); BURGESS, Diana (DemocracyNZ); de JONGE, Jennifer (Aotearoa Legalise Cannabis Party); GREEN, Fiona Elizabeth Mary (Independent); KAPA-KINGI, Eru (Te Pāti Māori)","dominant predecessor Whangārei (2020); 1 predecessor(s); target electors from it 100.0%; its electors retained 100.0%; tier exact (electoral-population bounds, not ballots)","LAB retirement: HENDERSON, Lorenza Emily Preston -> CLARK, Angela Maree",candidate_change; boundary_change,yes,Stage51 documented incumbent-party candidate change (see candidate_change_evidence),no,,,,,,,,,,,,,
nz-general-2023-electorate-65,2023,Wigram,"WOODS, Megan Cherie (Labour Party, 2020)","SUMMERFIELD, Tracy Sheree","WOODS, Megan Cherie","ANDERSON, Blair John (Aotearoa Legalise Cannabis Party); CULLIMORE, Debra Marie (Leighton Baker Party); HANSEN, Christopher Michael (Economic Euthenics); McTAGUE, Geoffrey William (Independent); NANDWANI-LYNN, Ankita (ACT New Zealand); THOMSON, Wiremu Li-An James (Independent); VAN DUIVENBODEN, Christine Sue (New Zealand Loyal); WESLEY, Richard (Green Party)","dominant predecessor Wigram (2020); 1 predecessor(s); target electors from it 100.0%; its electors retained 100.0%; tier exact (electoral-population bounds, not ballots)","LAB incumbent WOODS, Megan Cherie recontested (Stage51 continuation)",candidate_change; boundary_change,no,,no,,,,,,,,,,,,,
